sample_id,y_true,repeat_seed,fold,model_name,prob_ati
bkbc_1,1,42,1,xgb_fs1,0.8916481733322144
bkbc_2,1,42,1,xgb_fs1,0.9286689162254333
bkbc_9,0,42,1,xgb_fs1,0.5544105768203735
bkbc_31,0,42,1,xgb_fs1,0.23067258298397064
bkbc_35,0,42,1,xgb_fs1,0.24797680974006653
bkbc_40,0,42,1,xgb_fs1,0.2829129099845886
bkbc_42,1,42,1,xgb_fs1,0.9623042345046997
bkbc_61,1,42,1,xgb_fs1,0.20236214995384216
bkbc_63,0,42,1,xgb_fs1,0.5839664340019226
bkbc_66,1,42,1,xgb_fs1,0.62000572681427
bkbc_71,0,42,1,xgb_fs1,0.13911789655685425
bkbc_85,0,42,1,xgb_fs1,0.2921660840511322
bkbc_87,0,42,1,xgb_fs1,0.4326480031013489
bkbc_90,0,42,1,xgb_fs1,0.15094541013240814
bkbc_91,0,42,1,xgb_fs1,0.27274951338768005
bkbc_92,1,42,1,xgb_fs1,0.5561440587043762
bkbc_93,0,42,1,xgb_fs1,0.4226416349411011
bkbc_94,1,42,1,xgb_fs1,0.738740086555481
bkbc_99,1,42,1,xgb_fs1,0.3260766565799713
bkbc_100,1,42,1,xgb_fs1,0.7829111218452454
bkbc_101,0,42,1,xgb_fs1,0.21400344371795654
bkbc_102,0,42,1,xgb_fs1,0.25515371561050415
bkbc_103,0,42,1,xgb_fs1,0.2966184616088867
bkbc_104,0,42,1,xgb_fs1,0.18665651977062225
bkbc_111,1,42,1,xgb_fs1,0.36538583040237427
bkbc_119,0,42,1,xgb_fs1,0.13086213171482086
bkbc_125,0,42,1,xgb_fs1,0.1770733892917633
bkbc_128,1,42,1,xgb_fs1,0.6381098628044128
bkbc_132,0,42,1,xgb_fs1,0.2588231861591339
bkbc_133,1,42,1,xgb_fs1,0.5046690106391907
bkbc_134,1,42,1,xgb_fs1,0.3824296295642853
bkbc_149,0,42,1,xgb_fs1,0.878357470035553
bkbc_160,1,42,1,xgb_fs1,0.8438977003097534
bkbc_161,0,42,1,xgb_fs1,0.15672801434993744
bkbc_162,0,42,1,xgb_fs1,0.11083568632602692
bkbc_169,1,42,1,xgb_fs1,0.6677147150039673
bkbc_170,0,42,1,xgb_fs1,0.3862135410308838
bkbc_181,1,42,1,xgb_fs1,0.29709136486053467
bkbc_186,1,42,1,xgb_fs1,0.4415970742702484
bkbc_190,0,42,1,xgb_fs1,0.1520269811153412
bkbc_191,0,42,1,xgb_fs1,0.1819753646850586
bkbc_194,1,42,1,xgb_fs1,0.25324517488479614
bkbc_197,0,42,1,xgb_fs1,0.12470467388629913
bkbc_198,1,42,1,xgb_fs1,0.4085434377193451
bkbc_201,1,42,1,xgb_fs1,0.21514615416526794
bkbc_202,1,42,1,xgb_fs1,0.7895071506500244
bkbc_204,0,42,1,xgb_fs1,0.177774116396904
bkbc_205,1,42,1,xgb_fs1,0.5708264708518982
bkbc_208,0,42,1,xgb_fs1,0.535768985748291
bkbc_209,0,42,1,xgb_fs1,0.22240227460861206
bkbc_210,1,42,1,xgb_fs1,0.818652868270874
bkbc_211,0,42,1,xgb_fs1,0.21731145679950714
bkbc_221,0,42,1,xgb_fs1,0.26894205808639526
bkbc_224,1,42,1,xgb_fs1,0.957389771938324
bkbc_226,0,42,1,xgb_fs1,0.11708329617977142
bkbc_233,0,42,1,xgb_fs1,0.20643630623817444
bkbc_234,0,42,1,xgb_fs1,0.43293431401252747
bkbc_236,1,42,1,xgb_fs1,0.6460179090499878
bkbc_246,0,42,1,xgb_fs1,0.47144386172294617
bkbc_252,1,42,1,xgb_fs1,0.47375819087028503
bkbc_260,0,42,1,xgb_fs1,0.5513314008712769
bkbc_261,0,42,1,xgb_fs1,0.28644004464149475
bkbc_266,1,42,1,xgb_fs1,0.8218415379524231
bkbc_267,1,42,1,xgb_fs1,0.594257652759552
bkbc_276,1,42,1,xgb_fs1,0.5630475878715515
bkbc_296,0,42,1,xgb_fs1,0.2144901305437088
bkbc_298,1,42,1,xgb_fs1,0.11484671384096146
bkbc_301,0,42,1,xgb_fs1,0.381365567445755
bkbc_305,0,42,1,xgb_fs1,0.2954738438129425
bkbc_315,0,42,1,xgb_fs1,0.5122696757316589
bkbc_319,0,42,1,xgb_fs1,0.10840991884469986
bkbc_323,1,42,1,xgb_fs1,0.4505264461040497
bkbc_324,1,42,1,xgb_fs1,0.1649102419614792
bkbc_331,0,42,1,xgb_fs1,0.4930320978164673
bkbc_333,1,42,1,xgb_fs1,0.9027143716812134
bkbc_334,1,42,1,xgb_fs1,0.6551885008811951
bkbc_340,0,42,1,xgb_fs1,0.2610294818878174
bkbc_345,1,42,1,xgb_fs1,0.6724230647087097
bkbc_365,0,42,1,xgb_fs1,0.11378560215234756
bkbc_370,1,42,1,xgb_fs1,0.7521244287490845
bkbc_386,0,42,1,xgb_fs1,0.7666478157043457
bkbc_387,1,42,1,xgb_fs1,0.4898380637168884
bkbc_389,0,42,1,xgb_fs1,0.20816515386104584
bkbc_391,1,42,1,xgb_fs1,0.9632481932640076
bkbc_407,1,42,1,xgb_fs1,0.8689078092575073
bkbc_417,1,42,1,xgb_fs1,0.3092912435531616
bkbc_1,1,42,1,xgb_fs2,0.8801498413085938
bkbc_2,1,42,1,xgb_fs2,0.891416609287262
bkbc_9,0,42,1,xgb_fs2,0.49869081377983093
bkbc_31,0,42,1,xgb_fs2,0.2723805010318756
bkbc_35,0,42,1,xgb_fs2,0.286494642496109
bkbc_40,0,42,1,xgb_fs2,0.44324278831481934
bkbc_42,1,42,1,xgb_fs2,0.8468189239501953
bkbc_61,1,42,1,xgb_fs2,0.21267901360988617
bkbc_63,0,42,1,xgb_fs2,0.5967411994934082
bkbc_66,1,42,1,xgb_fs2,0.5020673274993896
bkbc_71,0,42,1,xgb_fs2,0.1909206062555313
bkbc_85,0,42,1,xgb_fs2,0.24005085229873657
bkbc_87,0,42,1,xgb_fs2,0.4599354565143585
bkbc_90,0,42,1,xgb_fs2,0.20110878348350525
bkbc_91,0,42,1,xgb_fs2,0.33875879645347595
bkbc_92,1,42,1,xgb_fs2,0.48687922954559326
bkbc_93,0,42,1,xgb_fs2,0.42828020453453064
bkbc_94,1,42,1,xgb_fs2,0.6706677675247192
bkbc_99,1,42,1,xgb_fs2,0.33923032879829407
bkbc_100,1,42,1,xgb_fs2,0.7424024939537048
bkbc_101,0,42,1,xgb_fs2,0.22190356254577637
bkbc_102,0,42,1,xgb_fs2,0.34747084975242615
bkbc_103,0,42,1,xgb_fs2,0.37787625193595886
bkbc_104,0,42,1,xgb_fs2,0.16892917454242706
bkbc_111,1,42,1,xgb_fs2,0.2671121656894684
bkbc_119,0,42,1,xgb_fs2,0.18139111995697021
bkbc_125,0,42,1,xgb_fs2,0.3001837432384491
bkbc_128,1,42,1,xgb_fs2,0.4293133616447449
bkbc_132,0,42,1,xgb_fs2,0.2730182409286499
bkbc_133,1,42,1,xgb_fs2,0.6275588274002075
bkbc_134,1,42,1,xgb_fs2,0.2991854250431061
bkbc_149,0,42,1,xgb_fs2,0.8757864236831665
bkbc_160,1,42,1,xgb_fs2,0.8415668606758118
bkbc_161,0,42,1,xgb_fs2,0.23050406575202942
bkbc_162,0,42,1,xgb_fs2,0.15353086590766907
bkbc_169,1,42,1,xgb_fs2,0.7613461017608643
bkbc_170,0,42,1,xgb_fs2,0.6182458996772766
bkbc_181,1,42,1,xgb_fs2,0.2616100609302521
bkbc_186,1,42,1,xgb_fs2,0.3361615538597107
bkbc_190,0,42,1,xgb_fs2,0.18360266089439392
bkbc_191,0,42,1,xgb_fs2,0.2737877070903778
bkbc_194,1,42,1,xgb_fs2,0.3936600685119629
bkbc_197,0,42,1,xgb_fs2,0.18607455492019653
bkbc_198,1,42,1,xgb_fs2,0.26538270711898804
bkbc_201,1,42,1,xgb_fs2,0.2316206842660904
bkbc_202,1,42,1,xgb_fs2,0.7917445302009583
bkbc_204,0,42,1,xgb_fs2,0.26404181122779846
bkbc_205,1,42,1,xgb_fs2,0.46669429540634155
bkbc_208,0,42,1,xgb_fs2,0.5626014471054077
bkbc_209,0,42,1,xgb_fs2,0.17931360006332397
bkbc_210,1,42,1,xgb_fs2,0.7352067232131958
bkbc_211,0,42,1,xgb_fs2,0.26107409596443176
bkbc_221,0,42,1,xgb_fs2,0.23778694868087769
bkbc_224,1,42,1,xgb_fs2,0.8951170444488525
bkbc_226,0,42,1,xgb_fs2,0.141767218708992
bkbc_233,0,42,1,xgb_fs2,0.2897229492664337
bkbc_234,0,42,1,xgb_fs2,0.3047734498977661
bkbc_236,1,42,1,xgb_fs2,0.5972276926040649
bkbc_246,0,42,1,xgb_fs2,0.5380773544311523
bkbc_252,1,42,1,xgb_fs2,0.5172068476676941
bkbc_260,0,42,1,xgb_fs2,0.39956963062286377
bkbc_261,0,42,1,xgb_fs2,0.33557823300361633
bkbc_266,1,42,1,xgb_fs2,0.8149504661560059
bkbc_267,1,42,1,xgb_fs2,0.5896667242050171
bkbc_276,1,42,1,xgb_fs2,0.5459884405136108
bkbc_296,0,42,1,xgb_fs2,0.34546104073524475
bkbc_298,1,42,1,xgb_fs2,0.1672297865152359
bkbc_301,0,42,1,xgb_fs2,0.3291052579879761
bkbc_305,0,42,1,xgb_fs2,0.21698938310146332
bkbc_315,0,42,1,xgb_fs2,0.4378295838832855
bkbc_319,0,42,1,xgb_fs2,0.17698349058628082
bkbc_323,1,42,1,xgb_fs2,0.4816431999206543
bkbc_324,1,42,1,xgb_fs2,0.19082441926002502
bkbc_331,0,42,1,xgb_fs2,0.264972984790802
bkbc_333,1,42,1,xgb_fs2,0.9000577330589294
bkbc_334,1,42,1,xgb_fs2,0.7087002396583557
bkbc_340,0,42,1,xgb_fs2,0.3151716887950897
bkbc_345,1,42,1,xgb_fs2,0.5437290668487549
bkbc_365,0,42,1,xgb_fs2,0.18260303139686584
bkbc_370,1,42,1,xgb_fs2,0.6523717045783997
bkbc_386,0,42,1,xgb_fs2,0.812421977519989
bkbc_387,1,42,1,xgb_fs2,0.5830078125
bkbc_389,0,42,1,xgb_fs2,0.2043507844209671
bkbc_391,1,42,1,xgb_fs2,0.8869332671165466
bkbc_407,1,42,1,xgb_fs2,0.8271664977073669
bkbc_417,1,42,1,xgb_fs2,0.33814772963523865
bkbc_1,1,42,1,xgb_fs3,0.8189549446105957
bkbc_2,1,42,1,xgb_fs3,0.8395363092422485
bkbc_9,0,42,1,xgb_fs3,0.5004685521125793
bkbc_31,0,42,1,xgb_fs3,0.31539487838745117
bkbc_35,0,42,1,xgb_fs3,0.2948310673236847
bkbc_40,0,42,1,xgb_fs3,0.4756133258342743
bkbc_42,1,42,1,xgb_fs3,0.7863903045654297
bkbc_61,1,42,1,xgb_fs3,0.3265460729598999
bkbc_63,0,42,1,xgb_fs3,0.526658296585083
bkbc_66,1,42,1,xgb_fs3,0.5277140140533447
bkbc_71,0,42,1,xgb_fs3,0.2512950003147125
bkbc_85,0,42,1,xgb_fs3,0.326467365026474
bkbc_87,0,42,1,xgb_fs3,0.47764185070991516
bkbc_90,0,42,1,xgb_fs3,0.3353683650493622
bkbc_91,0,42,1,xgb_fs3,0.30158093571662903
bkbc_92,1,42,1,xgb_fs3,0.45762941241264343
bkbc_93,0,42,1,xgb_fs3,0.3743353486061096
bkbc_94,1,42,1,xgb_fs3,0.6843785047531128
bkbc_99,1,42,1,xgb_fs3,0.27106207609176636
bkbc_100,1,42,1,xgb_fs3,0.7137850522994995
bkbc_101,0,42,1,xgb_fs3,0.31565067172050476
bkbc_102,0,42,1,xgb_fs3,0.37214353680610657
bkbc_103,0,42,1,xgb_fs3,0.41857069730758667
bkbc_104,0,42,1,xgb_fs3,0.2318350225687027
bkbc_111,1,42,1,xgb_fs3,0.307388573884964
bkbc_119,0,42,1,xgb_fs3,0.24677631258964539
bkbc_125,0,42,1,xgb_fs3,0.2744854986667633
bkbc_128,1,42,1,xgb_fs3,0.4697100818157196
bkbc_132,0,42,1,xgb_fs3,0.2330736517906189
bkbc_133,1,42,1,xgb_fs3,0.587308943271637
bkbc_134,1,42,1,xgb_fs3,0.33975571393966675
bkbc_149,0,42,1,xgb_fs3,0.8264592289924622
bkbc_160,1,42,1,xgb_fs3,0.8122492432594299
bkbc_161,0,42,1,xgb_fs3,0.2800491154193878
bkbc_162,0,42,1,xgb_fs3,0.2348223626613617
bkbc_169,1,42,1,xgb_fs3,0.7048714756965637
bkbc_170,0,42,1,xgb_fs3,0.618543803691864
bkbc_181,1,42,1,xgb_fs3,0.247543603181839
bkbc_186,1,42,1,xgb_fs3,0.35892370343208313
bkbc_190,0,42,1,xgb_fs3,0.19905291497707367
bkbc_191,0,42,1,xgb_fs3,0.3811645209789276
bkbc_194,1,42,1,xgb_fs3,0.48207542300224304
bkbc_197,0,42,1,xgb_fs3,0.20745928585529327
bkbc_198,1,42,1,xgb_fs3,0.3701004981994629
bkbc_201,1,42,1,xgb_fs3,0.22764576971530914
bkbc_202,1,42,1,xgb_fs3,0.7586562633514404
bkbc_204,0,42,1,xgb_fs3,0.21877577900886536
bkbc_205,1,42,1,xgb_fs3,0.44014835357666016
bkbc_208,0,42,1,xgb_fs3,0.6550097465515137
bkbc_209,0,42,1,xgb_fs3,0.1686658263206482
bkbc_210,1,42,1,xgb_fs3,0.7882969975471497
bkbc_211,0,42,1,xgb_fs3,0.33922669291496277
bkbc_221,0,42,1,xgb_fs3,0.34350934624671936
bkbc_224,1,42,1,xgb_fs3,0.8464662432670593
bkbc_226,0,42,1,xgb_fs3,0.19108669459819794
bkbc_233,0,42,1,xgb_fs3,0.3038555383682251
bkbc_234,0,42,1,xgb_fs3,0.28603848814964294
bkbc_236,1,42,1,xgb_fs3,0.4635353684425354
bkbc_246,0,42,1,xgb_fs3,0.5103033781051636
bkbc_252,1,42,1,xgb_fs3,0.4771626889705658
bkbc_260,0,42,1,xgb_fs3,0.4797801077365875
bkbc_261,0,42,1,xgb_fs3,0.2890911102294922
bkbc_266,1,42,1,xgb_fs3,0.7153587937355042
bkbc_267,1,42,1,xgb_fs3,0.5273786187171936
bkbc_276,1,42,1,xgb_fs3,0.6014829874038696
bkbc_296,0,42,1,xgb_fs3,0.3028504550457001
bkbc_298,1,42,1,xgb_fs3,0.19725078344345093
bkbc_301,0,42,1,xgb_fs3,0.41719523072242737
bkbc_305,0,42,1,xgb_fs3,0.2157115936279297
bkbc_315,0,42,1,xgb_fs3,0.5753892660140991
bkbc_319,0,42,1,xgb_fs3,0.28343039751052856
bkbc_323,1,42,1,xgb_fs3,0.5101761817932129
bkbc_324,1,42,1,xgb_fs3,0.18941351771354675
bkbc_331,0,42,1,xgb_fs3,0.3358790874481201
bkbc_333,1,42,1,xgb_fs3,0.8203861713409424
bkbc_334,1,42,1,xgb_fs3,0.6726207733154297
bkbc_340,0,42,1,xgb_fs3,0.3053600490093231
bkbc_345,1,42,1,xgb_fs3,0.4615403115749359
bkbc_365,0,42,1,xgb_fs3,0.19839909672737122
bkbc_370,1,42,1,xgb_fs3,0.5607691407203674
bkbc_386,0,42,1,xgb_fs3,0.7370384931564331
bkbc_387,1,42,1,xgb_fs3,0.45789584517478943
bkbc_389,0,42,1,xgb_fs3,0.21493422985076904
bkbc_391,1,42,1,xgb_fs3,0.8441788554191589
bkbc_407,1,42,1,xgb_fs3,0.7874457836151123
bkbc_417,1,42,1,xgb_fs3,0.39680805802345276
bkbc_1,1,42,1,elastic_fs2,0.9417967128427693
bkbc_2,1,42,1,elastic_fs2,0.9381390432363863
bkbc_9,0,42,1,elastic_fs2,0.3971107687748507
bkbc_31,0,42,1,elastic_fs2,0.3137393075231919
bkbc_35,0,42,1,elastic_fs2,0.23170136659002966
bkbc_40,0,42,1,elastic_fs2,0.45998728950473206
bkbc_42,1,42,1,elastic_fs2,0.7760793565431351
bkbc_61,1,42,1,elastic_fs2,0.2935171462810124
bkbc_63,0,42,1,elastic_fs2,0.6135638958300041
bkbc_66,1,42,1,elastic_fs2,0.5519410504124779
bkbc_71,0,42,1,elastic_fs2,0.25199040021843483
bkbc_85,0,42,1,elastic_fs2,0.4765019192745762
bkbc_87,0,42,1,elastic_fs2,0.5062917274712997
bkbc_90,0,42,1,elastic_fs2,0.2625854537976072
bkbc_91,0,42,1,elastic_fs2,0.4842171263405396
bkbc_92,1,42,1,elastic_fs2,0.5671772568665998
bkbc_93,0,42,1,elastic_fs2,0.5368329226157607
bkbc_94,1,42,1,elastic_fs2,0.674666685358287
bkbc_99,1,42,1,elastic_fs2,0.41843184107789666
bkbc_100,1,42,1,elastic_fs2,0.6642694183284413
bkbc_101,0,42,1,elastic_fs2,0.3657921450927928
bkbc_102,0,42,1,elastic_fs2,0.49231693053413195
bkbc_103,0,42,1,elastic_fs2,0.43021486041042745
bkbc_104,0,42,1,elastic_fs2,0.3036287596969301
bkbc_111,1,42,1,elastic_fs2,0.3579287885706796
bkbc_119,0,42,1,elastic_fs2,0.17649560806313166
bkbc_125,0,42,1,elastic_fs2,0.36008952077748313
bkbc_128,1,42,1,elastic_fs2,0.40723533830412617
bkbc_132,0,42,1,elastic_fs2,0.16686657403996313
bkbc_133,1,42,1,elastic_fs2,0.5368116586239498
bkbc_134,1,42,1,elastic_fs2,0.43308668342605794
bkbc_149,0,42,1,elastic_fs2,0.8316521884183481
bkbc_160,1,42,1,elastic_fs2,0.8039465811145151
bkbc_161,0,42,1,elastic_fs2,0.31664454017407223
bkbc_162,0,42,1,elastic_fs2,0.1746361960877781
bkbc_169,1,42,1,elastic_fs2,0.7927991779282416
bkbc_170,0,42,1,elastic_fs2,0.6276758710191314
bkbc_181,1,42,1,elastic_fs2,0.31105525799290634
bkbc_186,1,42,1,elastic_fs2,0.4317282768600085
bkbc_190,0,42,1,elastic_fs2,0.2607997034994828
bkbc_191,0,42,1,elastic_fs2,0.33731797427167876
bkbc_194,1,42,1,elastic_fs2,0.45656826157786273
bkbc_197,0,42,1,elastic_fs2,0.25113438875325916
bkbc_198,1,42,1,elastic_fs2,0.3605259573043867
bkbc_201,1,42,1,elastic_fs2,0.27159982459091403
bkbc_202,1,42,1,elastic_fs2,0.6998088054205971
bkbc_204,0,42,1,elastic_fs2,0.27655616422416196
bkbc_205,1,42,1,elastic_fs2,0.4450501210892864
bkbc_208,0,42,1,elastic_fs2,0.6335315939459848
bkbc_209,0,42,1,elastic_fs2,0.13464805299044827
bkbc_210,1,42,1,elastic_fs2,0.8201839589146387
bkbc_211,0,42,1,elastic_fs2,0.220662864224205
bkbc_221,0,42,1,elastic_fs2,0.28387225926205323
bkbc_224,1,42,1,elastic_fs2,0.8830682616184935
bkbc_226,0,42,1,elastic_fs2,0.22640213908128737
bkbc_233,0,42,1,elastic_fs2,0.234409474992881
bkbc_234,0,42,1,elastic_fs2,0.41905022426135835
bkbc_236,1,42,1,elastic_fs2,0.5491015720996022
bkbc_246,0,42,1,elastic_fs2,0.5002758734040151
bkbc_252,1,42,1,elastic_fs2,0.42769929247132127
bkbc_260,0,42,1,elastic_fs2,0.5344841014495926
bkbc_261,0,42,1,elastic_fs2,0.32832620985707317
bkbc_266,1,42,1,elastic_fs2,0.7969364167640487
bkbc_267,1,42,1,elastic_fs2,0.6942955860833754
bkbc_276,1,42,1,elastic_fs2,0.5434013453821602
bkbc_296,0,42,1,elastic_fs2,0.28066491605787497
bkbc_298,1,42,1,elastic_fs2,0.14061407119824532
bkbc_301,0,42,1,elastic_fs2,0.4647610206649248
bkbc_305,0,42,1,elastic_fs2,0.22772465580032217
bkbc_315,0,42,1,elastic_fs2,0.6019792654805253
bkbc_319,0,42,1,elastic_fs2,0.2823652815053091
bkbc_323,1,42,1,elastic_fs2,0.5339841229940029
bkbc_324,1,42,1,elastic_fs2,0.21407303743503292
bkbc_331,0,42,1,elastic_fs2,0.18451516298363507
bkbc_333,1,42,1,elastic_fs2,0.8113165041655707
bkbc_334,1,42,1,elastic_fs2,0.6659081762130593
bkbc_340,0,42,1,elastic_fs2,0.24960253231135412
bkbc_345,1,42,1,elastic_fs2,0.4910004705221674
bkbc_365,0,42,1,elastic_fs2,0.23119520186320863
bkbc_370,1,42,1,elastic_fs2,0.641390244954029
bkbc_386,0,42,1,elastic_fs2,0.6946852572645462
bkbc_387,1,42,1,elastic_fs2,0.5320400660577712
bkbc_389,0,42,1,elastic_fs2,0.2805052650391842
bkbc_391,1,42,1,elastic_fs2,0.7950384270159028
bkbc_407,1,42,1,elastic_fs2,0.8133508091166899
bkbc_417,1,42,1,elastic_fs2,0.42297908999297446
bkbc_1,1,42,1,egfr_only_lr,0.7307180675934027
bkbc_2,1,42,1,egfr_only_lr,0.735559014959386
bkbc_9,0,42,1,egfr_only_lr,0.5636411242228653
bkbc_31,0,42,1,egfr_only_lr,0.2178623776695458
bkbc_35,0,42,1,egfr_only_lr,0.2178623776695458
bkbc_40,0,42,1,egfr_only_lr,0.4959426319814285
bkbc_42,1,42,1,egfr_only_lr,0.7056914620641638
bkbc_61,1,42,1,egfr_only_lr,0.17863751469329237
bkbc_63,0,42,1,egfr_only_lr,0.5937940089169998
bkbc_66,1,42,1,egfr_only_lr,0.5021284972978804
bkbc_71,0,42,1,egfr_only_lr,0.14516412120254338
bkbc_85,0,42,1,egfr_only_lr,0.23519756750158344
bkbc_87,0,42,1,egfr_only_lr,0.5937940089169998
bkbc_90,0,42,1,egfr_only_lr,0.1170690349052065
bkbc_91,0,42,1,egfr_only_lr,0.5937940089169998
bkbc_92,1,42,1,egfr_only_lr,0.5453056735664209
bkbc_93,0,42,1,egfr_only_lr,0.5391639239227912
bkbc_94,1,42,1,egfr_only_lr,0.6174284627010523
bkbc_99,1,42,1,egfr_only_lr,0.3577050600495709
bkbc_100,1,42,1,egfr_only_lr,0.6684853258745016
bkbc_101,0,42,1,egfr_only_lr,0.42234452022143515
bkbc_102,0,42,1,egfr_only_lr,0.25346510635907343
bkbc_103,0,42,1,egfr_only_lr,0.4589195523720967
bkbc_104,0,42,1,egfr_only_lr,0.23519756750158344
bkbc_111,1,42,1,egfr_only_lr,0.5453056735664209
bkbc_119,0,42,1,egfr_only_lr,0.18229700000029436
bkbc_125,0,42,1,egfr_only_lr,0.3577050600495709
bkbc_128,1,42,1,egfr_only_lr,0.6629790959723212
bkbc_132,0,42,1,egfr_only_lr,0.12228200322187611
bkbc_133,1,42,1,egfr_only_lr,0.5206746168879252
bkbc_134,1,42,1,egfr_only_lr,0.4650696995468888
bkbc_149,0,42,1,egfr_only_lr,0.7208699733661442
bkbc_160,1,42,1,egfr_only_lr,0.7005263578259432
bkbc_161,0,42,1,egfr_only_lr,0.5757719427157251
bkbc_162,0,42,1,egfr_only_lr,0.1578824229255071
bkbc_169,1,42,1,egfr_only_lr,0.48975800853661766
bkbc_170,0,42,1,egfr_only_lr,0.6793595488342625
bkbc_181,1,42,1,egfr_only_lr,0.33529907904709644
bkbc_186,1,42,1,egfr_only_lr,0.42234452022143515
bkbc_190,0,42,1,egfr_only_lr,0.40434627747313273
bkbc_191,0,42,1,egfr_only_lr,0.48357651883262565
bkbc_194,1,42,1,egfr_only_lr,0.38075064565399624
bkbc_197,0,42,1,egfr_only_lr,0.3136112997478179
bkbc_198,1,42,1,egfr_only_lr,0.6174284627010523
bkbc_201,1,42,1,egfr_only_lr,0.5391639239227912
bkbc_202,1,42,1,egfr_only_lr,0.7056914620641638
bkbc_204,0,42,1,egfr_only_lr,0.13330816479522048
bkbc_205,1,42,1,egfr_only_lr,0.6290480926826492
bkbc_208,0,42,1,egfr_only_lr,0.6574282782197775
bkbc_209,0,42,1,egfr_only_lr,0.18229700000029436
bkbc_210,1,42,1,egfr_only_lr,0.7108042585411875
bkbc_211,0,42,1,egfr_only_lr,0.168004336011205
bkbc_221,0,42,1,egfr_only_lr,0.1645740203180377
bkbc_224,1,42,1,egfr_only_lr,0.7158639966360351
bkbc_226,0,42,1,egfr_only_lr,0.4959426319814285
bkbc_233,0,42,1,egfr_only_lr,0.11965098989489577
bkbc_234,0,42,1,egfr_only_lr,0.5697169961801876
bkbc_236,1,42,1,egfr_only_lr,0.5818042281647506
bkbc_246,0,42,1,egfr_only_lr,0.5757719427157251
bkbc_252,1,42,1,egfr_only_lr,0.4774000509049931
bkbc_260,0,42,1,egfr_only_lr,0.5514336690655526
bkbc_261,0,42,1,egfr_only_lr,0.4589195523720967
bkbc_266,1,42,1,egfr_only_lr,0.6739458379940167
bkbc_267,1,42,1,egfr_only_lr,0.48357651883262565
bkbc_276,1,42,1,egfr_only_lr,0.6461976276771878
bkbc_296,0,42,1,egfr_only_lr,0.42234452022143515
bkbc_298,1,42,1,egfr_only_lr,0.36915325442658464
bkbc_301,0,42,1,egfr_only_lr,0.6056730216100366
bkbc_305,0,42,1,egfr_only_lr,0.14826166341287028
bkbc_315,0,42,1,egfr_only_lr,0.6461976276771878
bkbc_319,0,42,1,egfr_only_lr,0.0819317526300095
bkbc_323,1,42,1,egfr_only_lr,0.5083137110967557
bkbc_324,1,42,1,egfr_only_lr,0.2442157435841891
bkbc_331,0,42,1,egfr_only_lr,0.5083137110967557
bkbc_333,1,42,1,egfr_only_lr,0.6115669673537595
bkbc_334,1,42,1,egfr_only_lr,0.6847254217923211
bkbc_340,0,42,1,egfr_only_lr,0.38075064565399624
bkbc_345,1,42,1,egfr_only_lr,0.6684853258745016
bkbc_365,0,42,1,egfr_only_lr,0.34083611715655393
bkbc_370,1,42,1,egfr_only_lr,0.6290480926826492
bkbc_386,0,42,1,egfr_only_lr,0.48975800853661766
bkbc_387,1,42,1,egfr_only_lr,0.5818042281647506
bkbc_389,0,42,1,egfr_only_lr,0.5514336690655526
bkbc_391,1,42,1,egfr_only_lr,0.5391639239227912
bkbc_407,1,42,1,egfr_only_lr,0.7158639966360351
bkbc_417,1,42,1,egfr_only_lr,0.5330102598073155
bkbc_1,1,42,1,clinical_lr,0.6991260417624631
bkbc_2,1,42,1,clinical_lr,0.7210408877843836
bkbc_9,0,42,1,clinical_lr,0.5497514236154591
bkbc_31,0,42,1,clinical_lr,0.24256498992978262
bkbc_35,0,42,1,clinical_lr,0.22316725400613388
bkbc_40,0,42,1,clinical_lr,0.5134527266562802
bkbc_42,1,42,1,clinical_lr,0.6906808653091047
bkbc_61,1,42,1,clinical_lr,0.1799678287908733
bkbc_63,0,42,1,clinical_lr,0.5812672236218845
bkbc_66,1,42,1,clinical_lr,0.5129169788799577
bkbc_71,0,42,1,clinical_lr,0.14672165427669775
bkbc_85,0,42,1,clinical_lr,0.24425573714987722
bkbc_87,0,42,1,clinical_lr,0.5781877210147937
bkbc_90,0,42,1,clinical_lr,0.12275311574287003
bkbc_91,0,42,1,clinical_lr,0.5983740474858631
bkbc_92,1,42,1,clinical_lr,0.5563247626544559
bkbc_93,0,42,1,clinical_lr,0.5506073700767353
bkbc_94,1,42,1,clinical_lr,0.6114268899257886
bkbc_99,1,42,1,clinical_lr,0.3796801871943619
bkbc_100,1,42,1,clinical_lr,0.6493276063833294
bkbc_101,0,42,1,clinical_lr,0.4411668284522884
bkbc_102,0,42,1,clinical_lr,0.25688378627262515
bkbc_103,0,42,1,clinical_lr,0.47561393675511066
bkbc_104,0,42,1,clinical_lr,0.262407824744655
bkbc_111,1,42,1,clinical_lr,0.5500766843080478
bkbc_119,0,42,1,clinical_lr,0.20227170620952895
bkbc_125,0,42,1,clinical_lr,0.3544486246724406
bkbc_128,1,42,1,clinical_lr,0.6572421689344009
bkbc_132,0,42,1,clinical_lr,0.137407913902509
bkbc_133,1,42,1,clinical_lr,0.5270842333435709
bkbc_134,1,42,1,clinical_lr,0.44808732819237657
bkbc_149,0,42,1,clinical_lr,0.7146641499182872
bkbc_160,1,42,1,clinical_lr,0.7007532189913811
bkbc_161,0,42,1,clinical_lr,0.5815870451379215
bkbc_162,0,42,1,clinical_lr,0.17555816964843968
bkbc_169,1,42,1,clinical_lr,0.5013526685534391
bkbc_170,0,42,1,clinical_lr,0.6809953377763222
bkbc_181,1,42,1,clinical_lr,0.34660387024092065
bkbc_186,1,42,1,clinical_lr,0.4176509526367118
bkbc_190,0,42,1,clinical_lr,0.42104856789344836
bkbc_191,0,42,1,clinical_lr,0.49240980834971004
bkbc_194,1,42,1,clinical_lr,0.39867048095859325
bkbc_197,0,42,1,clinical_lr,0.3343400830198288
bkbc_198,1,42,1,clinical_lr,0.623368773027742
bkbc_201,1,42,1,clinical_lr,0.5537328141325502
bkbc_202,1,42,1,clinical_lr,0.6949711279630792
bkbc_204,0,42,1,clinical_lr,0.15035607226094697
bkbc_205,1,42,1,clinical_lr,0.6341681806837224
bkbc_208,0,42,1,clinical_lr,0.6387207660998865
bkbc_209,0,42,1,clinical_lr,0.20431885288744386
bkbc_210,1,42,1,clinical_lr,0.7025013538445115
bkbc_211,0,42,1,clinical_lr,0.17354770023143834
bkbc_221,0,42,1,clinical_lr,0.18424795669537428
bkbc_224,1,42,1,clinical_lr,0.7151012499110375
bkbc_226,0,42,1,clinical_lr,0.5102946633999583
bkbc_233,0,42,1,clinical_lr,0.13468879781791018
bkbc_234,0,42,1,clinical_lr,0.5523478021194388
bkbc_236,1,42,1,clinical_lr,0.5668644511986206
bkbc_246,0,42,1,clinical_lr,0.5785081890559605
bkbc_252,1,42,1,clinical_lr,0.4929458139484055
bkbc_260,0,42,1,clinical_lr,0.5557953816148673
bkbc_261,0,42,1,clinical_lr,0.47561393675511066
bkbc_266,1,42,1,clinical_lr,0.6430579982571256
bkbc_267,1,42,1,clinical_lr,0.47790417413196873
bkbc_276,1,42,1,clinical_lr,0.650114731584291
bkbc_296,0,42,1,clinical_lr,0.43805307896072676
bkbc_298,1,42,1,clinical_lr,0.368040287965612
bkbc_301,0,42,1,clinical_lr,0.5832982985487387
bkbc_305,0,42,1,clinical_lr,0.1512571690043066
bkbc_315,0,42,1,clinical_lr,0.6529842823243615
bkbc_319,0,42,1,clinical_lr,0.08711327247030122
bkbc_323,1,42,1,clinical_lr,0.5281532025858409
bkbc_324,1,42,1,clinical_lr,0.2664906264979841
bkbc_331,0,42,1,clinical_lr,0.5123812014221456
bkbc_333,1,42,1,clinical_lr,0.6059165755175117
bkbc_334,1,42,1,clinical_lr,0.6621407162516919
bkbc_340,0,42,1,clinical_lr,0.39867048095859325
bkbc_345,1,42,1,clinical_lr,0.646444189949518
bkbc_365,0,42,1,clinical_lr,0.36055677568003147
bkbc_370,1,42,1,clinical_lr,0.6312309065101102
bkbc_386,0,42,1,clinical_lr,0.4742166873637104
bkbc_387,1,42,1,clinical_lr,0.5699651361674953
bkbc_389,0,42,1,clinical_lr,0.5414141736326984
bkbc_391,1,42,1,clinical_lr,0.5537328141325502
bkbc_407,1,42,1,clinical_lr,0.7099232743363613
bkbc_417,1,42,1,clinical_lr,0.5448765749100715
bkbc_1,1,42,1,clinical_no_egfr_lr,0.3557303995235857
bkbc_2,1,42,1,clinical_no_egfr_lr,0.3508081169482574
bkbc_9,0,42,1,clinical_no_egfr_lr,0.4925141029030664
bkbc_31,0,42,1,clinical_no_egfr_lr,0.5223623093152875
bkbc_35,0,42,1,clinical_no_egfr_lr,0.45736741736583564
bkbc_40,0,42,1,clinical_no_egfr_lr,0.557373316173227
bkbc_42,1,42,1,clinical_no_egfr_lr,0.5626818301332169
bkbc_61,1,42,1,clinical_no_egfr_lr,0.3557303995235857
bkbc_63,0,42,1,clinical_no_egfr_lr,0.5277349391374685
bkbc_66,1,42,1,clinical_no_egfr_lr,0.4871301867310518
bkbc_71,0,42,1,clinical_no_egfr_lr,0.32411080311605234
bkbc_85,0,42,1,clinical_no_egfr_lr,0.5277349391374685
bkbc_87,0,42,1,clinical_no_egfr_lr,0.4925141029030664
bkbc_90,0,42,1,clinical_no_egfr_lr,0.38866089983267466
bkbc_91,0,42,1,clinical_no_egfr_lr,0.4871301867310518
bkbc_92,1,42,1,clinical_no_egfr_lr,0.5223623093152875
bkbc_93,0,42,1,clinical_no_egfr_lr,0.5223623093152875
bkbc_94,1,42,1,clinical_no_egfr_lr,0.3835542249091568
bkbc_99,1,42,1,clinical_no_egfr_lr,0.5223623093152875
bkbc_100,1,42,1,clinical_no_egfr_lr,0.4925141029030664
bkbc_101,0,42,1,clinical_no_egfr_lr,0.5223623093152875
bkbc_102,0,42,1,clinical_no_egfr_lr,0.45736741736583564
bkbc_103,0,42,1,clinical_no_egfr_lr,0.5223623093152875
bkbc_104,0,42,1,clinical_no_egfr_lr,0.557373316173227
bkbc_111,1,42,1,clinical_no_egfr_lr,0.4520254889897111
bkbc_119,0,42,1,clinical_no_egfr_lr,0.4520254889897111
bkbc_125,0,42,1,clinical_no_egfr_lr,0.45736741736583564
bkbc_128,1,42,1,clinical_no_egfr_lr,0.417391748947312
bkbc_132,0,42,1,clinical_no_egfr_lr,0.3835542249091568
bkbc_133,1,42,1,clinical_no_egfr_lr,0.4520254889897111
bkbc_134,1,42,1,clinical_no_egfr_lr,0.38866089983267466
bkbc_149,0,42,1,clinical_no_egfr_lr,0.4520254889897111
bkbc_160,1,42,1,clinical_no_egfr_lr,0.5223623093152875
bkbc_161,0,42,1,clinical_no_egfr_lr,0.4871301867310518
bkbc_162,0,42,1,clinical_no_egfr_lr,0.417391748947312
bkbc_169,1,42,1,clinical_no_egfr_lr,0.4871301867310518
bkbc_170,0,42,1,clinical_no_egfr_lr,0.5223623093152875
bkbc_181,1,42,1,clinical_no_egfr_lr,0.3835542249091568
bkbc_186,1,42,1,clinical_no_egfr_lr,0.4925141029030664
bkbc_190,0,42,1,clinical_no_egfr_lr,0.4871301867310518
bkbc_191,0,42,1,clinical_no_egfr_lr,0.4520254889897111
bkbc_194,1,42,1,clinical_no_egfr_lr,0.4871301867310518
bkbc_197,0,42,1,clinical_no_egfr_lr,0.4871301867310518
bkbc_198,1,42,1,clinical_no_egfr_lr,0.5223623093152875
bkbc_201,1,42,1,clinical_no_egfr_lr,0.557373316173227
bkbc_202,1,42,1,clinical_no_egfr_lr,0.3835542249091568
bkbc_204,0,42,1,clinical_no_egfr_lr,0.417391748947312
bkbc_205,1,42,1,clinical_no_egfr_lr,0.5223623093152875
bkbc_208,0,42,1,clinical_no_egfr_lr,0.4925141029030664
bkbc_209,0,42,1,clinical_no_egfr_lr,0.4871301867310518
bkbc_210,1,42,1,clinical_no_egfr_lr,0.417391748947312
bkbc_211,0,42,1,clinical_no_egfr_lr,0.4226400624993445
bkbc_221,0,42,1,clinical_no_egfr_lr,0.4520254889897111
bkbc_224,1,42,1,clinical_no_egfr_lr,0.5223623093152875
bkbc_226,0,42,1,clinical_no_egfr_lr,0.5223623093152875
bkbc_233,0,42,1,clinical_no_egfr_lr,0.3835542249091568
bkbc_234,0,42,1,clinical_no_egfr_lr,0.45736741736583564
bkbc_236,1,42,1,clinical_no_egfr_lr,0.4925141029030664
bkbc_246,0,42,1,clinical_no_egfr_lr,0.4520254889897111
bkbc_252,1,42,1,clinical_no_egfr_lr,0.5223623093152875
bkbc_260,0,42,1,clinical_no_egfr_lr,0.4520254889897111
bkbc_261,0,42,1,clinical_no_egfr_lr,0.5223623093152875
bkbc_266,1,42,1,clinical_no_egfr_lr,0.3557303995235857
bkbc_267,1,42,1,clinical_no_egfr_lr,0.5277349391374685
bkbc_276,1,42,1,clinical_no_egfr_lr,0.5223623093152875
bkbc_296,0,42,1,clinical_no_egfr_lr,0.4871301867310518
bkbc_298,1,42,1,clinical_no_egfr_lr,0.4925141029030664
bkbc_301,0,42,1,clinical_no_egfr_lr,0.4226400624993445
bkbc_305,0,42,1,clinical_no_egfr_lr,0.3557303995235857
bkbc_315,0,42,1,clinical_no_egfr_lr,0.557373316173227
bkbc_319,0,42,1,clinical_no_egfr_lr,0.3557303995235857
bkbc_323,1,42,1,clinical_no_egfr_lr,0.5918233392556902
bkbc_324,1,42,1,clinical_no_egfr_lr,0.4871301867310518
bkbc_331,0,42,1,clinical_no_egfr_lr,0.417391748947312
bkbc_333,1,42,1,clinical_no_egfr_lr,0.3835542249091568
bkbc_334,1,42,1,clinical_no_egfr_lr,0.45736741736583564
bkbc_340,0,42,1,clinical_no_egfr_lr,0.4871301867310518
bkbc_345,1,42,1,clinical_no_egfr_lr,0.45736741736583564
bkbc_365,0,42,1,clinical_no_egfr_lr,0.4871301867310518
bkbc_370,1,42,1,clinical_no_egfr_lr,0.4871301867310518
bkbc_386,0,42,1,clinical_no_egfr_lr,0.4226400624993445
bkbc_387,1,42,1,clinical_no_egfr_lr,0.5277349391374685
bkbc_389,0,42,1,clinical_no_egfr_lr,0.5277349391374685
bkbc_391,1,42,1,clinical_no_egfr_lr,0.557373316173227
bkbc_407,1,42,1,clinical_no_egfr_lr,0.4520254889897111
bkbc_417,1,42,1,clinical_no_egfr_lr,0.5223623093152875
bkbc_7,0,42,2,xgb_fs1,0.3097773492336273
bkbc_11,1,42,2,xgb_fs1,0.7357057332992554
bkbc_14,1,42,2,xgb_fs1,0.24712765216827393
bkbc_19,1,42,2,xgb_fs1,0.6237906813621521
bkbc_23,0,42,2,xgb_fs1,0.502000629901886
bkbc_25,0,42,2,xgb_fs1,0.29137808084487915
bkbc_27,1,42,2,xgb_fs1,0.5301204919815063
bkbc_30,1,42,2,xgb_fs1,0.28443658351898193
bkbc_34,0,42,2,xgb_fs1,0.2432226985692978
bkbc_37,0,42,2,xgb_fs1,0.43300002813339233
bkbc_39,1,42,2,xgb_fs1,0.6202461123466492
bkbc_45,0,42,2,xgb_fs1,0.27708345651626587
bkbc_51,1,42,2,xgb_fs1,0.22438016533851624
bkbc_52,0,42,2,xgb_fs1,0.3279723525047302
bkbc_53,0,42,2,xgb_fs1,0.35801494121551514
bkbc_56,1,42,2,xgb_fs1,0.44002237915992737
bkbc_58,1,42,2,xgb_fs1,0.43362969160079956
bkbc_62,0,42,2,xgb_fs1,0.17398057878017426
bkbc_65,0,42,2,xgb_fs1,0.19824685156345367
bkbc_67,1,42,2,xgb_fs1,0.26903438568115234
bkbc_68,0,42,2,xgb_fs1,0.4385320246219635
bkbc_73,1,42,2,xgb_fs1,0.6896737217903137
bkbc_81,1,42,2,xgb_fs1,0.21100923418998718
bkbc_82,1,42,2,xgb_fs1,0.6527859568595886
bkbc_83,0,42,2,xgb_fs1,0.4823976755142212
bkbc_84,0,42,2,xgb_fs1,0.235076442360878
bkbc_88,0,42,2,xgb_fs1,0.2910833954811096
bkbc_96,0,42,2,xgb_fs1,0.2976073920726776
bkbc_108,0,42,2,xgb_fs1,0.3798442482948303
bkbc_114,1,42,2,xgb_fs1,0.23146381974220276
bkbc_115,0,42,2,xgb_fs1,0.2513495087623596
bkbc_120,0,42,2,xgb_fs1,0.20684468746185303
bkbc_121,0,42,2,xgb_fs1,0.5138963460922241
bkbc_123,0,42,2,xgb_fs1,0.7436193823814392
bkbc_136,1,42,2,xgb_fs1,0.737602949142456
bkbc_139,0,42,2,xgb_fs1,0.21516147255897522
bkbc_143,1,42,2,xgb_fs1,0.40586525201797485
bkbc_148,0,42,2,xgb_fs1,0.66925448179245
bkbc_150,0,42,2,xgb_fs1,0.45907101035118103
bkbc_152,1,42,2,xgb_fs1,0.7254895567893982
bkbc_156,0,42,2,xgb_fs1,0.42124927043914795
bkbc_157,0,42,2,xgb_fs1,0.4329022169113159
bkbc_163,0,42,2,xgb_fs1,0.4953172504901886
bkbc_166,0,42,2,xgb_fs1,0.4749643802642822
bkbc_171,0,42,2,xgb_fs1,0.2334027886390686
bkbc_172,0,42,2,xgb_fs1,0.2763115167617798
bkbc_173,1,42,2,xgb_fs1,0.28916770219802856
bkbc_175,1,42,2,xgb_fs1,0.47603365778923035
bkbc_183,1,42,2,xgb_fs1,0.3537392318248749
bkbc_206,0,42,2,xgb_fs1,0.5790987014770508
bkbc_213,0,42,2,xgb_fs1,0.4107688367366791
bkbc_218,0,42,2,xgb_fs1,0.2516063153743744
bkbc_225,1,42,2,xgb_fs1,0.22836104035377502
bkbc_238,0,42,2,xgb_fs1,0.31647324562072754
bkbc_240,1,42,2,xgb_fs1,0.6089830994606018
bkbc_242,1,42,2,xgb_fs1,0.5772037506103516
bkbc_248,1,42,2,xgb_fs1,0.6011994481086731
bkbc_254,1,42,2,xgb_fs1,0.6313610076904297
bkbc_277,0,42,2,xgb_fs1,0.3324349522590637
bkbc_280,0,42,2,xgb_fs1,0.22012706100940704
bkbc_283,1,42,2,xgb_fs1,0.8078084588050842
bkbc_287,0,42,2,xgb_fs1,0.39583274722099304
bkbc_290,1,42,2,xgb_fs1,0.4007369875907898
bkbc_303,0,42,2,xgb_fs1,0.4983726143836975
bkbc_307,1,42,2,xgb_fs1,0.44201478362083435
bkbc_310,0,42,2,xgb_fs1,0.7444109916687012
bkbc_318,1,42,2,xgb_fs1,0.46953603625297546
bkbc_336,1,42,2,xgb_fs1,0.3939712643623352
bkbc_339,0,42,2,xgb_fs1,0.44142380356788635
bkbc_346,0,42,2,xgb_fs1,0.3345692753791809
bkbc_347,1,42,2,xgb_fs1,0.22446416318416595
bkbc_354,0,42,2,xgb_fs1,0.4334441125392914
bkbc_356,1,42,2,xgb_fs1,0.7575815916061401
bkbc_358,1,42,2,xgb_fs1,0.6222352981567383
bkbc_361,1,42,2,xgb_fs1,0.45531484484672546
bkbc_367,1,42,2,xgb_fs1,0.3463064432144165
bkbc_368,1,42,2,xgb_fs1,0.6722385287284851
bkbc_371,0,42,2,xgb_fs1,0.5167926549911499
bkbc_374,1,42,2,xgb_fs1,0.7680491209030151
bkbc_385,0,42,2,xgb_fs1,0.5806995034217834
bkbc_393,1,42,2,xgb_fs1,0.42066091299057007
bkbc_401,1,42,2,xgb_fs1,0.7857471704483032
bkbc_410,1,42,2,xgb_fs1,0.39801421761512756
bkbc_411,0,42,2,xgb_fs1,0.40807628631591797
bkbc_420,0,42,2,xgb_fs1,0.26006460189819336
bkbc_7,0,42,2,xgb_fs2,0.3242962658405304
bkbc_11,1,42,2,xgb_fs2,0.6725887656211853
bkbc_14,1,42,2,xgb_fs2,0.27001723647117615
bkbc_19,1,42,2,xgb_fs2,0.6855021715164185
bkbc_23,0,42,2,xgb_fs2,0.4603537321090698
bkbc_25,0,42,2,xgb_fs2,0.32258620858192444
bkbc_27,1,42,2,xgb_fs2,0.48299744725227356
bkbc_30,1,42,2,xgb_fs2,0.3166116178035736
bkbc_34,0,42,2,xgb_fs2,0.278091162443161
bkbc_37,0,42,2,xgb_fs2,0.4109603464603424
bkbc_39,1,42,2,xgb_fs2,0.5455485582351685
bkbc_45,0,42,2,xgb_fs2,0.34624725580215454
bkbc_51,1,42,2,xgb_fs2,0.2565034031867981
bkbc_52,0,42,2,xgb_fs2,0.32007721066474915
bkbc_53,0,42,2,xgb_fs2,0.32741427421569824
bkbc_56,1,42,2,xgb_fs2,0.4880862832069397
bkbc_58,1,42,2,xgb_fs2,0.4586673378944397
bkbc_62,0,42,2,xgb_fs2,0.2235974222421646
bkbc_65,0,42,2,xgb_fs2,0.22419361770153046
bkbc_67,1,42,2,xgb_fs2,0.2639716565608978
bkbc_68,0,42,2,xgb_fs2,0.48036763072013855
bkbc_73,1,42,2,xgb_fs2,0.6132098436355591
bkbc_81,1,42,2,xgb_fs2,0.2269352227449417
bkbc_82,1,42,2,xgb_fs2,0.6053889989852905
bkbc_83,0,42,2,xgb_fs2,0.4676775634288788
bkbc_84,0,42,2,xgb_fs2,0.2593408524990082
bkbc_88,0,42,2,xgb_fs2,0.45148739218711853
bkbc_96,0,42,2,xgb_fs2,0.30547285079956055
bkbc_108,0,42,2,xgb_fs2,0.4836466908454895
bkbc_114,1,42,2,xgb_fs2,0.2761078178882599
bkbc_115,0,42,2,xgb_fs2,0.2802484631538391
bkbc_120,0,42,2,xgb_fs2,0.2851577401161194
bkbc_121,0,42,2,xgb_fs2,0.570988118648529
bkbc_123,0,42,2,xgb_fs2,0.6931008696556091
bkbc_136,1,42,2,xgb_fs2,0.7029215097427368
bkbc_139,0,42,2,xgb_fs2,0.217706099152565
bkbc_143,1,42,2,xgb_fs2,0.39673662185668945
bkbc_148,0,42,2,xgb_fs2,0.6110800504684448
bkbc_150,0,42,2,xgb_fs2,0.4319193363189697
bkbc_152,1,42,2,xgb_fs2,0.7333441376686096
bkbc_156,0,42,2,xgb_fs2,0.46417856216430664
bkbc_157,0,42,2,xgb_fs2,0.46714621782302856
bkbc_163,0,42,2,xgb_fs2,0.4977028965950012
bkbc_166,0,42,2,xgb_fs2,0.4632229506969452
bkbc_171,0,42,2,xgb_fs2,0.3013002276420593
bkbc_172,0,42,2,xgb_fs2,0.2895332872867584
bkbc_173,1,42,2,xgb_fs2,0.29685360193252563
bkbc_175,1,42,2,xgb_fs2,0.4313151240348816
bkbc_183,1,42,2,xgb_fs2,0.3986843526363373
bkbc_206,0,42,2,xgb_fs2,0.5433761477470398
bkbc_213,0,42,2,xgb_fs2,0.4352904260158539
bkbc_218,0,42,2,xgb_fs2,0.30924704670906067
bkbc_225,1,42,2,xgb_fs2,0.26626309752464294
bkbc_238,0,42,2,xgb_fs2,0.2845543920993805
bkbc_240,1,42,2,xgb_fs2,0.6004383563995361
bkbc_242,1,42,2,xgb_fs2,0.5764468312263489
bkbc_248,1,42,2,xgb_fs2,0.5498186945915222
bkbc_254,1,42,2,xgb_fs2,0.6378284692764282
bkbc_277,0,42,2,xgb_fs2,0.37581995129585266
bkbc_280,0,42,2,xgb_fs2,0.2518012225627899
bkbc_283,1,42,2,xgb_fs2,0.7776320576667786
bkbc_287,0,42,2,xgb_fs2,0.44058212637901306
bkbc_290,1,42,2,xgb_fs2,0.4196251332759857
bkbc_303,0,42,2,xgb_fs2,0.5121937990188599
bkbc_307,1,42,2,xgb_fs2,0.45936155319213867
bkbc_310,0,42,2,xgb_fs2,0.702458918094635
bkbc_318,1,42,2,xgb_fs2,0.40600016713142395
bkbc_336,1,42,2,xgb_fs2,0.3537195026874542
bkbc_339,0,42,2,xgb_fs2,0.44981175661087036
bkbc_346,0,42,2,xgb_fs2,0.32005539536476135
bkbc_347,1,42,2,xgb_fs2,0.2673046886920929
bkbc_354,0,42,2,xgb_fs2,0.49874621629714966
bkbc_356,1,42,2,xgb_fs2,0.7173227667808533
bkbc_358,1,42,2,xgb_fs2,0.6206954717636108
bkbc_361,1,42,2,xgb_fs2,0.442437082529068
bkbc_367,1,42,2,xgb_fs2,0.4426291286945343
bkbc_368,1,42,2,xgb_fs2,0.5827540159225464
bkbc_371,0,42,2,xgb_fs2,0.46374350786209106
bkbc_374,1,42,2,xgb_fs2,0.720842182636261
bkbc_385,0,42,2,xgb_fs2,0.5976975560188293
bkbc_393,1,42,2,xgb_fs2,0.30492255091667175
bkbc_401,1,42,2,xgb_fs2,0.7240211367607117
bkbc_410,1,42,2,xgb_fs2,0.3285488188266754
bkbc_411,0,42,2,xgb_fs2,0.44924673438072205
bkbc_420,0,42,2,xgb_fs2,0.28362056612968445
bkbc_7,0,42,2,xgb_fs3,0.3630044758319855
bkbc_11,1,42,2,xgb_fs3,0.7685431241989136
bkbc_14,1,42,2,xgb_fs3,0.27500200271606445
bkbc_19,1,42,2,xgb_fs3,0.6620088219642639
bkbc_23,0,42,2,xgb_fs3,0.5768490433692932
bkbc_25,0,42,2,xgb_fs3,0.307228684425354
bkbc_27,1,42,2,xgb_fs3,0.5601655840873718
bkbc_30,1,42,2,xgb_fs3,0.37497568130493164
bkbc_34,0,42,2,xgb_fs3,0.294497013092041
bkbc_37,0,42,2,xgb_fs3,0.3922460377216339
bkbc_39,1,42,2,xgb_fs3,0.5413885712623596
bkbc_45,0,42,2,xgb_fs3,0.3096911907196045
bkbc_51,1,42,2,xgb_fs3,0.2224370241165161
bkbc_52,0,42,2,xgb_fs3,0.39324066042900085
bkbc_53,0,42,2,xgb_fs3,0.2876824736595154
bkbc_56,1,42,2,xgb_fs3,0.5623052716255188
bkbc_58,1,42,2,xgb_fs3,0.47292011976242065
bkbc_62,0,42,2,xgb_fs3,0.19595631957054138
bkbc_65,0,42,2,xgb_fs3,0.19313745200634003
bkbc_67,1,42,2,xgb_fs3,0.2688533663749695
bkbc_68,0,42,2,xgb_fs3,0.504440188407898
bkbc_73,1,42,2,xgb_fs3,0.6203792095184326
bkbc_81,1,42,2,xgb_fs3,0.2251121550798416
bkbc_82,1,42,2,xgb_fs3,0.6793932318687439
bkbc_83,0,42,2,xgb_fs3,0.4467240869998932
bkbc_84,0,42,2,xgb_fs3,0.21425257623195648
bkbc_88,0,42,2,xgb_fs3,0.46091121435165405
bkbc_96,0,42,2,xgb_fs3,0.2803998589515686
bkbc_108,0,42,2,xgb_fs3,0.44176140427589417
bkbc_114,1,42,2,xgb_fs3,0.24131479859352112
bkbc_115,0,42,2,xgb_fs3,0.24053294956684113
bkbc_120,0,42,2,xgb_fs3,0.2163502275943756
bkbc_121,0,42,2,xgb_fs3,0.5018553733825684
bkbc_123,0,42,2,xgb_fs3,0.6920544505119324
bkbc_136,1,42,2,xgb_fs3,0.695675253868103
bkbc_139,0,42,2,xgb_fs3,0.18073824048042297
bkbc_143,1,42,2,xgb_fs3,0.40736299753189087
bkbc_148,0,42,2,xgb_fs3,0.6313061714172363
bkbc_150,0,42,2,xgb_fs3,0.4120063781738281
bkbc_152,1,42,2,xgb_fs3,0.7093551158905029
bkbc_156,0,42,2,xgb_fs3,0.38064977526664734
bkbc_157,0,42,2,xgb_fs3,0.4660278856754303
bkbc_163,0,42,2,xgb_fs3,0.5264600515365601
bkbc_166,0,42,2,xgb_fs3,0.4634856879711151
bkbc_171,0,42,2,xgb_fs3,0.2745573818683624
bkbc_172,0,42,2,xgb_fs3,0.28512731194496155
bkbc_173,1,42,2,xgb_fs3,0.2519448399543762
bkbc_175,1,42,2,xgb_fs3,0.55008864402771
bkbc_183,1,42,2,xgb_fs3,0.5371090173721313
bkbc_206,0,42,2,xgb_fs3,0.4866018295288086
bkbc_213,0,42,2,xgb_fs3,0.41248756647109985
bkbc_218,0,42,2,xgb_fs3,0.3761024475097656
bkbc_225,1,42,2,xgb_fs3,0.23993216454982758
bkbc_238,0,42,2,xgb_fs3,0.24529333412647247
bkbc_240,1,42,2,xgb_fs3,0.6145655512809753
bkbc_242,1,42,2,xgb_fs3,0.5681490302085876
bkbc_248,1,42,2,xgb_fs3,0.6233909726142883
bkbc_254,1,42,2,xgb_fs3,0.619327187538147
bkbc_277,0,42,2,xgb_fs3,0.3719688355922699
bkbc_280,0,42,2,xgb_fs3,0.2411099374294281
bkbc_283,1,42,2,xgb_fs3,0.7878314852714539
bkbc_287,0,42,2,xgb_fs3,0.3301446735858917
bkbc_290,1,42,2,xgb_fs3,0.4877098798751831
bkbc_303,0,42,2,xgb_fs3,0.5151157975196838
bkbc_307,1,42,2,xgb_fs3,0.46245306730270386
bkbc_310,0,42,2,xgb_fs3,0.6889321804046631
bkbc_318,1,42,2,xgb_fs3,0.45402854681015015
bkbc_336,1,42,2,xgb_fs3,0.3269794285297394
bkbc_339,0,42,2,xgb_fs3,0.4157523214817047
bkbc_346,0,42,2,xgb_fs3,0.3348517417907715
bkbc_347,1,42,2,xgb_fs3,0.23397280275821686
bkbc_354,0,42,2,xgb_fs3,0.5379525423049927
bkbc_356,1,42,2,xgb_fs3,0.7274218797683716
bkbc_358,1,42,2,xgb_fs3,0.5847992300987244
bkbc_361,1,42,2,xgb_fs3,0.5413374900817871
bkbc_367,1,42,2,xgb_fs3,0.4118000864982605
bkbc_368,1,42,2,xgb_fs3,0.5912044644355774
bkbc_371,0,42,2,xgb_fs3,0.5767391920089722
bkbc_374,1,42,2,xgb_fs3,0.7578392028808594
bkbc_385,0,42,2,xgb_fs3,0.6922382712364197
bkbc_393,1,42,2,xgb_fs3,0.30820050835609436
bkbc_401,1,42,2,xgb_fs3,0.7355520725250244
bkbc_410,1,42,2,xgb_fs3,0.33728936314582825
bkbc_411,0,42,2,xgb_fs3,0.46039101481437683
bkbc_420,0,42,2,xgb_fs3,0.2729342579841614
bkbc_7,0,42,2,elastic_fs2,0.3726983655586463
bkbc_11,1,42,2,elastic_fs2,0.6402605063286486
bkbc_14,1,42,2,elastic_fs2,0.2149200502703763
bkbc_19,1,42,2,elastic_fs2,0.8490529404155711
bkbc_23,0,42,2,elastic_fs2,0.5149816701844013
bkbc_25,0,42,2,elastic_fs2,0.38493341549347365
bkbc_27,1,42,2,elastic_fs2,0.41553029837293703
bkbc_30,1,42,2,elastic_fs2,0.3837830340555677
bkbc_34,0,42,2,elastic_fs2,0.19080969182852145
bkbc_37,0,42,2,elastic_fs2,0.33978273793801694
bkbc_39,1,42,2,elastic_fs2,0.5843273156529795
bkbc_45,0,42,2,elastic_fs2,0.327731437410398
bkbc_51,1,42,2,elastic_fs2,0.1889510312511016
bkbc_52,0,42,2,elastic_fs2,0.3442929767610255
bkbc_53,0,42,2,elastic_fs2,0.2628876490466792
bkbc_56,1,42,2,elastic_fs2,0.5110509663021735
bkbc_58,1,42,2,elastic_fs2,0.4947482461399296
bkbc_62,0,42,2,elastic_fs2,0.1686329079510676
bkbc_65,0,42,2,elastic_fs2,0.21582288275160846
bkbc_67,1,42,2,elastic_fs2,0.27362522538264544
bkbc_68,0,42,2,elastic_fs2,0.4013541876214446
bkbc_73,1,42,2,elastic_fs2,0.6107919238767984
bkbc_81,1,42,2,elastic_fs2,0.26205696261769434
bkbc_82,1,42,2,elastic_fs2,0.5728464291490826
bkbc_83,0,42,2,elastic_fs2,0.46879029717145826
bkbc_84,0,42,2,elastic_fs2,0.17740926206334878
bkbc_88,0,42,2,elastic_fs2,0.34502439289881554
bkbc_96,0,42,2,elastic_fs2,0.33598157374066
bkbc_108,0,42,2,elastic_fs2,0.46747551756566386
bkbc_114,1,42,2,elastic_fs2,0.1795625462429785
bkbc_115,0,42,2,elastic_fs2,0.24738813765070633
bkbc_120,0,42,2,elastic_fs2,0.21115680721107055
bkbc_121,0,42,2,elastic_fs2,0.6820655979926803
bkbc_123,0,42,2,elastic_fs2,0.7606057397204122
bkbc_136,1,42,2,elastic_fs2,0.7140611213120389
bkbc_139,0,42,2,elastic_fs2,0.1627934927616146
bkbc_143,1,42,2,elastic_fs2,0.3489044727333084
bkbc_148,0,42,2,elastic_fs2,0.7336122968414094
bkbc_150,0,42,2,elastic_fs2,0.43618298667741123
bkbc_152,1,42,2,elastic_fs2,0.798589076022252
bkbc_156,0,42,2,elastic_fs2,0.4332452114828991
bkbc_157,0,42,2,elastic_fs2,0.4513846327460337
bkbc_163,0,42,2,elastic_fs2,0.49388097523008156
bkbc_166,0,42,2,elastic_fs2,0.531711572966614
bkbc_171,0,42,2,elastic_fs2,0.13765354293735843
bkbc_172,0,42,2,elastic_fs2,0.25226434637277856
bkbc_173,1,42,2,elastic_fs2,0.2601044864299026
bkbc_175,1,42,2,elastic_fs2,0.47296798264209794
bkbc_183,1,42,2,elastic_fs2,0.3975870857386583
bkbc_206,0,42,2,elastic_fs2,0.5541012733327014
bkbc_213,0,42,2,elastic_fs2,0.4109494077500805
bkbc_218,0,42,2,elastic_fs2,0.3132066596120131
bkbc_225,1,42,2,elastic_fs2,0.17083510570593136
bkbc_238,0,42,2,elastic_fs2,0.2869428270879166
bkbc_240,1,42,2,elastic_fs2,0.6196396520115686
bkbc_242,1,42,2,elastic_fs2,0.6698824768401144
bkbc_248,1,42,2,elastic_fs2,0.46692627426727906
bkbc_254,1,42,2,elastic_fs2,0.7142769333481951
bkbc_277,0,42,2,elastic_fs2,0.34363962753939914
bkbc_280,0,42,2,elastic_fs2,0.21253787680380917
bkbc_283,1,42,2,elastic_fs2,0.9269475700963556
bkbc_287,0,42,2,elastic_fs2,0.41893007210127664
bkbc_290,1,42,2,elastic_fs2,0.4801676330887475
bkbc_303,0,42,2,elastic_fs2,0.481955955703775
bkbc_307,1,42,2,elastic_fs2,0.6274126957317893
bkbc_310,0,42,2,elastic_fs2,0.7357516261803398
bkbc_318,1,42,2,elastic_fs2,0.510508654707562
bkbc_336,1,42,2,elastic_fs2,0.33778426820368734
bkbc_339,0,42,2,elastic_fs2,0.3872363835249396
bkbc_346,0,42,2,elastic_fs2,0.36610684978515307
bkbc_347,1,42,2,elastic_fs2,0.20371280178875587
bkbc_354,0,42,2,elastic_fs2,0.46015979352618486
bkbc_356,1,42,2,elastic_fs2,0.7843445523293083
bkbc_358,1,42,2,elastic_fs2,0.6777784156716722
bkbc_361,1,42,2,elastic_fs2,0.4764684812806016
bkbc_367,1,42,2,elastic_fs2,0.4346702855474079
bkbc_368,1,42,2,elastic_fs2,0.5341220581395375
bkbc_371,0,42,2,elastic_fs2,0.614710258048556
bkbc_374,1,42,2,elastic_fs2,0.8166929788568406
bkbc_385,0,42,2,elastic_fs2,0.7067831778765268
bkbc_393,1,42,2,elastic_fs2,0.290396171646227
bkbc_401,1,42,2,elastic_fs2,0.8168244827937938
bkbc_410,1,42,2,elastic_fs2,0.4737122581632625
bkbc_411,0,42,2,elastic_fs2,0.3763807881539001
bkbc_420,0,42,2,elastic_fs2,0.22405702816682424
bkbc_7,0,42,2,egfr_only_lr,0.4708406221123453
bkbc_11,1,42,2,egfr_only_lr,0.6282782065401722
bkbc_14,1,42,2,egfr_only_lr,0.5816536657468532
bkbc_19,1,42,2,egfr_only_lr,0.3823896453916396
bkbc_23,0,42,2,egfr_only_lr,0.6412121979056499
bkbc_25,0,42,2,egfr_only_lr,0.5335230691735301
bkbc_27,1,42,2,egfr_only_lr,0.6412121979056499
bkbc_30,1,42,2,egfr_only_lr,0.5265743778005155
bkbc_34,0,42,2,egfr_only_lr,0.2022825795827305
bkbc_37,0,42,2,egfr_only_lr,0.19342910392045898
bkbc_39,1,42,2,egfr_only_lr,0.6412121979056499
bkbc_45,0,42,2,egfr_only_lr,0.3250890923917003
bkbc_51,1,42,2,egfr_only_lr,0.45696624421973603
bkbc_52,0,42,2,egfr_only_lr,0.4777961030052939
bkbc_53,0,42,2,egfr_only_lr,0.2114350608503886
bkbc_56,1,42,2,egfr_only_lr,0.6847960401892131
bkbc_58,1,42,2,egfr_only_lr,0.5816536657468532
bkbc_62,0,42,2,egfr_only_lr,0.1177723947890936
bkbc_65,0,42,2,egfr_only_lr,0.2894910308838062
bkbc_67,1,42,2,egfr_only_lr,0.3500322333430152
bkbc_68,0,42,2,egfr_only_lr,0.6282782065401722
bkbc_73,1,42,2,egfr_only_lr,0.5951646142098168
bkbc_81,1,42,2,egfr_only_lr,0.19781852833772154
bkbc_82,1,42,2,egfr_only_lr,0.7083708950993661
bkbc_83,0,42,2,egfr_only_lr,0.3889990319153039
bkbc_84,0,42,2,egfr_only_lr,0.1014631525198293
bkbc_88,0,42,2,egfr_only_lr,0.3189986557636017
bkbc_96,0,42,2,egfr_only_lr,0.12070188987909809
bkbc_108,0,42,2,egfr_only_lr,0.5126487568763135
bkbc_114,1,42,2,egfr_only_lr,0.07284953878350812
bkbc_115,0,42,2,egfr_only_lr,0.4023387460785007
bkbc_120,0,42,2,egfr_only_lr,0.22088698797089276
bkbc_121,0,42,2,egfr_only_lr,0.14998273866749975
bkbc_123,0,42,2,egfr_only_lr,0.7083708950993661
bkbc_136,1,42,2,egfr_only_lr,0.702574785977335
bkbc_139,0,42,2,egfr_only_lr,0.1725929836572656
bkbc_143,1,42,2,egfr_only_lr,0.5056772189292611
bkbc_148,0,42,2,egfr_only_lr,0.7253532263427678
bkbc_150,0,42,2,egfr_only_lr,0.6018677434988983
bkbc_152,1,42,2,egfr_only_lr,0.6664590837420695
bkbc_156,0,42,2,egfr_only_lr,0.5196153770718157
bkbc_157,0,42,2,egfr_only_lr,0.574850609020812
bkbc_163,0,42,2,egfr_only_lr,0.4708406221123453
bkbc_166,0,42,2,egfr_only_lr,0.4708406221123453
bkbc_171,0,42,2,egfr_only_lr,0.24068621968003437
bkbc_172,0,42,2,egfr_only_lr,0.42261643123277504
bkbc_173,1,42,2,egfr_only_lr,0.44315831257272414
bkbc_175,1,42,2,egfr_only_lr,0.45696624421973603
bkbc_183,1,42,2,egfr_only_lr,0.49870347258919023
bkbc_206,0,42,2,egfr_only_lr,0.08718922469126303
bkbc_213,0,42,2,egfr_only_lr,0.3129694099721614
bkbc_218,0,42,2,egfr_only_lr,0.2894910308838062
bkbc_225,1,42,2,egfr_only_lr,0.3250890923917003
bkbc_238,0,42,2,egfr_only_lr,0.4023387460785007
bkbc_240,1,42,2,egfr_only_lr,0.4158245870470719
bkbc_242,1,42,2,egfr_only_lr,0.6847960401892131
bkbc_248,1,42,2,egfr_only_lr,0.5542806523114336
bkbc_254,1,42,2,egfr_only_lr,0.18487332223255634
bkbc_277,0,42,2,egfr_only_lr,0.139623044254687
bkbc_280,0,42,2,egfr_only_lr,0.25631067443398103
bkbc_283,1,42,2,egfr_only_lr,0.7308754749223059
bkbc_287,0,42,2,egfr_only_lr,0.5680190847189028
bkbc_290,1,42,2,egfr_only_lr,0.6347695134893407
bkbc_303,0,42,2,egfr_only_lr,0.6018677434988983
bkbc_307,1,42,2,egfr_only_lr,0.6476043260438398
bkbc_310,0,42,2,egfr_only_lr,0.7083708950993661
bkbc_318,1,42,2,egfr_only_lr,0.6018677434988983
bkbc_336,1,42,2,egfr_only_lr,0.49173023064959803
bkbc_339,0,42,2,egfr_only_lr,0.436285793698571
bkbc_346,0,42,2,egfr_only_lr,0.436285793698571
bkbc_347,1,42,2,egfr_only_lr,0.25631067443398103
bkbc_354,0,42,2,egfr_only_lr,0.5951646142098168
bkbc_356,1,42,2,egfr_only_lr,0.7197611124375
bkbc_358,1,42,2,egfr_only_lr,0.1686456177265454
bkbc_361,1,42,2,egfr_only_lr,0.6412121979056499
bkbc_367,1,42,2,egfr_only_lr,0.49870347258919023
bkbc_368,1,42,2,egfr_only_lr,0.5884258027868772
bkbc_371,0,42,2,egfr_only_lr,0.5542806523114336
bkbc_374,1,42,2,egfr_only_lr,0.6476043260438398
bkbc_385,0,42,2,egfr_only_lr,0.6217402782074916
bkbc_393,1,42,2,egfr_only_lr,0.42943765991643557
bkbc_401,1,42,2,egfr_only_lr,0.7253532263427678
bkbc_410,1,42,2,egfr_only_lr,0.2894910308838062
bkbc_411,0,42,2,egfr_only_lr,0.4777961030052939
bkbc_420,0,42,2,egfr_only_lr,0.2114350608503886
bkbc_7,0,42,2,clinical_lr,0.47145773723313433
bkbc_11,1,42,2,clinical_lr,0.6210405606364067
bkbc_14,1,42,2,clinical_lr,0.5771009248983536
bkbc_19,1,42,2,clinical_lr,0.38792244262829456
bkbc_23,0,42,2,clinical_lr,0.633880018606157
bkbc_25,0,42,2,clinical_lr,0.531398837649562
bkbc_27,1,42,2,clinical_lr,0.633880018606157
bkbc_30,1,42,2,clinical_lr,0.5242997343395747
bkbc_34,0,42,2,clinical_lr,0.21343076725058502
bkbc_37,0,42,2,clinical_lr,0.20501806391607802
bkbc_39,1,42,2,clinical_lr,0.633880018606157
bkbc_45,0,42,2,clinical_lr,0.3326757609973839
bkbc_51,1,42,2,clinical_lr,0.45880698833708256
bkbc_52,0,42,2,clinical_lr,0.4780523134843456
bkbc_53,0,42,2,clinical_lr,0.22279763593178448
bkbc_56,1,42,2,clinical_lr,0.6752401024476767
bkbc_58,1,42,2,clinical_lr,0.5766031789975689
bkbc_62,0,42,2,clinical_lr,0.12868581236716928
bkbc_65,0,42,2,clinical_lr,0.2984301895004766
bkbc_67,1,42,2,clinical_lr,0.3565606823608219
bkbc_68,0,42,2,clinical_lr,0.6210405606364067
bkbc_73,1,42,2,clinical_lr,0.5894607671640277
bkbc_81,1,42,2,clinical_lr,0.20936203516560312
bkbc_82,1,42,2,clinical_lr,0.6979946363953723
bkbc_83,0,42,2,clinical_lr,0.3942200696589135
bkbc_84,0,42,2,clinical_lr,0.11191722484462721
bkbc_88,0,42,2,clinical_lr,0.32683086069995404
bkbc_96,0,42,2,clinical_lr,0.13168033400463527
bkbc_108,0,42,2,clinical_lr,0.5110940168253566
bkbc_114,1,42,2,clinical_lr,0.08202810478410608
bkbc_115,0,42,2,clinical_lr,0.4064273551079724
bkbc_120,0,42,2,clinical_lr,0.23172724613703277
bkbc_121,0,42,2,clinical_lr,0.16135674862729887
bkbc_123,0,42,2,clinical_lr,0.6979946363953723
bkbc_136,1,42,2,clinical_lr,0.6923908301173616
bkbc_139,0,42,2,clinical_lr,0.18399813668344805
bkbc_143,1,42,2,clinical_lr,0.5044841902836823
bkbc_148,0,42,2,clinical_lr,0.7148676839396961
bkbc_150,0,42,2,clinical_lr,0.596336124698003
bkbc_152,1,42,2,clinical_lr,0.65806499599057
bkbc_156,0,42,2,clinical_lr,0.5182090984749748
bkbc_157,0,42,2,clinical_lr,0.5701341102325146
bkbc_163,0,42,2,clinical_lr,0.47196589511430215
bkbc_166,0,42,2,clinical_lr,0.47145773723313433
bkbc_171,0,42,2,clinical_lr,0.25147515402859444
bkbc_172,0,42,2,clinical_lr,0.4257002350360402
bkbc_173,1,42,2,clinical_lr,0.4452015620847473
bkbc_175,1,42,2,clinical_lr,0.45830070151174496
bkbc_183,1,42,2,clinical_lr,0.4978727959368909
bkbc_206,0,42,2,clinical_lr,0.09709021211859464
bkbc_213,0,42,2,clinical_lr,0.32148389222684004
bkbc_218,0,42,2,clinical_lr,0.2984301895004766
bkbc_225,1,42,2,clinical_lr,0.3326757609973839
bkbc_238,0,42,2,clinical_lr,0.406919383977205
bkbc_240,1,42,2,clinical_lr,0.4197443310816509
bkbc_242,1,42,2,clinical_lr,0.6752401024476767
bkbc_248,1,42,2,clinical_lr,0.5505912843184685
bkbc_254,1,42,2,clinical_lr,0.19653177432605248
bkbc_277,0,42,2,clinical_lr,0.15090686847373547
bkbc_280,0,42,2,clinical_lr,0.2663030673250416
bkbc_283,1,42,2,clinical_lr,0.7202274752084745
bkbc_287,0,42,2,clinical_lr,0.5636410009529962
bkbc_290,1,42,2,clinical_lr,0.6272444105052046
bkbc_303,0,42,2,clinical_lr,0.596336124698003
bkbc_307,1,42,2,clinical_lr,0.6395255619128709
bkbc_310,0,42,2,clinical_lr,0.6984243136204062
bkbc_318,1,42,2,clinical_lr,0.596336124698003
bkbc_336,1,42,2,clinical_lr,0.49126214536970386
bkbc_339,0,42,2,clinical_lr,0.4386792811309311
bkbc_346,0,42,2,clinical_lr,0.4386792811309311
bkbc_347,1,42,2,clinical_lr,0.2663030673250416
bkbc_354,0,42,2,clinical_lr,0.5894607671640277
bkbc_356,1,42,2,clinical_lr,0.7094466350405179
bkbc_358,1,42,2,clinical_lr,0.1803618342096441
bkbc_361,1,42,2,clinical_lr,0.6334066494310174
bkbc_367,1,42,2,clinical_lr,0.4983825784483638
bkbc_368,1,42,2,clinical_lr,0.5835417336982515
bkbc_371,0,42,2,clinical_lr,0.5505912843184685
bkbc_374,1,42,2,clinical_lr,0.6399955206593325
bkbc_385,0,42,2,clinical_lr,0.6147968678592399
bkbc_393,1,42,2,clinical_lr,0.4326785980002366
bkbc_401,1,42,2,clinical_lr,0.7148676839396961
bkbc_410,1,42,2,clinical_lr,0.2988573027991749
bkbc_411,0,42,2,clinical_lr,0.4780523134843456
bkbc_420,0,42,2,clinical_lr,0.22244473713927013
bkbc_7,0,42,2,clinical_no_egfr_lr,0.5021972679980603
bkbc_11,1,42,2,clinical_no_egfr_lr,0.4811300863361937
bkbc_14,1,42,2,clinical_no_egfr_lr,0.47061693343894995
bkbc_19,1,42,2,clinical_no_egfr_lr,0.4392701058460849
bkbc_23,0,42,2,clinical_no_egfr_lr,0.5021972679980603
bkbc_25,0,42,2,clinical_no_egfr_lr,0.4916599746161453
bkbc_27,1,42,2,clinical_no_egfr_lr,0.44967782591470196
bkbc_30,1,42,2,clinical_no_egfr_lr,0.4916599746161453
bkbc_34,0,42,2,clinical_no_egfr_lr,0.47061693343894995
bkbc_37,0,42,2,clinical_no_egfr_lr,0.4811300863361937
bkbc_39,1,42,2,clinical_no_egfr_lr,0.46012978691762857
bkbc_45,0,42,2,clinical_no_egfr_lr,0.46012978691762857
bkbc_51,1,42,2,clinical_no_egfr_lr,0.44967782591470196
bkbc_52,0,42,2,clinical_no_egfr_lr,0.46012978691762857
bkbc_53,0,42,2,clinical_no_egfr_lr,0.4392701058460849
bkbc_56,1,42,2,clinical_no_egfr_lr,0.47061693343894995
bkbc_58,1,42,2,clinical_no_egfr_lr,0.47061693343894995
bkbc_62,0,42,2,clinical_no_egfr_lr,0.44967782591470196
bkbc_65,0,42,2,clinical_no_egfr_lr,0.4811300863361937
bkbc_67,1,42,2,clinical_no_egfr_lr,0.4916599746161453
bkbc_68,0,42,2,clinical_no_egfr_lr,0.44967782591470196
bkbc_73,1,42,2,clinical_no_egfr_lr,0.5021972679980603
bkbc_81,1,42,2,clinical_no_egfr_lr,0.4811300863361937
bkbc_82,1,42,2,clinical_no_egfr_lr,0.44967782591470196
bkbc_83,0,42,2,clinical_no_egfr_lr,0.47061693343894995
bkbc_84,0,42,2,clinical_no_egfr_lr,0.44967782591470196
bkbc_88,0,42,2,clinical_no_egfr_lr,0.44967782591470196
bkbc_96,0,42,2,clinical_no_egfr_lr,0.46012978691762857
bkbc_108,0,42,2,clinical_no_egfr_lr,0.47061693343894995
bkbc_114,1,42,2,clinical_no_egfr_lr,0.44967782591470196
bkbc_115,0,42,2,clinical_no_egfr_lr,0.4392701058460849
bkbc_120,0,42,2,clinical_no_egfr_lr,0.47061693343894995
bkbc_121,0,42,2,clinical_no_egfr_lr,0.4811300863361937
bkbc_123,0,42,2,clinical_no_egfr_lr,0.4811300863361937
bkbc_136,1,42,2,clinical_no_egfr_lr,0.46012978691762857
bkbc_139,0,42,2,clinical_no_egfr_lr,0.47061693343894995
bkbc_143,1,42,2,clinical_no_egfr_lr,0.44967782591470196
bkbc_148,0,42,2,clinical_no_egfr_lr,0.4811300863361937
bkbc_150,0,42,2,clinical_no_egfr_lr,0.4811300863361937
bkbc_152,1,42,2,clinical_no_egfr_lr,0.5021972679980603
bkbc_156,0,42,2,clinical_no_egfr_lr,0.46012978691762857
bkbc_157,0,42,2,clinical_no_egfr_lr,0.4916599746161453
bkbc_163,0,42,2,clinical_no_egfr_lr,0.47061693343894995
bkbc_166,0,42,2,clinical_no_egfr_lr,0.4811300863361937
bkbc_171,0,42,2,clinical_no_egfr_lr,0.47061693343894995
bkbc_172,0,42,2,clinical_no_egfr_lr,0.44967782591470196
bkbc_173,1,42,2,clinical_no_egfr_lr,0.47061693343894995
bkbc_175,1,42,2,clinical_no_egfr_lr,0.4916599746161453
bkbc_183,1,42,2,clinical_no_egfr_lr,0.4811300863361937
bkbc_206,0,42,2,clinical_no_egfr_lr,0.4392701058460849
bkbc_213,0,42,2,clinical_no_egfr_lr,0.4916599746161453
bkbc_218,0,42,2,clinical_no_egfr_lr,0.4811300863361937
bkbc_225,1,42,2,clinical_no_egfr_lr,0.47061693343894995
bkbc_238,0,42,2,clinical_no_egfr_lr,0.47061693343894995
bkbc_240,1,42,2,clinical_no_egfr_lr,0.4811300863361937
bkbc_242,1,42,2,clinical_no_egfr_lr,0.44967782591470196
bkbc_248,1,42,2,clinical_no_egfr_lr,0.4392701058460849
bkbc_254,1,42,2,clinical_no_egfr_lr,0.4916599746161453
bkbc_277,0,42,2,clinical_no_egfr_lr,0.47061693343894995
bkbc_280,0,42,2,clinical_no_egfr_lr,0.47061693343894995
bkbc_283,1,42,2,clinical_no_egfr_lr,0.4916599746161453
bkbc_287,0,42,2,clinical_no_egfr_lr,0.4916599746161453
bkbc_290,1,42,2,clinical_no_egfr_lr,0.4916599746161453
bkbc_303,0,42,2,clinical_no_egfr_lr,0.4811300863361937
bkbc_307,1,42,2,clinical_no_egfr_lr,0.4916599746161453
bkbc_310,0,42,2,clinical_no_egfr_lr,0.47061693343894995
bkbc_318,1,42,2,clinical_no_egfr_lr,0.4916599746161453
bkbc_336,1,42,2,clinical_no_egfr_lr,0.47061693343894995
bkbc_339,0,42,2,clinical_no_egfr_lr,0.47061693343894995
bkbc_346,0,42,2,clinical_no_egfr_lr,0.4811300863361937
bkbc_347,1,42,2,clinical_no_egfr_lr,0.44967782591470196
bkbc_354,0,42,2,clinical_no_egfr_lr,0.4811300863361937
bkbc_356,1,42,2,clinical_no_egfr_lr,0.4811300863361937
bkbc_358,1,42,2,clinical_no_egfr_lr,0.4916599746161453
bkbc_361,1,42,2,clinical_no_egfr_lr,0.4916599746161453
bkbc_367,1,42,2,clinical_no_egfr_lr,0.46012978691762857
bkbc_368,1,42,2,clinical_no_egfr_lr,0.4811300863361937
bkbc_371,0,42,2,clinical_no_egfr_lr,0.47061693343894995
bkbc_374,1,42,2,clinical_no_egfr_lr,0.4811300863361937
bkbc_385,0,42,2,clinical_no_egfr_lr,0.4811300863361937
bkbc_393,1,42,2,clinical_no_egfr_lr,0.46012978691762857
bkbc_401,1,42,2,clinical_no_egfr_lr,0.4811300863361937
bkbc_410,1,42,2,clinical_no_egfr_lr,0.4811300863361937
bkbc_411,0,42,2,clinical_no_egfr_lr,0.4392701058460849
bkbc_420,0,42,2,clinical_no_egfr_lr,0.47061693343894995
bkbc_0,1,42,3,xgb_fs1,0.8709210753440857
bkbc_3,0,42,3,xgb_fs1,0.3452378213405609
bkbc_6,1,42,3,xgb_fs1,0.38789549469947815
bkbc_10,0,42,3,xgb_fs1,0.3403717577457428
bkbc_15,0,42,3,xgb_fs1,0.644940197467804
bkbc_33,0,42,3,xgb_fs1,0.37471696734428406
bkbc_38,1,42,3,xgb_fs1,0.8284217715263367
bkbc_49,1,42,3,xgb_fs1,0.5347856879234314
bkbc_54,0,42,3,xgb_fs1,0.25118106603622437
bkbc_55,0,42,3,xgb_fs1,0.20554515719413757
bkbc_57,1,42,3,xgb_fs1,0.5729026794433594
bkbc_64,0,42,3,xgb_fs1,0.5517075061798096
bkbc_72,0,42,3,xgb_fs1,0.21762952208518982
bkbc_75,1,42,3,xgb_fs1,0.7388262748718262
bkbc_86,0,42,3,xgb_fs1,0.603530764579773
bkbc_106,1,42,3,xgb_fs1,0.6096850633621216
bkbc_107,1,42,3,xgb_fs1,0.7268068194389343
bkbc_113,1,42,3,xgb_fs1,0.6775333285331726
bkbc_117,1,42,3,xgb_fs1,0.33083492517471313
bkbc_124,1,42,3,xgb_fs1,0.7890302538871765
bkbc_127,1,42,3,xgb_fs1,0.7786989212036133
bkbc_135,1,42,3,xgb_fs1,0.5730302929878235
bkbc_140,1,42,3,xgb_fs1,0.802176296710968
bkbc_142,0,42,3,xgb_fs1,0.3304724097251892
bkbc_145,0,42,3,xgb_fs1,0.7327486872673035
bkbc_153,1,42,3,xgb_fs1,0.798827052116394
bkbc_154,0,42,3,xgb_fs1,0.6034687161445618
bkbc_155,0,42,3,xgb_fs1,0.5306127071380615
bkbc_158,1,42,3,xgb_fs1,0.793718695640564
bkbc_159,0,42,3,xgb_fs1,0.2824137806892395
bkbc_164,0,42,3,xgb_fs1,0.6037338972091675
bkbc_167,1,42,3,xgb_fs1,0.642808735370636
bkbc_168,1,42,3,xgb_fs1,0.7054354548454285
bkbc_178,1,42,3,xgb_fs1,0.792610228061676
bkbc_184,0,42,3,xgb_fs1,0.5299007296562195
bkbc_185,0,42,3,xgb_fs1,0.18848784267902374
bkbc_193,1,42,3,xgb_fs1,0.8668038845062256
bkbc_196,0,42,3,xgb_fs1,0.43906936049461365
bkbc_207,0,42,3,xgb_fs1,0.5027731657028198
bkbc_216,0,42,3,xgb_fs1,0.8464019298553467
bkbc_219,1,42,3,xgb_fs1,0.39388135075569153
bkbc_220,0,42,3,xgb_fs1,0.26702171564102173
bkbc_227,1,42,3,xgb_fs1,0.5731103420257568
bkbc_243,0,42,3,xgb_fs1,0.25587135553359985
bkbc_244,0,42,3,xgb_fs1,0.3226008415222168
bkbc_247,0,42,3,xgb_fs1,0.6916837692260742
bkbc_249,0,42,3,xgb_fs1,0.19967518746852875
bkbc_253,0,42,3,xgb_fs1,0.18474255502223969
bkbc_255,0,42,3,xgb_fs1,0.24262073636054993
bkbc_256,1,42,3,xgb_fs1,0.6492722630500793
bkbc_268,0,42,3,xgb_fs1,0.591231644153595
bkbc_275,1,42,3,xgb_fs1,0.371132493019104
bkbc_285,0,42,3,xgb_fs1,0.39861243963241577
bkbc_286,1,42,3,xgb_fs1,0.5743760466575623
bkbc_292,0,42,3,xgb_fs1,0.35466647148132324
bkbc_299,1,42,3,xgb_fs1,0.251778781414032
bkbc_306,0,42,3,xgb_fs1,0.270152747631073
bkbc_312,0,42,3,xgb_fs1,0.24468804895877838
bkbc_316,0,42,3,xgb_fs1,0.7523211240768433
bkbc_321,1,42,3,xgb_fs1,0.39365190267562866
bkbc_325,1,42,3,xgb_fs1,0.2673647999763489
bkbc_326,1,42,3,xgb_fs1,0.4182189106941223
bkbc_327,1,42,3,xgb_fs1,0.8466256260871887
bkbc_332,1,42,3,xgb_fs1,0.26337864995002747
bkbc_335,0,42,3,xgb_fs1,0.30148306488990784
bkbc_338,0,42,3,xgb_fs1,0.31980639696121216
bkbc_341,0,42,3,xgb_fs1,0.3021147549152374
bkbc_349,0,42,3,xgb_fs1,0.1975899189710617
bkbc_360,1,42,3,xgb_fs1,0.650753378868103
bkbc_366,0,42,3,xgb_fs1,0.6037460565567017
bkbc_369,1,42,3,xgb_fs1,0.7760124206542969
bkbc_373,0,42,3,xgb_fs1,0.29388427734375
bkbc_376,0,42,3,xgb_fs1,0.20842397212982178
bkbc_383,0,42,3,xgb_fs1,0.5034096837043762
bkbc_384,0,42,3,xgb_fs1,0.19383521378040314
bkbc_397,1,42,3,xgb_fs1,0.2544991374015808
bkbc_398,1,42,3,xgb_fs1,0.41417044401168823
bkbc_399,1,42,3,xgb_fs1,0.2090502679347992
bkbc_400,1,42,3,xgb_fs1,0.49359357357025146
bkbc_402,0,42,3,xgb_fs1,0.3587392270565033
bkbc_416,1,42,3,xgb_fs1,0.7528234124183655
bkbc_418,1,42,3,xgb_fs1,0.6601575613021851
bkbc_422,1,42,3,xgb_fs1,0.6934278011322021
bkbc_423,0,42,3,xgb_fs1,0.5018216967582703
bkbc_424,0,42,3,xgb_fs1,0.2375212460756302
bkbc_0,1,42,3,xgb_fs2,0.9223695397377014
bkbc_3,0,42,3,xgb_fs2,0.4098944664001465
bkbc_6,1,42,3,xgb_fs2,0.486197292804718
bkbc_10,0,42,3,xgb_fs2,0.2843529284000397
bkbc_15,0,42,3,xgb_fs2,0.7038540244102478
bkbc_33,0,42,3,xgb_fs2,0.3824130594730377
bkbc_38,1,42,3,xgb_fs2,0.83955979347229
bkbc_49,1,42,3,xgb_fs2,0.4296460449695587
bkbc_54,0,42,3,xgb_fs2,0.24902233481407166
bkbc_55,0,42,3,xgb_fs2,0.24143964052200317
bkbc_57,1,42,3,xgb_fs2,0.5331147909164429
bkbc_64,0,42,3,xgb_fs2,0.6193617582321167
bkbc_72,0,42,3,xgb_fs2,0.2486414611339569
bkbc_75,1,42,3,xgb_fs2,0.6437488794326782
bkbc_86,0,42,3,xgb_fs2,0.5589367747306824
bkbc_106,1,42,3,xgb_fs2,0.5903455018997192
bkbc_107,1,42,3,xgb_fs2,0.7699214816093445
bkbc_113,1,42,3,xgb_fs2,0.6812878847122192
bkbc_117,1,42,3,xgb_fs2,0.22869940102100372
bkbc_124,1,42,3,xgb_fs2,0.8623502850532532
bkbc_127,1,42,3,xgb_fs2,0.7954279184341431
bkbc_135,1,42,3,xgb_fs2,0.5641868710517883
bkbc_140,1,42,3,xgb_fs2,0.8218076229095459
bkbc_142,0,42,3,xgb_fs2,0.24513424932956696
bkbc_145,0,42,3,xgb_fs2,0.8365777730941772
bkbc_153,1,42,3,xgb_fs2,0.8367857933044434
bkbc_154,0,42,3,xgb_fs2,0.4797110855579376
bkbc_155,0,42,3,xgb_fs2,0.48028334975242615
bkbc_158,1,42,3,xgb_fs2,0.7653807401657104
bkbc_159,0,42,3,xgb_fs2,0.21462887525558472
bkbc_164,0,42,3,xgb_fs2,0.5773710608482361
bkbc_167,1,42,3,xgb_fs2,0.6697538495063782
bkbc_168,1,42,3,xgb_fs2,0.7979130148887634
bkbc_178,1,42,3,xgb_fs2,0.8680202960968018
bkbc_184,0,42,3,xgb_fs2,0.4105567932128906
bkbc_185,0,42,3,xgb_fs2,0.15206953883171082
bkbc_193,1,42,3,xgb_fs2,0.8599468469619751
bkbc_196,0,42,3,xgb_fs2,0.3837403655052185
bkbc_207,0,42,3,xgb_fs2,0.4493909478187561
bkbc_216,0,42,3,xgb_fs2,0.8720389008522034
bkbc_219,1,42,3,xgb_fs2,0.4578632712364197
bkbc_220,0,42,3,xgb_fs2,0.1904935985803604
bkbc_227,1,42,3,xgb_fs2,0.49336493015289307
bkbc_243,0,42,3,xgb_fs2,0.19005918502807617
bkbc_244,0,42,3,xgb_fs2,0.3237901031970978
bkbc_247,0,42,3,xgb_fs2,0.7612758278846741
bkbc_249,0,42,3,xgb_fs2,0.1606248915195465
bkbc_253,0,42,3,xgb_fs2,0.11071579158306122
bkbc_255,0,42,3,xgb_fs2,0.22655288875102997
bkbc_256,1,42,3,xgb_fs2,0.6297274827957153
bkbc_268,0,42,3,xgb_fs2,0.5623840093612671
bkbc_275,1,42,3,xgb_fs2,0.2596568763256073
bkbc_285,0,42,3,xgb_fs2,0.359477162361145
bkbc_286,1,42,3,xgb_fs2,0.572783350944519
bkbc_292,0,42,3,xgb_fs2,0.2845016121864319
bkbc_299,1,42,3,xgb_fs2,0.2771560251712799
bkbc_306,0,42,3,xgb_fs2,0.24311897158622742
bkbc_312,0,42,3,xgb_fs2,0.2775386571884155
bkbc_316,0,42,3,xgb_fs2,0.7249359488487244
bkbc_321,1,42,3,xgb_fs2,0.400007963180542
bkbc_325,1,42,3,xgb_fs2,0.2772825062274933
bkbc_326,1,42,3,xgb_fs2,0.4115651845932007
bkbc_327,1,42,3,xgb_fs2,0.8856278657913208
bkbc_332,1,42,3,xgb_fs2,0.25560444593429565
bkbc_335,0,42,3,xgb_fs2,0.2388899177312851
bkbc_338,0,42,3,xgb_fs2,0.35270723700523376
bkbc_341,0,42,3,xgb_fs2,0.320756196975708
bkbc_349,0,42,3,xgb_fs2,0.3395456373691559
bkbc_360,1,42,3,xgb_fs2,0.6180071830749512
bkbc_366,0,42,3,xgb_fs2,0.6711750030517578
bkbc_369,1,42,3,xgb_fs2,0.8079908490180969
bkbc_373,0,42,3,xgb_fs2,0.274309366941452
bkbc_376,0,42,3,xgb_fs2,0.19599151611328125
bkbc_383,0,42,3,xgb_fs2,0.6184277534484863
bkbc_384,0,42,3,xgb_fs2,0.18687458336353302
bkbc_397,1,42,3,xgb_fs2,0.16660036146640778
bkbc_398,1,42,3,xgb_fs2,0.3382788896560669
bkbc_399,1,42,3,xgb_fs2,0.154391348361969
bkbc_400,1,42,3,xgb_fs2,0.5858955979347229
bkbc_402,0,42,3,xgb_fs2,0.3315083384513855
bkbc_416,1,42,3,xgb_fs2,0.8157721757888794
bkbc_418,1,42,3,xgb_fs2,0.775256872177124
bkbc_422,1,42,3,xgb_fs2,0.7194810509681702
bkbc_423,0,42,3,xgb_fs2,0.43370673060417175
bkbc_424,0,42,3,xgb_fs2,0.2887232005596161
bkbc_0,1,42,3,xgb_fs3,0.858877956867218
bkbc_3,0,42,3,xgb_fs3,0.31170040369033813
bkbc_6,1,42,3,xgb_fs3,0.6014306545257568
bkbc_10,0,42,3,xgb_fs3,0.27181386947631836
bkbc_15,0,42,3,xgb_fs3,0.7081906795501709
bkbc_33,0,42,3,xgb_fs3,0.2751826047897339
bkbc_38,1,42,3,xgb_fs3,0.7949704527854919
bkbc_49,1,42,3,xgb_fs3,0.31371524930000305
bkbc_54,0,42,3,xgb_fs3,0.365811288356781
bkbc_55,0,42,3,xgb_fs3,0.23583225905895233
bkbc_57,1,42,3,xgb_fs3,0.6864812970161438
bkbc_64,0,42,3,xgb_fs3,0.5660831332206726
bkbc_72,0,42,3,xgb_fs3,0.3469112515449524
bkbc_75,1,42,3,xgb_fs3,0.6364635825157166
bkbc_86,0,42,3,xgb_fs3,0.5285521149635315
bkbc_106,1,42,3,xgb_fs3,0.5932773351669312
bkbc_107,1,42,3,xgb_fs3,0.695644199848175
bkbc_113,1,42,3,xgb_fs3,0.5144719481468201
bkbc_117,1,42,3,xgb_fs3,0.4789556860923767
bkbc_124,1,42,3,xgb_fs3,0.7683363556861877
bkbc_127,1,42,3,xgb_fs3,0.6650051474571228
bkbc_135,1,42,3,xgb_fs3,0.634010374546051
bkbc_140,1,42,3,xgb_fs3,0.7567576766014099
bkbc_142,0,42,3,xgb_fs3,0.4285762906074524
bkbc_145,0,42,3,xgb_fs3,0.7599462866783142
bkbc_153,1,42,3,xgb_fs3,0.7669553756713867
bkbc_154,0,42,3,xgb_fs3,0.43935737013816833
bkbc_155,0,42,3,xgb_fs3,0.5892114639282227
bkbc_158,1,42,3,xgb_fs3,0.7573323249816895
bkbc_159,0,42,3,xgb_fs3,0.21148447692394257
bkbc_164,0,42,3,xgb_fs3,0.6473948359489441
bkbc_167,1,42,3,xgb_fs3,0.5663877129554749
bkbc_168,1,42,3,xgb_fs3,0.7194884419441223
bkbc_178,1,42,3,xgb_fs3,0.7412733435630798
bkbc_184,0,42,3,xgb_fs3,0.48275622725486755
bkbc_185,0,42,3,xgb_fs3,0.21448346972465515
bkbc_193,1,42,3,xgb_fs3,0.779708981513977
bkbc_196,0,42,3,xgb_fs3,0.4614386558532715
bkbc_207,0,42,3,xgb_fs3,0.4728747606277466
bkbc_216,0,42,3,xgb_fs3,0.8669881224632263
bkbc_219,1,42,3,xgb_fs3,0.48027610778808594
bkbc_220,0,42,3,xgb_fs3,0.22150254249572754
bkbc_227,1,42,3,xgb_fs3,0.614145040512085
bkbc_243,0,42,3,xgb_fs3,0.18323922157287598
bkbc_244,0,42,3,xgb_fs3,0.37389621138572693
bkbc_247,0,42,3,xgb_fs3,0.7474865317344666
bkbc_249,0,42,3,xgb_fs3,0.18454313278198242
bkbc_253,0,42,3,xgb_fs3,0.192702978849411
bkbc_255,0,42,3,xgb_fs3,0.3061263859272003
bkbc_256,1,42,3,xgb_fs3,0.6549904346466064
bkbc_268,0,42,3,xgb_fs3,0.6159687638282776
bkbc_275,1,42,3,xgb_fs3,0.27953028678894043
bkbc_285,0,42,3,xgb_fs3,0.3107195496559143
bkbc_286,1,42,3,xgb_fs3,0.49421653151512146
bkbc_292,0,42,3,xgb_fs3,0.3314439356327057
bkbc_299,1,42,3,xgb_fs3,0.30502668023109436
bkbc_306,0,42,3,xgb_fs3,0.3453013300895691
bkbc_312,0,42,3,xgb_fs3,0.21373769640922546
bkbc_316,0,42,3,xgb_fs3,0.6226905584335327
bkbc_321,1,42,3,xgb_fs3,0.3980134129524231
bkbc_325,1,42,3,xgb_fs3,0.3489665389060974
bkbc_326,1,42,3,xgb_fs3,0.4242601692676544
bkbc_327,1,42,3,xgb_fs3,0.8066166043281555
bkbc_332,1,42,3,xgb_fs3,0.32243454456329346
bkbc_335,0,42,3,xgb_fs3,0.3002031743526459
bkbc_338,0,42,3,xgb_fs3,0.3778122663497925
bkbc_341,0,42,3,xgb_fs3,0.2994353771209717
bkbc_349,0,42,3,xgb_fs3,0.2976078987121582
bkbc_360,1,42,3,xgb_fs3,0.5365021228790283
bkbc_366,0,42,3,xgb_fs3,0.6833241581916809
bkbc_369,1,42,3,xgb_fs3,0.7245903611183167
bkbc_373,0,42,3,xgb_fs3,0.3087131381034851
bkbc_376,0,42,3,xgb_fs3,0.18354415893554688
bkbc_383,0,42,3,xgb_fs3,0.4885360300540924
bkbc_384,0,42,3,xgb_fs3,0.25989869236946106
bkbc_397,1,42,3,xgb_fs3,0.26912957429885864
bkbc_398,1,42,3,xgb_fs3,0.39690589904785156
bkbc_399,1,42,3,xgb_fs3,0.2321964055299759
bkbc_400,1,42,3,xgb_fs3,0.6864451169967651
bkbc_402,0,42,3,xgb_fs3,0.37564486265182495
bkbc_416,1,42,3,xgb_fs3,0.7466903924942017
bkbc_418,1,42,3,xgb_fs3,0.7745007276535034
bkbc_422,1,42,3,xgb_fs3,0.7500101327896118
bkbc_423,0,42,3,xgb_fs3,0.5076425671577454
bkbc_424,0,42,3,xgb_fs3,0.3771326243877411
bkbc_0,1,42,3,elastic_fs2,0.9651251765956828
bkbc_3,0,42,3,elastic_fs2,0.3943068375117135
bkbc_6,1,42,3,elastic_fs2,0.41842875113983713
bkbc_10,0,42,3,elastic_fs2,0.21095370746238074
bkbc_15,0,42,3,elastic_fs2,0.6949579381822665
bkbc_33,0,42,3,elastic_fs2,0.39849494253637385
bkbc_38,1,42,3,elastic_fs2,0.8642306106251871
bkbc_49,1,42,3,elastic_fs2,0.394770944177715
bkbc_54,0,42,3,elastic_fs2,0.2894903539597638
bkbc_55,0,42,3,elastic_fs2,0.27943614216750123
bkbc_57,1,42,3,elastic_fs2,0.5839826241706163
bkbc_64,0,42,3,elastic_fs2,0.5408998353711233
bkbc_72,0,42,3,elastic_fs2,0.2737926897853436
bkbc_75,1,42,3,elastic_fs2,0.6850351403758556
bkbc_86,0,42,3,elastic_fs2,0.5058506141253758
bkbc_106,1,42,3,elastic_fs2,0.5626773943335659
bkbc_107,1,42,3,elastic_fs2,0.6474737706277545
bkbc_113,1,42,3,elastic_fs2,0.4976459513500738
bkbc_117,1,42,3,elastic_fs2,0.4208332807641541
bkbc_124,1,42,3,elastic_fs2,0.8068144072791097
bkbc_127,1,42,3,elastic_fs2,0.6471492713327683
bkbc_135,1,42,3,elastic_fs2,0.6875276298106595
bkbc_140,1,42,3,elastic_fs2,0.815553599687745
bkbc_142,0,42,3,elastic_fs2,0.38196157433927325
bkbc_145,0,42,3,elastic_fs2,0.7624716230486127
bkbc_153,1,42,3,elastic_fs2,0.8922223328479923
bkbc_154,0,42,3,elastic_fs2,0.5290677076816274
bkbc_155,0,42,3,elastic_fs2,0.6374745988415026
bkbc_158,1,42,3,elastic_fs2,0.7909061656411519
bkbc_159,0,42,3,elastic_fs2,0.1777218013971228
bkbc_164,0,42,3,elastic_fs2,0.5248725715284747
bkbc_167,1,42,3,elastic_fs2,0.561579782869732
bkbc_168,1,42,3,elastic_fs2,0.790801751406349
bkbc_178,1,42,3,elastic_fs2,0.7402653233824591
bkbc_184,0,42,3,elastic_fs2,0.5507788057084158
bkbc_185,0,42,3,elastic_fs2,0.12359922151707588
bkbc_193,1,42,3,elastic_fs2,0.7796408939311557
bkbc_196,0,42,3,elastic_fs2,0.5340712039536422
bkbc_207,0,42,3,elastic_fs2,0.5486355079012084
bkbc_216,0,42,3,elastic_fs2,0.793681117162806
bkbc_219,1,42,3,elastic_fs2,0.5051728661184933
bkbc_220,0,42,3,elastic_fs2,0.2265278319081837
bkbc_227,1,42,3,elastic_fs2,0.5556587839283541
bkbc_243,0,42,3,elastic_fs2,0.18532443316998753
bkbc_244,0,42,3,elastic_fs2,0.34182178611710856
bkbc_247,0,42,3,elastic_fs2,0.6193642623979474
bkbc_249,0,42,3,elastic_fs2,0.14308205837611876
bkbc_253,0,42,3,elastic_fs2,0.117163809281216
bkbc_255,0,42,3,elastic_fs2,0.13079259617814276
bkbc_256,1,42,3,elastic_fs2,0.5732208205563963
bkbc_268,0,42,3,elastic_fs2,0.605930767556641
bkbc_275,1,42,3,elastic_fs2,0.19221871316653405
bkbc_285,0,42,3,elastic_fs2,0.28397014689817757
bkbc_286,1,42,3,elastic_fs2,0.512288630549435
bkbc_292,0,42,3,elastic_fs2,0.4036323981707509
bkbc_299,1,42,3,elastic_fs2,0.30777976181477695
bkbc_306,0,42,3,elastic_fs2,0.37491668868200656
bkbc_312,0,42,3,elastic_fs2,0.3182425362639591
bkbc_316,0,42,3,elastic_fs2,0.5713522447865813
bkbc_321,1,42,3,elastic_fs2,0.5653292493925947
bkbc_325,1,42,3,elastic_fs2,0.35601761653929365
bkbc_326,1,42,3,elastic_fs2,0.2627870821497655
bkbc_327,1,42,3,elastic_fs2,0.8620867807360676
bkbc_332,1,42,3,elastic_fs2,0.30519559082017195
bkbc_335,0,42,3,elastic_fs2,0.27809448757533406
bkbc_338,0,42,3,elastic_fs2,0.28195586652616883
bkbc_341,0,42,3,elastic_fs2,0.23872407803556114
bkbc_349,0,42,3,elastic_fs2,0.3506739970653383
bkbc_360,1,42,3,elastic_fs2,0.5377510280149275
bkbc_366,0,42,3,elastic_fs2,0.640683217560791
bkbc_369,1,42,3,elastic_fs2,0.7993417639406072
bkbc_373,0,42,3,elastic_fs2,0.17891996487660194
bkbc_376,0,42,3,elastic_fs2,0.2508454769289692
bkbc_383,0,42,3,elastic_fs2,0.47323204634301175
bkbc_384,0,42,3,elastic_fs2,0.31559157222172374
bkbc_397,1,42,3,elastic_fs2,0.22781069022882866
bkbc_398,1,42,3,elastic_fs2,0.5452726945157049
bkbc_399,1,42,3,elastic_fs2,0.20751455967421759
bkbc_400,1,42,3,elastic_fs2,0.5424692152803781
bkbc_402,0,42,3,elastic_fs2,0.36389022036281576
bkbc_416,1,42,3,elastic_fs2,0.8399897830474383
bkbc_418,1,42,3,elastic_fs2,0.7799584832526177
bkbc_422,1,42,3,elastic_fs2,0.5619235278705831
bkbc_423,0,42,3,elastic_fs2,0.5376547044825061
bkbc_424,0,42,3,elastic_fs2,0.314244907185034
bkbc_0,1,42,3,egfr_only_lr,0.7167996373497582
bkbc_3,0,42,3,egfr_only_lr,0.485186250829757
bkbc_6,1,42,3,egfr_only_lr,0.5805219607188812
bkbc_10,0,42,3,egfr_only_lr,0.08171357121346236
bkbc_15,0,42,3,egfr_only_lr,0.5057632017026565
bkbc_33,0,42,3,egfr_only_lr,0.6328476695391207
bkbc_38,1,42,3,egfr_only_lr,0.74380728072346
bkbc_49,1,42,3,egfr_only_lr,0.4783349737565017
bkbc_54,0,42,3,egfr_only_lr,0.4783349737565017
bkbc_55,0,42,3,egfr_only_lr,0.35877811244568736
bkbc_57,1,42,3,egfr_only_lr,0.6997936726096231
bkbc_64,0,42,3,egfr_only_lr,0.464659400184945
bkbc_72,0,42,3,egfr_only_lr,0.5738249969286988
bkbc_75,1,42,3,egfr_only_lr,0.6822192419788924
bkbc_86,0,42,3,egfr_only_lr,0.6641098050671239
bkbc_106,1,42,3,egfr_only_lr,0.5126212895007705
bkbc_107,1,42,3,egfr_only_lr,0.6328476695391207
bkbc_113,1,42,3,egfr_only_lr,0.47149183795118227
bkbc_117,1,42,3,egfr_only_lr,0.5467892437810106
bkbc_124,1,42,3,egfr_only_lr,0.6069917713176297
bkbc_127,1,42,3,egfr_only_lr,0.5467892437810106
bkbc_135,1,42,3,egfr_only_lr,0.6135185770372651
bkbc_140,1,42,3,egfr_only_lr,0.7278072571363045
bkbc_142,0,42,3,egfr_only_lr,0.498902944428026
bkbc_145,0,42,3,egfr_only_lr,0.6939971598918532
bkbc_153,1,42,3,egfr_only_lr,0.7223370260009746
bkbc_154,0,42,3,egfr_only_lr,0.6881386031943317
bkbc_155,0,42,3,egfr_only_lr,0.5603518851889043
bkbc_158,1,42,3,egfr_only_lr,0.7278072571363045
bkbc_159,0,42,3,egfr_only_lr,0.4374871255756405
bkbc_164,0,42,3,egfr_only_lr,0.5126212895007705
bkbc_167,1,42,3,egfr_only_lr,0.19288450249436262
bkbc_168,1,42,3,egfr_only_lr,0.7167996373497582
bkbc_178,1,42,3,egfr_only_lr,0.5603518851889043
bkbc_184,0,42,3,egfr_only_lr,0.6328476695391207
bkbc_185,0,42,3,egfr_only_lr,0.09033749721034932
bkbc_193,1,42,3,egfr_only_lr,0.5331567832518318
bkbc_196,0,42,3,egfr_only_lr,0.1399670095840459
bkbc_207,0,42,3,egfr_only_lr,0.5938250020885669
bkbc_216,0,42,3,egfr_only_lr,0.6822192419788924
bkbc_219,1,42,3,egfr_only_lr,0.5871893952083617
bkbc_220,0,42,3,egfr_only_lr,0.13348988044051405
bkbc_227,1,42,3,egfr_only_lr,0.6822192419788924
bkbc_243,0,42,3,egfr_only_lr,0.25452387642348817
bkbc_244,0,42,3,egfr_only_lr,0.6135185770372651
bkbc_247,0,42,3,egfr_only_lr,0.6135185770372651
bkbc_249,0,42,3,egfr_only_lr,0.18039089770157613
bkbc_253,0,42,3,egfr_only_lr,0.2650772023232801
bkbc_255,0,42,3,egfr_only_lr,0.3779296180813699
bkbc_256,1,42,3,egfr_only_lr,0.6579610559431661
bkbc_268,0,42,3,egfr_only_lr,0.5603518851889043
bkbc_275,1,42,3,egfr_only_lr,0.21981876091508745
bkbc_285,0,42,3,egfr_only_lr,0.10741454756860398
bkbc_286,1,42,3,egfr_only_lr,0.4173423522910646
bkbc_292,0,42,3,egfr_only_lr,0.18864828922938134
bkbc_299,1,42,3,egfr_only_lr,0.15731358726915393
bkbc_306,0,42,3,egfr_only_lr,0.5467892437810106
bkbc_312,0,42,3,egfr_only_lr,0.3779296180813699
bkbc_316,0,42,3,egfr_only_lr,0.5535805348426492
bkbc_321,1,42,3,egfr_only_lr,0.45784020120132807
bkbc_325,1,42,3,egfr_only_lr,0.23922108523322588
bkbc_326,1,42,3,egfr_only_lr,0.49204310017746716
bkbc_327,1,42,3,egfr_only_lr,0.7167996373497582
bkbc_332,1,42,3,egfr_only_lr,0.4442515799545393
bkbc_335,0,42,3,egfr_only_lr,0.2983657862838247
bkbc_338,0,42,3,egfr_only_lr,0.464659400184945
bkbc_341,0,42,3,egfr_only_lr,0.5738249969286988
bkbc_349,0,42,3,egfr_only_lr,0.5331567832518318
bkbc_360,1,42,3,egfr_only_lr,0.6004265287836517
bkbc_366,0,42,3,egfr_only_lr,0.6702034240157954
bkbc_369,1,42,3,egfr_only_lr,0.6135185770372651
bkbc_373,0,42,3,egfr_only_lr,0.1724181353644205
bkbc_376,0,42,3,egfr_only_lr,0.1724181353644205
bkbc_383,0,42,3,egfr_only_lr,0.3158811057846862
bkbc_384,0,42,3,egfr_only_lr,0.33393527632271364
bkbc_397,1,42,3,egfr_only_lr,0.19288450249436262
bkbc_398,1,42,3,egfr_only_lr,0.5805219607188812
bkbc_399,1,42,3,egfr_only_lr,0.33393527632271364
bkbc_400,1,42,3,egfr_only_lr,0.6762403878177599
bkbc_402,0,42,3,egfr_only_lr,0.19719272270940874
bkbc_416,1,42,3,egfr_only_lr,0.74380728072346
bkbc_418,1,42,3,egfr_only_lr,0.4783349737565017
bkbc_422,1,42,3,egfr_only_lr,0.6997936726096231
bkbc_423,0,42,3,egfr_only_lr,0.6264485393119309
bkbc_424,0,42,3,egfr_only_lr,0.18448384775859825
bkbc_0,1,42,3,clinical_lr,0.6584846765382373
bkbc_3,0,42,3,clinical_lr,0.484601745451668
bkbc_6,1,42,3,clinical_lr,0.5542042493215025
bkbc_10,0,42,3,clinical_lr,0.14464676962976905
bkbc_15,0,42,3,clinical_lr,0.49955856649398334
bkbc_33,0,42,3,clinical_lr,0.5932129930492704
bkbc_38,1,42,3,clinical_lr,0.6805484315338504
bkbc_49,1,42,3,clinical_lr,0.47962094006477685
bkbc_54,0,42,3,clinical_lr,0.47962094006477685
bkbc_55,0,42,3,clinical_lr,0.3915879981349447
bkbc_57,1,42,3,clinical_lr,0.6449013988983991
bkbc_64,0,42,3,clinical_lr,0.4696724573101763
bkbc_72,0,42,3,clinical_lr,0.5492704593183151
bkbc_75,1,42,3,clinical_lr,0.6310805468320235
bkbc_86,0,42,3,clinical_lr,0.6170412037945611
bkbc_106,1,42,3,clinical_lr,0.5045456717124623
bkbc_107,1,42,3,clinical_lr,0.5932129930492704
bkbc_113,1,42,3,clinical_lr,0.4746441826940257
bkbc_117,1,42,3,clinical_lr,0.5294478302481321
bkbc_124,1,42,3,clinical_lr,0.5738234564875635
bkbc_127,1,42,3,clinical_lr,0.5294478302481321
bkbc_135,1,42,3,clinical_lr,0.5786946320623273
bkbc_140,1,42,3,clinical_lr,0.6673994554149643
bkbc_142,0,42,3,clinical_lr,0.49457154910593937
bkbc_145,0,42,3,clinical_lr,0.6403199328085667
bkbc_153,1,42,3,clinical_lr,0.6629565556118415
bkbc_154,0,42,3,clinical_lr,0.6357127464067753
bkbc_155,0,42,3,clinical_lr,0.5393747130580634
bkbc_158,1,42,3,clinical_lr,0.6673994554149643
bkbc_159,0,42,3,clinical_lr,0.44985539936372937
bkbc_164,0,42,3,clinical_lr,0.5045456717124623
bkbc_167,1,42,3,clinical_lr,0.2574893953671153
bkbc_168,1,42,3,clinical_lr,0.6584846765382373
bkbc_178,1,42,3,clinical_lr,0.5393747130580634
bkbc_184,0,42,3,clinical_lr,0.5932129930492704
bkbc_185,0,42,3,clinical_lr,0.1548019879610042
bkbc_193,1,42,3,clinical_lr,0.5194975968132783
bkbc_196,0,42,3,clinical_lr,0.20778259659630097
bkbc_207,0,42,3,clinical_lr,0.5640389132607622
bkbc_216,0,42,3,clinical_lr,0.6310805468320235
bkbc_219,1,42,3,clinical_lr,0.5591273812272418
bkbc_220,0,42,3,clinical_lr,0.2012915913760006
bkbc_227,1,42,3,clinical_lr,0.6310805468320235
bkbc_243,0,42,3,clinical_lr,0.31008485483340514
bkbc_244,0,42,3,clinical_lr,0.5786946320623273
bkbc_247,0,42,3,clinical_lr,0.5786946320623273
bkbc_249,0,42,3,clinical_lr,0.24621438009628863
bkbc_253,0,42,3,clinical_lr,0.318684309121081
bkbc_255,0,42,3,clinical_lr,0.40593510476326783
bkbc_256,1,42,3,clinical_lr,0.6123163713250213
bkbc_268,0,42,3,clinical_lr,0.5393747130580634
bkbc_275,1,42,3,clinical_lr,0.28102861072672086
bkbc_285,0,42,3,clinical_lr,0.17396519279086536
bkbc_286,1,42,3,clinical_lr,0.43509289923406846
bkbc_292,0,42,3,clinical_lr,0.25369387663474635
bkbc_299,1,42,3,clinical_lr,0.224679958583836
bkbc_306,0,42,3,clinical_lr,0.5294478302481321
bkbc_312,0,42,3,clinical_lr,0.40593510476326783
bkbc_316,0,42,3,clinical_lr,0.5344146791201126
bkbc_321,1,42,3,clinical_lr,0.4647067438952412
bkbc_325,1,42,3,clinical_lr,0.29742931951615686
bkbc_326,1,42,3,clinical_lr,0.48958561167076275
bkbc_327,1,42,3,clinical_lr,0.6584846765382373
bkbc_332,1,42,3,clinical_lr,0.4547972483511969
bkbc_335,0,42,3,clinical_lr,0.34521687114547944
bkbc_338,0,42,3,clinical_lr,0.4696724573101763
bkbc_341,0,42,3,clinical_lr,0.5492704593183151
bkbc_349,0,42,3,clinical_lr,0.5194975968132783
bkbc_360,1,42,3,clinical_lr,0.5689379126842983
bkbc_366,0,42,3,clinical_lr,0.6217440248760042
bkbc_369,1,42,3,clinical_lr,0.5786946320623273
bkbc_373,0,42,3,clinical_lr,0.2388848128338429
bkbc_376,0,42,3,clinical_lr,0.2388848128338429
bkbc_383,0,42,3,clinical_lr,0.3588671371369398
bkbc_384,0,42,3,clinical_lr,0.3727498871099543
bkbc_397,1,42,3,clinical_lr,0.2574893953671153
bkbc_398,1,42,3,clinical_lr,0.5542042493215025
bkbc_399,1,42,3,clinical_lr,0.3727498871099543
bkbc_400,1,42,3,clinical_lr,0.6264240589285429
bkbc_402,0,42,3,clinical_lr,0.2613218155107159
bkbc_416,1,42,3,clinical_lr,0.6805484315338504
bkbc_418,1,42,3,clinical_lr,0.47962094006477685
bkbc_422,1,42,3,clinical_lr,0.6449013988983991
bkbc_423,0,42,3,clinical_lr,0.5883902840318721
bkbc_424,0,42,3,clinical_lr,0.24993547318330883
bkbc_0,1,42,3,clinical_no_egfr_lr,0.47540929481060307
bkbc_3,0,42,3,clinical_no_egfr_lr,0.47540929481060307
bkbc_6,1,42,3,clinical_no_egfr_lr,0.48114182163501945
bkbc_10,0,42,3,clinical_no_egfr_lr,0.4525588478065164
bkbc_15,0,42,3,clinical_no_egfr_lr,0.46968324111472437
bkbc_33,0,42,3,clinical_no_egfr_lr,0.47540929481060307
bkbc_38,1,42,3,clinical_no_egfr_lr,0.47540929481060307
bkbc_49,1,42,3,clinical_no_egfr_lr,0.4582565336924098
bkbc_54,0,42,3,clinical_no_egfr_lr,0.46968324111472437
bkbc_55,0,42,3,clinical_no_egfr_lr,0.47540929481060307
bkbc_57,1,42,3,clinical_no_egfr_lr,0.4582565336924098
bkbc_64,0,42,3,clinical_no_egfr_lr,0.4582565336924098
bkbc_72,0,42,3,clinical_no_egfr_lr,0.4639651577844973
bkbc_75,1,42,3,clinical_no_egfr_lr,0.46968324111472437
bkbc_86,0,42,3,clinical_no_egfr_lr,0.48114182163501945
bkbc_106,1,42,3,clinical_no_egfr_lr,0.48114182163501945
bkbc_107,1,42,3,clinical_no_egfr_lr,0.47540929481060307
bkbc_113,1,42,3,clinical_no_egfr_lr,0.47540929481060307
bkbc_117,1,42,3,clinical_no_egfr_lr,0.48114182163501945
bkbc_124,1,42,3,clinical_no_egfr_lr,0.46968324111472437
bkbc_127,1,42,3,clinical_no_egfr_lr,0.4868793175446512
bkbc_135,1,42,3,clinical_no_egfr_lr,0.47540929481060307
bkbc_140,1,42,3,clinical_no_egfr_lr,0.4868793175446512
bkbc_142,0,42,3,clinical_no_egfr_lr,0.47540929481060307
bkbc_145,0,42,3,clinical_no_egfr_lr,0.48114182163501945
bkbc_153,1,42,3,clinical_no_egfr_lr,0.47540929481060307
bkbc_154,0,42,3,clinical_no_egfr_lr,0.46968324111472437
bkbc_155,0,42,3,clinical_no_egfr_lr,0.4525588478065164
bkbc_158,1,42,3,clinical_no_egfr_lr,0.4868793175446512
bkbc_159,0,42,3,clinical_no_egfr_lr,0.48114182163501945
bkbc_164,0,42,3,clinical_no_egfr_lr,0.47540929481060307
bkbc_167,1,42,3,clinical_no_egfr_lr,0.47540929481060307
bkbc_168,1,42,3,clinical_no_egfr_lr,0.4525588478065164
bkbc_178,1,42,3,clinical_no_egfr_lr,0.46968324111472437
bkbc_184,0,42,3,clinical_no_egfr_lr,0.46968324111472437
bkbc_185,0,42,3,clinical_no_egfr_lr,0.4525588478065164
bkbc_193,1,42,3,clinical_no_egfr_lr,0.46968324111472437
bkbc_196,0,42,3,clinical_no_egfr_lr,0.44687356767260217
bkbc_207,0,42,3,clinical_no_egfr_lr,0.48114182163501945
bkbc_216,0,42,3,clinical_no_egfr_lr,0.46968324111472437
bkbc_219,1,42,3,clinical_no_egfr_lr,0.46968324111472437
bkbc_220,0,42,3,clinical_no_egfr_lr,0.4582565336924098
bkbc_227,1,42,3,clinical_no_egfr_lr,0.46968324111472437
bkbc_243,0,42,3,clinical_no_egfr_lr,0.4582565336924098
bkbc_244,0,42,3,clinical_no_egfr_lr,0.46968324111472437
bkbc_247,0,42,3,clinical_no_egfr_lr,0.46968324111472437
bkbc_249,0,42,3,clinical_no_egfr_lr,0.46968324111472437
bkbc_253,0,42,3,clinical_no_egfr_lr,0.4582565336924098
bkbc_255,0,42,3,clinical_no_egfr_lr,0.4582565336924098
bkbc_256,1,42,3,clinical_no_egfr_lr,0.4639651577844973
bkbc_268,0,42,3,clinical_no_egfr_lr,0.46968324111472437
bkbc_275,1,42,3,clinical_no_egfr_lr,0.46968324111472437
bkbc_285,0,42,3,clinical_no_egfr_lr,0.4582565336924098
bkbc_286,1,42,3,clinical_no_egfr_lr,0.46968324111472437
bkbc_292,0,42,3,clinical_no_egfr_lr,0.47540929481060307
bkbc_299,1,42,3,clinical_no_egfr_lr,0.47540929481060307
bkbc_306,0,42,3,clinical_no_egfr_lr,0.48114182163501945
bkbc_312,0,42,3,clinical_no_egfr_lr,0.4525588478065164
bkbc_316,0,42,3,clinical_no_egfr_lr,0.47540929481060307
bkbc_321,1,42,3,clinical_no_egfr_lr,0.46968324111472437
bkbc_325,1,42,3,clinical_no_egfr_lr,0.46968324111472437
bkbc_326,1,42,3,clinical_no_egfr_lr,0.47540929481060307
bkbc_327,1,42,3,clinical_no_egfr_lr,0.4582565336924098
bkbc_332,1,42,3,clinical_no_egfr_lr,0.4639651577844973
bkbc_335,0,42,3,clinical_no_egfr_lr,0.48114182163501945
bkbc_338,0,42,3,clinical_no_egfr_lr,0.4639651577844973
bkbc_341,0,42,3,clinical_no_egfr_lr,0.4525588478065164
bkbc_349,0,42,3,clinical_no_egfr_lr,0.4582565336924098
bkbc_360,1,42,3,clinical_no_egfr_lr,0.46968324111472437
bkbc_366,0,42,3,clinical_no_egfr_lr,0.47540929481060307
bkbc_369,1,42,3,clinical_no_egfr_lr,0.47540929481060307
bkbc_373,0,42,3,clinical_no_egfr_lr,0.4639651577844973
bkbc_376,0,42,3,clinical_no_egfr_lr,0.4525588478065164
bkbc_383,0,42,3,clinical_no_egfr_lr,0.46968324111472437
bkbc_384,0,42,3,clinical_no_egfr_lr,0.4639651577844973
bkbc_397,1,42,3,clinical_no_egfr_lr,0.4582565336924098
bkbc_398,1,42,3,clinical_no_egfr_lr,0.46968324111472437
bkbc_399,1,42,3,clinical_no_egfr_lr,0.4639651577844973
bkbc_400,1,42,3,clinical_no_egfr_lr,0.48114182163501945
bkbc_402,0,42,3,clinical_no_egfr_lr,0.47540929481060307
bkbc_416,1,42,3,clinical_no_egfr_lr,0.47540929481060307
bkbc_418,1,42,3,clinical_no_egfr_lr,0.4525588478065164
bkbc_422,1,42,3,clinical_no_egfr_lr,0.47540929481060307
bkbc_423,0,42,3,clinical_no_egfr_lr,0.4582565336924098
bkbc_424,0,42,3,clinical_no_egfr_lr,0.48114182163501945
bkbc_4,1,42,4,xgb_fs1,0.21432077884674072
bkbc_5,1,42,4,xgb_fs1,0.7730520963668823
bkbc_8,0,42,4,xgb_fs1,0.21853835880756378
bkbc_16,0,42,4,xgb_fs1,0.17024296522140503
bkbc_17,0,42,4,xgb_fs1,0.48890942335128784
bkbc_18,0,42,4,xgb_fs1,0.5392187237739563
bkbc_20,0,42,4,xgb_fs1,0.31874358654022217
bkbc_21,0,42,4,xgb_fs1,0.2514161467552185
bkbc_32,0,42,4,xgb_fs1,0.2745533287525177
bkbc_36,1,42,4,xgb_fs1,0.7146771550178528
bkbc_41,1,42,4,xgb_fs1,0.7818050384521484
bkbc_46,0,42,4,xgb_fs1,0.360349178314209
bkbc_48,1,42,4,xgb_fs1,0.6185168623924255
bkbc_50,0,42,4,xgb_fs1,0.36682748794555664
bkbc_59,1,42,4,xgb_fs1,0.4491732716560364
bkbc_60,1,42,4,xgb_fs1,0.6407946944236755
bkbc_69,0,42,4,xgb_fs1,0.2175469994544983
bkbc_70,0,42,4,xgb_fs1,0.27227848768234253
bkbc_74,1,42,4,xgb_fs1,0.29267561435699463
bkbc_76,1,42,4,xgb_fs1,0.7774800062179565
bkbc_78,0,42,4,xgb_fs1,0.3270381689071655
bkbc_79,1,42,4,xgb_fs1,0.2797034978866577
bkbc_95,1,42,4,xgb_fs1,0.9308586716651917
bkbc_105,1,42,4,xgb_fs1,0.8869502544403076
bkbc_109,0,42,4,xgb_fs1,0.19479914009571075
bkbc_112,1,42,4,xgb_fs1,0.8768957257270813
bkbc_116,1,42,4,xgb_fs1,0.7535834908485413
bkbc_129,0,42,4,xgb_fs1,0.2978266179561615
bkbc_131,0,42,4,xgb_fs1,0.1777835190296173
bkbc_137,0,42,4,xgb_fs1,0.4124845862388611
bkbc_141,1,42,4,xgb_fs1,0.3000401556491852
bkbc_146,1,42,4,xgb_fs1,0.6101136803627014
bkbc_165,1,42,4,xgb_fs1,0.8169742226600647
bkbc_174,0,42,4,xgb_fs1,0.33519744873046875
bkbc_187,1,42,4,xgb_fs1,0.9355714917182922
bkbc_195,0,42,4,xgb_fs1,0.49649325013160706
bkbc_200,1,42,4,xgb_fs1,0.14759889245033264
bkbc_203,1,42,4,xgb_fs1,0.6335780024528503
bkbc_212,0,42,4,xgb_fs1,0.5616105794906616
bkbc_214,1,42,4,xgb_fs1,0.7067090272903442
bkbc_217,1,42,4,xgb_fs1,0.313713937997818
bkbc_223,1,42,4,xgb_fs1,0.4510761797428131
bkbc_228,0,42,4,xgb_fs1,0.6243593096733093
bkbc_230,1,42,4,xgb_fs1,0.7733571529388428
bkbc_235,0,42,4,xgb_fs1,0.39736053347587585
bkbc_239,1,42,4,xgb_fs1,0.35122114419937134
bkbc_241,1,42,4,xgb_fs1,0.7184110283851624
bkbc_257,0,42,4,xgb_fs1,0.24280062317848206
bkbc_258,1,42,4,xgb_fs1,0.522466242313385
bkbc_259,0,42,4,xgb_fs1,0.24835848808288574
bkbc_263,0,42,4,xgb_fs1,0.442525178194046
bkbc_265,1,42,4,xgb_fs1,0.2752038240432739
bkbc_273,0,42,4,xgb_fs1,0.5422883629798889
bkbc_274,1,42,4,xgb_fs1,0.801348865032196
bkbc_279,0,42,4,xgb_fs1,0.7159265875816345
bkbc_284,0,42,4,xgb_fs1,0.19862760603427887
bkbc_288,0,42,4,xgb_fs1,0.1460505872964859
bkbc_289,1,42,4,xgb_fs1,0.9038910865783691
bkbc_293,0,42,4,xgb_fs1,0.23763826489448547
bkbc_295,0,42,4,xgb_fs1,0.2822665870189667
bkbc_297,1,42,4,xgb_fs1,0.7379593253135681
bkbc_302,0,42,4,xgb_fs1,0.49888086318969727
bkbc_304,0,42,4,xgb_fs1,0.24762596189975739
bkbc_308,1,42,4,xgb_fs1,0.8341037631034851
bkbc_320,0,42,4,xgb_fs1,0.3658432066440582
bkbc_322,0,42,4,xgb_fs1,0.24761179089546204
bkbc_328,0,42,4,xgb_fs1,0.22007261216640472
bkbc_342,0,42,4,xgb_fs1,0.16935698688030243
bkbc_343,0,42,4,xgb_fs1,0.42164453864097595
bkbc_344,1,42,4,xgb_fs1,0.45822882652282715
bkbc_351,1,42,4,xgb_fs1,0.4367380738258362
bkbc_359,0,42,4,xgb_fs1,0.11417093127965927
bkbc_364,0,42,4,xgb_fs1,0.1546502709388733
bkbc_378,0,42,4,xgb_fs1,0.2646646201610565
bkbc_380,1,42,4,xgb_fs1,0.3963393568992615
bkbc_381,0,42,4,xgb_fs1,0.5519920587539673
bkbc_388,1,42,4,xgb_fs1,0.05456814914941788
bkbc_392,0,42,4,xgb_fs1,0.6901369094848633
bkbc_394,1,42,4,xgb_fs1,0.4900786578655243
bkbc_395,1,42,4,xgb_fs1,0.1529930830001831
bkbc_396,1,42,4,xgb_fs1,0.7979979515075684
bkbc_403,1,42,4,xgb_fs1,0.449311226606369
bkbc_414,0,42,4,xgb_fs1,0.4212650954723358
bkbc_419,0,42,4,xgb_fs1,0.24662452936172485
bkbc_425,0,42,4,xgb_fs1,0.34713467955589294
bkbc_4,1,42,4,xgb_fs2,0.26006796956062317
bkbc_5,1,42,4,xgb_fs2,0.6771344542503357
bkbc_8,0,42,4,xgb_fs2,0.20780661702156067
bkbc_16,0,42,4,xgb_fs2,0.17974618077278137
bkbc_17,0,42,4,xgb_fs2,0.41665521264076233
bkbc_18,0,42,4,xgb_fs2,0.47052255272865295
bkbc_20,0,42,4,xgb_fs2,0.33633488416671753
bkbc_21,0,42,4,xgb_fs2,0.1794915646314621
bkbc_32,0,42,4,xgb_fs2,0.27566829323768616
bkbc_36,1,42,4,xgb_fs2,0.6234683990478516
bkbc_41,1,42,4,xgb_fs2,0.7149731516838074
bkbc_46,0,42,4,xgb_fs2,0.46939757466316223
bkbc_48,1,42,4,xgb_fs2,0.6714097857475281
bkbc_50,0,42,4,xgb_fs2,0.34631749987602234
bkbc_59,1,42,4,xgb_fs2,0.5325383543968201
bkbc_60,1,42,4,xgb_fs2,0.6684102416038513
bkbc_69,0,42,4,xgb_fs2,0.2391670197248459
bkbc_70,0,42,4,xgb_fs2,0.3310863673686981
bkbc_74,1,42,4,xgb_fs2,0.29597580432891846
bkbc_76,1,42,4,xgb_fs2,0.7394221425056458
bkbc_78,0,42,4,xgb_fs2,0.3848622143268585
bkbc_79,1,42,4,xgb_fs2,0.22381643950939178
bkbc_95,1,42,4,xgb_fs2,0.8415835499763489
bkbc_105,1,42,4,xgb_fs2,0.8418747186660767
bkbc_109,0,42,4,xgb_fs2,0.2425447404384613
bkbc_112,1,42,4,xgb_fs2,0.861332356929779
bkbc_116,1,42,4,xgb_fs2,0.6850211024284363
bkbc_129,0,42,4,xgb_fs2,0.31255918741226196
bkbc_131,0,42,4,xgb_fs2,0.17595379054546356
bkbc_137,0,42,4,xgb_fs2,0.4356108009815216
bkbc_141,1,42,4,xgb_fs2,0.27280721068382263
bkbc_146,1,42,4,xgb_fs2,0.6238206624984741
bkbc_165,1,42,4,xgb_fs2,0.7944538593292236
bkbc_174,0,42,4,xgb_fs2,0.28912901878356934
bkbc_187,1,42,4,xgb_fs2,0.8509293794631958
bkbc_195,0,42,4,xgb_fs2,0.4598097801208496
bkbc_200,1,42,4,xgb_fs2,0.2057911604642868
bkbc_203,1,42,4,xgb_fs2,0.73001629114151
bkbc_212,0,42,4,xgb_fs2,0.5356776714324951
bkbc_214,1,42,4,xgb_fs2,0.7181035280227661
bkbc_217,1,42,4,xgb_fs2,0.27682000398635864
bkbc_223,1,42,4,xgb_fs2,0.6662460565567017
bkbc_228,0,42,4,xgb_fs2,0.5890166759490967
bkbc_230,1,42,4,xgb_fs2,0.7185760736465454
bkbc_235,0,42,4,xgb_fs2,0.3764346241950989
bkbc_239,1,42,4,xgb_fs2,0.3276774287223816
bkbc_241,1,42,4,xgb_fs2,0.7715545296669006
bkbc_257,0,42,4,xgb_fs2,0.20923388004302979
bkbc_258,1,42,4,xgb_fs2,0.5895501375198364
bkbc_259,0,42,4,xgb_fs2,0.3750630021095276
bkbc_263,0,42,4,xgb_fs2,0.4413435161113739
bkbc_265,1,42,4,xgb_fs2,0.25349366664886475
bkbc_273,0,42,4,xgb_fs2,0.5215357542037964
bkbc_274,1,42,4,xgb_fs2,0.7213894724845886
bkbc_279,0,42,4,xgb_fs2,0.6653516292572021
bkbc_284,0,42,4,xgb_fs2,0.25484344363212585
bkbc_288,0,42,4,xgb_fs2,0.1963585913181305
bkbc_289,1,42,4,xgb_fs2,0.8559710383415222
bkbc_293,0,42,4,xgb_fs2,0.27448323369026184
bkbc_295,0,42,4,xgb_fs2,0.2834840416908264
bkbc_297,1,42,4,xgb_fs2,0.6649534106254578
bkbc_302,0,42,4,xgb_fs2,0.48870211839675903
bkbc_304,0,42,4,xgb_fs2,0.25250181555747986
bkbc_308,1,42,4,xgb_fs2,0.7963689565658569
bkbc_320,0,42,4,xgb_fs2,0.421407550573349
bkbc_322,0,42,4,xgb_fs2,0.24220936000347137
bkbc_328,0,42,4,xgb_fs2,0.2512291967868805
bkbc_342,0,42,4,xgb_fs2,0.18093876540660858
bkbc_343,0,42,4,xgb_fs2,0.4577259421348572
bkbc_344,1,42,4,xgb_fs2,0.5015869736671448
bkbc_351,1,42,4,xgb_fs2,0.41057130694389343
bkbc_359,0,42,4,xgb_fs2,0.17603205144405365
bkbc_364,0,42,4,xgb_fs2,0.18214961886405945
bkbc_378,0,42,4,xgb_fs2,0.3975093364715576
bkbc_380,1,42,4,xgb_fs2,0.4273574650287628
bkbc_381,0,42,4,xgb_fs2,0.6048322319984436
bkbc_388,1,42,4,xgb_fs2,0.16105034947395325
bkbc_392,0,42,4,xgb_fs2,0.6464213132858276
bkbc_394,1,42,4,xgb_fs2,0.43665340542793274
bkbc_395,1,42,4,xgb_fs2,0.1820804923772812
bkbc_396,1,42,4,xgb_fs2,0.7697327733039856
bkbc_403,1,42,4,xgb_fs2,0.4954800605773926
bkbc_414,0,42,4,xgb_fs2,0.49545711278915405
bkbc_419,0,42,4,xgb_fs2,0.22795851528644562
bkbc_425,0,42,4,xgb_fs2,0.26658743619918823
bkbc_4,1,42,4,xgb_fs3,0.31600669026374817
bkbc_5,1,42,4,xgb_fs3,0.6445702910423279
bkbc_8,0,42,4,xgb_fs3,0.27295124530792236
bkbc_16,0,42,4,xgb_fs3,0.17208406329154968
bkbc_17,0,42,4,xgb_fs3,0.488091379404068
bkbc_18,0,42,4,xgb_fs3,0.4361606538295746
bkbc_20,0,42,4,xgb_fs3,0.3762117028236389
bkbc_21,0,42,4,xgb_fs3,0.18660488724708557
bkbc_32,0,42,4,xgb_fs3,0.23973314464092255
bkbc_36,1,42,4,xgb_fs3,0.6159207820892334
bkbc_41,1,42,4,xgb_fs3,0.7532789707183838
bkbc_46,0,42,4,xgb_fs3,0.49883851408958435
bkbc_48,1,42,4,xgb_fs3,0.63054358959198
bkbc_50,0,42,4,xgb_fs3,0.3280191421508789
bkbc_59,1,42,4,xgb_fs3,0.47790536284446716
bkbc_60,1,42,4,xgb_fs3,0.6548096537590027
bkbc_69,0,42,4,xgb_fs3,0.2190023511648178
bkbc_70,0,42,4,xgb_fs3,0.286891371011734
bkbc_74,1,42,4,xgb_fs3,0.2598946988582611
bkbc_76,1,42,4,xgb_fs3,0.7382724285125732
bkbc_78,0,42,4,xgb_fs3,0.3597662150859833
bkbc_79,1,42,4,xgb_fs3,0.21422699093818665
bkbc_95,1,42,4,xgb_fs3,0.8189636468887329
bkbc_105,1,42,4,xgb_fs3,0.8556211590766907
bkbc_109,0,42,4,xgb_fs3,0.21611067652702332
bkbc_112,1,42,4,xgb_fs3,0.8394808173179626
bkbc_116,1,42,4,xgb_fs3,0.5545986294746399
bkbc_129,0,42,4,xgb_fs3,0.31932333111763
bkbc_131,0,42,4,xgb_fs3,0.18658186495304108
bkbc_137,0,42,4,xgb_fs3,0.4460175037384033
bkbc_141,1,42,4,xgb_fs3,0.2837335169315338
bkbc_146,1,42,4,xgb_fs3,0.5251267552375793
bkbc_165,1,42,4,xgb_fs3,0.7633422017097473
bkbc_174,0,42,4,xgb_fs3,0.3858899176120758
bkbc_187,1,42,4,xgb_fs3,0.8179630041122437
bkbc_195,0,42,4,xgb_fs3,0.4628874659538269
bkbc_200,1,42,4,xgb_fs3,0.22713495790958405
bkbc_203,1,42,4,xgb_fs3,0.748071551322937
bkbc_212,0,42,4,xgb_fs3,0.5108253955841064
bkbc_214,1,42,4,xgb_fs3,0.7086646556854248
bkbc_217,1,42,4,xgb_fs3,0.2602963447570801
bkbc_223,1,42,4,xgb_fs3,0.6418708562850952
bkbc_228,0,42,4,xgb_fs3,0.5804787874221802
bkbc_230,1,42,4,xgb_fs3,0.683608889579773
bkbc_235,0,42,4,xgb_fs3,0.44035089015960693
bkbc_239,1,42,4,xgb_fs3,0.3460603952407837
bkbc_241,1,42,4,xgb_fs3,0.777077317237854
bkbc_257,0,42,4,xgb_fs3,0.23907548189163208
bkbc_258,1,42,4,xgb_fs3,0.6027112007141113
bkbc_259,0,42,4,xgb_fs3,0.42334237694740295
bkbc_263,0,42,4,xgb_fs3,0.4939327538013458
bkbc_265,1,42,4,xgb_fs3,0.273880273103714
bkbc_273,0,42,4,xgb_fs3,0.5529364943504333
bkbc_274,1,42,4,xgb_fs3,0.7707062363624573
bkbc_279,0,42,4,xgb_fs3,0.7165771722793579
bkbc_284,0,42,4,xgb_fs3,0.3109392821788788
bkbc_288,0,42,4,xgb_fs3,0.18486329913139343
bkbc_289,1,42,4,xgb_fs3,0.8574021458625793
bkbc_293,0,42,4,xgb_fs3,0.3317028880119324
bkbc_295,0,42,4,xgb_fs3,0.30040866136550903
bkbc_297,1,42,4,xgb_fs3,0.6382091641426086
bkbc_302,0,42,4,xgb_fs3,0.5952165126800537
bkbc_304,0,42,4,xgb_fs3,0.2705692648887634
bkbc_308,1,42,4,xgb_fs3,0.7858447432518005
bkbc_320,0,42,4,xgb_fs3,0.4294678270816803
bkbc_322,0,42,4,xgb_fs3,0.3275747001171112
bkbc_328,0,42,4,xgb_fs3,0.2874903678894043
bkbc_342,0,42,4,xgb_fs3,0.1983456164598465
bkbc_343,0,42,4,xgb_fs3,0.42466282844543457
bkbc_344,1,42,4,xgb_fs3,0.4262137711048126
bkbc_351,1,42,4,xgb_fs3,0.3444663882255554
bkbc_359,0,42,4,xgb_fs3,0.18193769454956055
bkbc_364,0,42,4,xgb_fs3,0.18025478720664978
bkbc_378,0,42,4,xgb_fs3,0.37751978635787964
bkbc_380,1,42,4,xgb_fs3,0.40856093168258667
bkbc_381,0,42,4,xgb_fs3,0.5772939920425415
bkbc_388,1,42,4,xgb_fs3,0.17990872263908386
bkbc_392,0,42,4,xgb_fs3,0.6128820180892944
bkbc_394,1,42,4,xgb_fs3,0.47551673650741577
bkbc_395,1,42,4,xgb_fs3,0.16765911877155304
bkbc_396,1,42,4,xgb_fs3,0.7623646259307861
bkbc_403,1,42,4,xgb_fs3,0.5936993956565857
bkbc_414,0,42,4,xgb_fs3,0.4656341075897217
bkbc_419,0,42,4,xgb_fs3,0.20899824798107147
bkbc_425,0,42,4,xgb_fs3,0.29228493571281433
bkbc_4,1,42,4,elastic_fs2,0.31294611643183334
bkbc_5,1,42,4,elastic_fs2,0.5917211312937523
bkbc_8,0,42,4,elastic_fs2,0.28702687820706774
bkbc_16,0,42,4,elastic_fs2,0.14095916674532033
bkbc_17,0,42,4,elastic_fs2,0.43830298671743845
bkbc_18,0,42,4,elastic_fs2,0.4040323043127665
bkbc_20,0,42,4,elastic_fs2,0.3203699046631099
bkbc_21,0,42,4,elastic_fs2,0.2294823253431821
bkbc_32,0,42,4,elastic_fs2,0.23318553810237821
bkbc_36,1,42,4,elastic_fs2,0.7501313273957083
bkbc_41,1,42,4,elastic_fs2,0.7176907679919898
bkbc_46,0,42,4,elastic_fs2,0.5246572714992718
bkbc_48,1,42,4,elastic_fs2,0.6411062408314239
bkbc_50,0,42,4,elastic_fs2,0.30016938997960585
bkbc_59,1,42,4,elastic_fs2,0.47616466339259655
bkbc_60,1,42,4,elastic_fs2,0.6169130432117945
bkbc_69,0,42,4,elastic_fs2,0.25438013540388893
bkbc_70,0,42,4,elastic_fs2,0.25997217916087245
bkbc_74,1,42,4,elastic_fs2,0.29822987033432374
bkbc_76,1,42,4,elastic_fs2,0.6839168588835978
bkbc_78,0,42,4,elastic_fs2,0.3326761719326764
bkbc_79,1,42,4,elastic_fs2,0.21481961641596478
bkbc_95,1,42,4,elastic_fs2,0.8874796043301724
bkbc_105,1,42,4,elastic_fs2,0.8113911647128315
bkbc_109,0,42,4,elastic_fs2,0.23133804657338153
bkbc_112,1,42,4,elastic_fs2,0.8911464648971044
bkbc_116,1,42,4,elastic_fs2,0.663442133941193
bkbc_129,0,42,4,elastic_fs2,0.3904440701963235
bkbc_131,0,42,4,elastic_fs2,0.15273876866630406
bkbc_137,0,42,4,elastic_fs2,0.44154398884569124
bkbc_141,1,42,4,elastic_fs2,0.2825678317956459
bkbc_146,1,42,4,elastic_fs2,0.44746778958811123
bkbc_165,1,42,4,elastic_fs2,0.8279752478809949
bkbc_174,0,42,4,elastic_fs2,0.42002673737122986
bkbc_187,1,42,4,elastic_fs2,0.8012477458579453
bkbc_195,0,42,4,elastic_fs2,0.4435806802317453
bkbc_200,1,42,4,elastic_fs2,0.20131210785116097
bkbc_203,1,42,4,elastic_fs2,0.6606813015323784
bkbc_212,0,42,4,elastic_fs2,0.601666880985848
bkbc_214,1,42,4,elastic_fs2,0.6722559875350499
bkbc_217,1,42,4,elastic_fs2,0.26801630526586867
bkbc_223,1,42,4,elastic_fs2,0.586620479592365
bkbc_228,0,42,4,elastic_fs2,0.4835108651768811
bkbc_230,1,42,4,elastic_fs2,0.7533449129808178
bkbc_235,0,42,4,elastic_fs2,0.5929901100630662
bkbc_239,1,42,4,elastic_fs2,0.49344259234801585
bkbc_241,1,42,4,elastic_fs2,0.8298374889406372
bkbc_257,0,42,4,elastic_fs2,0.20756867596155967
bkbc_258,1,42,4,elastic_fs2,0.6350207839317347
bkbc_259,0,42,4,elastic_fs2,0.3656592003210755
bkbc_263,0,42,4,elastic_fs2,0.4629416735580977
bkbc_265,1,42,4,elastic_fs2,0.25299603899275447
bkbc_273,0,42,4,elastic_fs2,0.7194378979418027
bkbc_274,1,42,4,elastic_fs2,0.8851906126486621
bkbc_279,0,42,4,elastic_fs2,0.7996374067895918
bkbc_284,0,42,4,elastic_fs2,0.30022010475891797
bkbc_288,0,42,4,elastic_fs2,0.16926272199623174
bkbc_289,1,42,4,elastic_fs2,0.8747909069120279
bkbc_293,0,42,4,elastic_fs2,0.3017505737852092
bkbc_295,0,42,4,elastic_fs2,0.37103778493689693
bkbc_297,1,42,4,elastic_fs2,0.5858979038073203
bkbc_302,0,42,4,elastic_fs2,0.5159761764656375
bkbc_304,0,42,4,elastic_fs2,0.2893126474088783
bkbc_308,1,42,4,elastic_fs2,0.8429074945676116
bkbc_320,0,42,4,elastic_fs2,0.43040845817809414
bkbc_322,0,42,4,elastic_fs2,0.2700828917099178
bkbc_328,0,42,4,elastic_fs2,0.29396055251064535
bkbc_342,0,42,4,elastic_fs2,0.1561623601340842
bkbc_343,0,42,4,elastic_fs2,0.40067963909867316
bkbc_344,1,42,4,elastic_fs2,0.44691647227889353
bkbc_351,1,42,4,elastic_fs2,0.36044441252609766
bkbc_359,0,42,4,elastic_fs2,0.1677491026076714
bkbc_364,0,42,4,elastic_fs2,0.16496388353973881
bkbc_378,0,42,4,elastic_fs2,0.2785062036813802
bkbc_380,1,42,4,elastic_fs2,0.4028261231046324
bkbc_381,0,42,4,elastic_fs2,0.5847912793055245
bkbc_388,1,42,4,elastic_fs2,0.125662251452045
bkbc_392,0,42,4,elastic_fs2,0.6861573983713453
bkbc_394,1,42,4,elastic_fs2,0.4646878426507806
bkbc_395,1,42,4,elastic_fs2,0.15573834584085602
bkbc_396,1,42,4,elastic_fs2,0.7595169361031051
bkbc_403,1,42,4,elastic_fs2,0.6261438073250113
bkbc_414,0,42,4,elastic_fs2,0.4692371355535085
bkbc_419,0,42,4,elastic_fs2,0.17124673906371035
bkbc_425,0,42,4,elastic_fs2,0.3815310396496834
bkbc_4,1,42,4,egfr_only_lr,0.45471079743326975
bkbc_5,1,42,4,egfr_only_lr,0.652131449920006
bkbc_8,0,42,4,egfr_only_lr,0.3698902431889835
bkbc_16,0,42,4,egfr_only_lr,0.12016962988723057
bkbc_17,0,42,4,egfr_only_lr,0.44135620733765735
bkbc_18,0,42,4,egfr_only_lr,0.6335353780617706
bkbc_20,0,42,4,egfr_only_lr,0.19407101472833874
bkbc_21,0,42,4,egfr_only_lr,0.4815971819873043
bkbc_32,0,42,4,egfr_only_lr,0.1983293317629637
bkbc_36,1,42,4,egfr_only_lr,0.7161511563519203
bkbc_41,1,42,4,egfr_only_lr,0.6459808688855627
bkbc_46,0,42,4,egfr_only_lr,0.5288113566194645
bkbc_48,1,42,4,egfr_only_lr,0.620909124063356
bkbc_50,0,42,4,egfr_only_lr,0.5220783074746209
bkbc_59,1,42,4,egfr_only_lr,0.5622714887575864
bkbc_60,1,42,4,egfr_only_lr,0.6272439410775011
bkbc_69,0,42,4,egfr_only_lr,0.16249339507687846
bkbc_70,0,42,4,egfr_only_lr,0.501840761266883
bkbc_74,1,42,4,egfr_only_lr,0.13838014867075424
bkbc_76,1,42,4,egfr_only_lr,0.5085905588751417
bkbc_78,0,42,4,egfr_only_lr,0.4681308583145828
bkbc_79,1,42,4,egfr_only_lr,0.34508880527011565
bkbc_95,1,42,4,egfr_only_lr,0.555614774089679
bkbc_105,1,42,4,egfr_only_lr,0.7323262097415059
bkbc_109,0,42,4,egfr_only_lr,0.3512167078098203
bkbc_112,1,42,4,egfr_only_lr,0.6702749972690504
bkbc_116,1,42,4,egfr_only_lr,0.7216080155221087
bkbc_129,0,42,4,egfr_only_lr,0.6081169354186476
bkbc_131,0,42,4,egfr_only_lr,0.30370520255534156
bkbc_137,0,42,4,egfr_only_lr,0.2026575897054046
bkbc_141,1,42,4,egfr_only_lr,0.43470936623969847
bkbc_146,1,42,4,egfr_only_lr,0.30370520255534156
bkbc_165,1,42,4,egfr_only_lr,0.6459808688855627
bkbc_174,0,42,4,egfr_only_lr,0.59517452245728
bkbc_187,1,42,4,egfr_only_lr,0.7427788424748576
bkbc_195,0,42,4,egfr_only_lr,0.639781609540016
bkbc_200,1,42,4,egfr_only_lr,0.2026575897054046
bkbc_203,1,42,4,egfr_only_lr,0.6702749972690504
bkbc_212,0,42,4,egfr_only_lr,0.48834161359916695
bkbc_214,1,42,4,egfr_only_lr,0.5886521158741322
bkbc_217,1,42,4,egfr_only_lr,0.501840761266883
bkbc_223,1,42,4,egfr_only_lr,0.40837853999100654
bkbc_228,0,42,4,egfr_only_lr,0.555614774089679
bkbc_230,1,42,4,egfr_only_lr,0.6582317083550083
bkbc_235,0,42,4,egfr_only_lr,0.664280063076215
bkbc_239,1,42,4,egfr_only_lr,0.4614138369544676
bkbc_241,1,42,4,egfr_only_lr,0.6879250922618212
bkbc_257,0,42,4,egfr_only_lr,0.23491761664183602
bkbc_258,1,42,4,egfr_only_lr,0.5622714887575864
bkbc_259,0,42,4,egfr_only_lr,0.23491761664183602
bkbc_263,0,42,4,egfr_only_lr,0.664280063076215
bkbc_265,1,42,4,egfr_only_lr,0.5085905588751417
bkbc_273,0,42,4,egfr_only_lr,0.4018710728100863
bkbc_274,1,42,4,egfr_only_lr,0.6879250922618212
bkbc_279,0,42,4,egfr_only_lr,0.555614774089679
bkbc_284,0,42,4,egfr_only_lr,0.29802547042535144
bkbc_288,0,42,4,egfr_only_lr,0.07189900593833724
bkbc_289,1,42,4,egfr_only_lr,0.7161511563519203
bkbc_293,0,42,4,egfr_only_lr,0.2868518618667448
bkbc_295,0,42,4,egfr_only_lr,0.5820984091716639
bkbc_297,1,42,4,egfr_only_lr,0.6272439410775011
bkbc_302,0,42,4,egfr_only_lr,0.5689058559846674
bkbc_304,0,42,4,egfr_only_lr,0.4748594495632234
bkbc_308,1,42,4,egfr_only_lr,0.6335353780617706
bkbc_320,0,42,4,egfr_only_lr,0.4480241315020452
bkbc_322,0,42,4,egfr_only_lr,0.19407101472833874
bkbc_328,0,42,4,egfr_only_lr,0.40837853999100654
bkbc_342,0,42,4,egfr_only_lr,0.20705590908016316
bkbc_343,0,42,4,egfr_only_lr,0.4018710728100863
bkbc_344,1,42,4,egfr_only_lr,0.35739404397014135
bkbc_351,1,42,4,egfr_only_lr,0.3889613855832439
bkbc_359,0,42,4,egfr_only_lr,0.2160629727367483
bkbc_364,0,42,4,egfr_only_lr,0.3211028839037783
bkbc_378,0,42,4,egfr_only_lr,0.35739404397014135
bkbc_380,1,42,4,egfr_only_lr,0.59517452245728
bkbc_381,0,42,4,egfr_only_lr,0.6936924927929327
bkbc_388,1,42,4,egfr_only_lr,0.11734383555320757
bkbc_392,0,42,4,egfr_only_lr,0.39539799847197327
bkbc_394,1,42,4,egfr_only_lr,0.620909124063356
bkbc_395,1,42,4,egfr_only_lr,0.12305398616231217
bkbc_396,1,42,4,egfr_only_lr,0.652131449920006
bkbc_403,1,42,4,egfr_only_lr,0.44135620733765735
bkbc_414,0,42,4,egfr_only_lr,0.5886521158741322
bkbc_419,0,42,4,egfr_only_lr,0.4018710728100863
bkbc_425,0,42,4,egfr_only_lr,0.43470936623969847
bkbc_4,1,42,4,clinical_lr,0.4631032798537717
bkbc_5,1,42,4,clinical_lr,0.6023329966513173
bkbc_8,0,42,4,clinical_lr,0.40327336120156637
bkbc_16,0,42,4,clinical_lr,0.19697065844242254
bkbc_17,0,42,4,clinical_lr,0.45378419687405286
bkbc_18,0,42,4,clinical_lr,0.5887717928914312
bkbc_20,0,42,4,clinical_lr,0.2667449382627416
bkbc_21,0,42,4,clinical_lr,0.48181248528098836
bkbc_32,0,42,4,clinical_lr,0.27043191550415946
bkbc_36,1,42,4,clinical_lr,0.6505931627078865
bkbc_41,1,42,4,clinical_lr,0.5978289287836933
bkbc_46,0,42,4,clinical_lr,0.5146449156693167
bkbc_48,1,42,4,clinical_lr,0.5796541018819275
bkbc_50,0,42,4,clinical_lr,0.5099556971223849
bkbc_59,1,42,4,clinical_lr,0.5380359426253764
bkbc_60,1,42,4,clinical_lr,0.5842201532284631
bkbc_69,0,42,4,clinical_lr,0.23842249442875132
bkbc_70,0,42,4,clinical_lr,0.49588082843023124
bkbc_74,1,42,4,clinical_lr,0.215391721459787
bkbc_76,1,42,4,clinical_lr,0.5005728276158147
bkbc_78,0,42,4,clinical_lr,0.47244820913153035
bkbc_79,1,42,4,clinical_lr,0.3853459820821252
bkbc_95,1,42,4,clinical_lr,0.5333678073902309
bkbc_105,1,42,4,clinical_lr,0.6632815970576331
bkbc_109,0,42,4,clinical_lr,0.389800809712994
bkbc_112,1,42,4,clinical_lr,0.615738860687756
bkbc_116,1,42,4,clinical_lr,0.6548474713785428
bkbc_129,0,42,4,clinical_lr,0.5704817308228972
bkbc_131,0,42,4,clinical_lr,0.35473351402616116
bkbc_137,0,42,4,clinical_lr,0.2741508008482209
bkbc_141,1,42,4,clinical_lr,0.4491363595610356
bkbc_146,1,42,4,clinical_lr,0.35473351402616116
bkbc_165,1,42,4,clinical_lr,0.5978289287836933
bkbc_174,0,42,4,clinical_lr,0.5612607028985048
bkbc_187,1,42,4,clinical_lr,0.6716129780206468
bkbc_195,0,42,4,clinical_lr,0.593308291234854
bkbc_200,1,42,4,clinical_lr,0.2741508008482209
bkbc_203,1,42,4,clinical_lr,0.615738860687756
bkbc_212,0,42,4,clinical_lr,0.48649983203521957
bkbc_214,1,42,4,clinical_lr,0.556633861636602
bkbc_217,1,42,4,clinical_lr,0.49588082843023124
bkbc_223,1,42,4,clinical_lr,0.43064152076608153
bkbc_228,0,42,4,clinical_lr,0.5333678073902309
bkbc_230,1,42,4,clinical_lr,0.6068197969522495
bkbc_235,0,42,4,clinical_lr,0.6112886431997424
bkbc_239,1,42,4,clinical_lr,0.46777291843626984
bkbc_241,1,42,4,clinical_lr,0.6289711778164208
bkbc_257,0,42,4,clinical_lr,0.30105367878934547
bkbc_258,1,42,4,clinical_lr,0.5380359426253764
bkbc_259,0,42,4,clinical_lr,0.30105367878934547
bkbc_263,0,42,4,clinical_lr,0.6112886431997424
bkbc_265,1,42,4,clinical_lr,0.5005728276158147
bkbc_273,0,42,4,clinical_lr,0.4260458325535594
bkbc_274,1,42,4,clinical_lr,0.6289711778164208
bkbc_279,0,42,4,clinical_lr,0.5333678073902309
bkbc_284,0,42,4,clinical_lr,0.35044928450503077
bkbc_288,0,42,4,clinical_lr,0.1419153186833524
bkbc_289,1,42,4,clinical_lr,0.6505931627078865
bkbc_293,0,42,4,clinical_lr,0.3419533150121365
bkbc_295,0,42,4,clinical_lr,0.5519971742247379
bkbc_297,1,42,4,clinical_lr,0.5842201532284631
bkbc_302,0,42,4,clinical_lr,0.5426974179021068
bkbc_304,0,42,4,clinical_lr,0.4771283373926947
bkbc_308,1,42,4,clinical_lr,0.5887717928914312
bkbc_320,0,42,4,clinical_lr,0.4584401039745224
bkbc_322,0,42,4,clinical_lr,0.2667449382627416
bkbc_328,0,42,4,clinical_lr,0.43064152076608153
bkbc_342,0,42,4,clinical_lr,0.27790134684872225
bkbc_343,0,42,4,clinical_lr,0.4260458325535594
bkbc_344,1,42,4,clinical_lr,0.3942741024692699
bkbc_351,1,42,4,clinical_lr,0.41689342563925386
bkbc_359,0,42,4,clinical_lr,0.285496353554322
bkbc_364,0,42,4,clinical_lr,0.36772444578037494
bkbc_378,0,42,4,clinical_lr,0.3942741024692699
bkbc_380,1,42,4,clinical_lr,0.5612607028985048
bkbc_381,0,42,4,clinical_lr,0.6333403812850156
bkbc_388,1,42,4,clinical_lr,0.19401887937554615
bkbc_392,0,42,4,clinical_lr,0.4214628839078419
bkbc_394,1,42,4,clinical_lr,0.5796541018819275
bkbc_395,1,42,4,clinical_lr,0.19995620426350663
bkbc_396,1,42,4,clinical_lr,0.6023329966513173
bkbc_403,1,42,4,clinical_lr,0.45378419687405286
bkbc_414,0,42,4,clinical_lr,0.556633861636602
bkbc_419,0,42,4,clinical_lr,0.4260458325535594
bkbc_425,0,42,4,clinical_lr,0.4491363595610356
bkbc_4,1,42,4,clinical_no_egfr_lr,0.4578408823154017
bkbc_5,1,42,4,clinical_no_egfr_lr,0.4578408823154017
bkbc_8,0,42,4,clinical_no_egfr_lr,0.4578408823154017
bkbc_16,0,42,4,clinical_no_egfr_lr,0.4578408823154017
bkbc_17,0,42,4,clinical_no_egfr_lr,0.4578408823154017
bkbc_18,0,42,4,clinical_no_egfr_lr,0.4578408823154017
bkbc_20,0,42,4,clinical_no_egfr_lr,0.4578408823154017
bkbc_21,0,42,4,clinical_no_egfr_lr,0.4578408823154017
bkbc_32,0,42,4,clinical_no_egfr_lr,0.4578408823154017
bkbc_36,1,42,4,clinical_no_egfr_lr,0.4578408823154017
bkbc_41,1,42,4,clinical_no_egfr_lr,0.4578408823154017
bkbc_46,0,42,4,clinical_no_egfr_lr,0.4578408823154017
bkbc_48,1,42,4,clinical_no_egfr_lr,0.4578408823154017
bkbc_50,0,42,4,clinical_no_egfr_lr,0.4578408823154017
bkbc_59,1,42,4,clinical_no_egfr_lr,0.4578408823154017
bkbc_60,1,42,4,clinical_no_egfr_lr,0.4578408823154017
bkbc_69,0,42,4,clinical_no_egfr_lr,0.4578408823154017
bkbc_70,0,42,4,clinical_no_egfr_lr,0.4578408823154017
bkbc_74,1,42,4,clinical_no_egfr_lr,0.4578408823154017
bkbc_76,1,42,4,clinical_no_egfr_lr,0.4578408823154017
bkbc_78,0,42,4,clinical_no_egfr_lr,0.4578408823154017
bkbc_79,1,42,4,clinical_no_egfr_lr,0.4578408823154017
bkbc_95,1,42,4,clinical_no_egfr_lr,0.4578408823154017
bkbc_105,1,42,4,clinical_no_egfr_lr,0.4578408823154017
bkbc_109,0,42,4,clinical_no_egfr_lr,0.4578408823154017
bkbc_112,1,42,4,clinical_no_egfr_lr,0.4578408823154017
bkbc_116,1,42,4,clinical_no_egfr_lr,0.4578408823154017
bkbc_129,0,42,4,clinical_no_egfr_lr,0.4578408823154017
bkbc_131,0,42,4,clinical_no_egfr_lr,0.4578408823154017
bkbc_137,0,42,4,clinical_no_egfr_lr,0.4578408823154017
bkbc_141,1,42,4,clinical_no_egfr_lr,0.4578408823154017
bkbc_146,1,42,4,clinical_no_egfr_lr,0.4578408823154017
bkbc_165,1,42,4,clinical_no_egfr_lr,0.4578408823154017
bkbc_174,0,42,4,clinical_no_egfr_lr,0.4578408823154017
bkbc_187,1,42,4,clinical_no_egfr_lr,0.4578408823154017
bkbc_195,0,42,4,clinical_no_egfr_lr,0.4578408823154017
bkbc_200,1,42,4,clinical_no_egfr_lr,0.4578408823154017
bkbc_203,1,42,4,clinical_no_egfr_lr,0.4578408823154017
bkbc_212,0,42,4,clinical_no_egfr_lr,0.4578408823154017
bkbc_214,1,42,4,clinical_no_egfr_lr,0.4578408823154017
bkbc_217,1,42,4,clinical_no_egfr_lr,0.4578408823154017
bkbc_223,1,42,4,clinical_no_egfr_lr,0.4578408823154017
bkbc_228,0,42,4,clinical_no_egfr_lr,0.4578408823154017
bkbc_230,1,42,4,clinical_no_egfr_lr,0.4578408823154017
bkbc_235,0,42,4,clinical_no_egfr_lr,0.4578408823154017
bkbc_239,1,42,4,clinical_no_egfr_lr,0.4578408823154017
bkbc_241,1,42,4,clinical_no_egfr_lr,0.4578408823154017
bkbc_257,0,42,4,clinical_no_egfr_lr,0.4578408823154017
bkbc_258,1,42,4,clinical_no_egfr_lr,0.4578408823154017
bkbc_259,0,42,4,clinical_no_egfr_lr,0.4578408823154017
bkbc_263,0,42,4,clinical_no_egfr_lr,0.4578408823154017
bkbc_265,1,42,4,clinical_no_egfr_lr,0.4578408823154017
bkbc_273,0,42,4,clinical_no_egfr_lr,0.4578408823154017
bkbc_274,1,42,4,clinical_no_egfr_lr,0.4578408823154017
bkbc_279,0,42,4,clinical_no_egfr_lr,0.4578408823154017
bkbc_284,0,42,4,clinical_no_egfr_lr,0.4578408823154017
bkbc_288,0,42,4,clinical_no_egfr_lr,0.4578408823154017
bkbc_289,1,42,4,clinical_no_egfr_lr,0.4578408823154017
bkbc_293,0,42,4,clinical_no_egfr_lr,0.4578408823154017
bkbc_295,0,42,4,clinical_no_egfr_lr,0.4578408823154017
bkbc_297,1,42,4,clinical_no_egfr_lr,0.4578408823154017
bkbc_302,0,42,4,clinical_no_egfr_lr,0.4578408823154017
bkbc_304,0,42,4,clinical_no_egfr_lr,0.4578408823154017
bkbc_308,1,42,4,clinical_no_egfr_lr,0.4578408823154017
bkbc_320,0,42,4,clinical_no_egfr_lr,0.4578408823154017
bkbc_322,0,42,4,clinical_no_egfr_lr,0.4578408823154017
bkbc_328,0,42,4,clinical_no_egfr_lr,0.4578408823154017
bkbc_342,0,42,4,clinical_no_egfr_lr,0.4578408823154017
bkbc_343,0,42,4,clinical_no_egfr_lr,0.4578408823154017
bkbc_344,1,42,4,clinical_no_egfr_lr,0.4578408823154017
bkbc_351,1,42,4,clinical_no_egfr_lr,0.4578408823154017
bkbc_359,0,42,4,clinical_no_egfr_lr,0.4578408823154017
bkbc_364,0,42,4,clinical_no_egfr_lr,0.4578408823154017
bkbc_378,0,42,4,clinical_no_egfr_lr,0.4578408823154017
bkbc_380,1,42,4,clinical_no_egfr_lr,0.4578408823154017
bkbc_381,0,42,4,clinical_no_egfr_lr,0.4578408823154017
bkbc_388,1,42,4,clinical_no_egfr_lr,0.4578408823154017
bkbc_392,0,42,4,clinical_no_egfr_lr,0.4578408823154017
bkbc_394,1,42,4,clinical_no_egfr_lr,0.4578408823154017
bkbc_395,1,42,4,clinical_no_egfr_lr,0.4578408823154017
bkbc_396,1,42,4,clinical_no_egfr_lr,0.4578408823154017
bkbc_403,1,42,4,clinical_no_egfr_lr,0.4578408823154017
bkbc_414,0,42,4,clinical_no_egfr_lr,0.4578408823154017
bkbc_419,0,42,4,clinical_no_egfr_lr,0.4578408823154017
bkbc_425,0,42,4,clinical_no_egfr_lr,0.4578408823154017
bkbc_12,1,42,5,xgb_fs1,0.1808176040649414
bkbc_13,1,42,5,xgb_fs1,0.22371594607830048
bkbc_22,1,42,5,xgb_fs1,0.7896397113800049
bkbc_24,0,42,5,xgb_fs1,0.5509948134422302
bkbc_26,1,42,5,xgb_fs1,0.4950263798236847
bkbc_28,1,42,5,xgb_fs1,0.7516952753067017
bkbc_29,1,42,5,xgb_fs1,0.8677242398262024
bkbc_43,0,42,5,xgb_fs1,0.2736310660839081
bkbc_44,0,42,5,xgb_fs1,0.36690014600753784
bkbc_47,0,42,5,xgb_fs1,0.49792712926864624
bkbc_77,0,42,5,xgb_fs1,0.49910610914230347
bkbc_80,1,42,5,xgb_fs1,0.8397399187088013
bkbc_89,1,42,5,xgb_fs1,0.9061570167541504
bkbc_97,0,42,5,xgb_fs1,0.346195787191391
bkbc_98,1,42,5,xgb_fs1,0.5308884978294373
bkbc_110,1,42,5,xgb_fs1,0.7304724454879761
bkbc_118,0,42,5,xgb_fs1,0.7449989318847656
bkbc_122,1,42,5,xgb_fs1,0.8859459757804871
bkbc_126,1,42,5,xgb_fs1,0.8128100633621216
bkbc_130,0,42,5,xgb_fs1,0.28003087639808655
bkbc_138,1,42,5,xgb_fs1,0.2011287659406662
bkbc_144,0,42,5,xgb_fs1,0.19103950262069702
bkbc_147,1,42,5,xgb_fs1,0.7207846641540527
bkbc_151,0,42,5,xgb_fs1,0.2603568732738495
bkbc_176,1,42,5,xgb_fs1,0.6604700684547424
bkbc_177,1,42,5,xgb_fs1,0.5522196292877197
bkbc_179,0,42,5,xgb_fs1,0.6999212503433228
bkbc_180,1,42,5,xgb_fs1,0.5743201375007629
bkbc_182,1,42,5,xgb_fs1,0.4783051609992981
bkbc_188,0,42,5,xgb_fs1,0.237445667386055
bkbc_189,0,42,5,xgb_fs1,0.3283673822879791
bkbc_192,0,42,5,xgb_fs1,0.3631848394870758
bkbc_199,1,42,5,xgb_fs1,0.8684504628181458
bkbc_215,0,42,5,xgb_fs1,0.288481205701828
bkbc_222,0,42,5,xgb_fs1,0.21670009195804596
bkbc_229,0,42,5,xgb_fs1,0.3871381878852844
bkbc_231,0,42,5,xgb_fs1,0.23799008131027222
bkbc_232,1,42,5,xgb_fs1,0.19259274005889893
bkbc_237,1,42,5,xgb_fs1,0.550445020198822
bkbc_245,0,42,5,xgb_fs1,0.5109108090400696
bkbc_250,1,42,5,xgb_fs1,0.3812237083911896
bkbc_251,0,42,5,xgb_fs1,0.16757728159427643
bkbc_262,0,42,5,xgb_fs1,0.32050272822380066
bkbc_264,0,42,5,xgb_fs1,0.3163900673389435
bkbc_269,0,42,5,xgb_fs1,0.1682599037885666
bkbc_270,0,42,5,xgb_fs1,0.17519497871398926
bkbc_271,1,42,5,xgb_fs1,0.2385675609111786
bkbc_272,0,42,5,xgb_fs1,0.22641058266162872
bkbc_278,0,42,5,xgb_fs1,0.8869550228118896
bkbc_281,0,42,5,xgb_fs1,0.8477755784988403
bkbc_282,1,42,5,xgb_fs1,0.36657097935676575
bkbc_291,0,42,5,xgb_fs1,0.4412132203578949
bkbc_294,0,42,5,xgb_fs1,0.6895565390586853
bkbc_300,0,42,5,xgb_fs1,0.2359117865562439
bkbc_309,1,42,5,xgb_fs1,0.661431074142456
bkbc_311,1,42,5,xgb_fs1,0.8685917258262634
bkbc_313,0,42,5,xgb_fs1,0.8118016719818115
bkbc_314,0,42,5,xgb_fs1,0.4024236500263214
bkbc_317,1,42,5,xgb_fs1,0.7208296656608582
bkbc_329,1,42,5,xgb_fs1,0.3976694941520691
bkbc_330,1,42,5,xgb_fs1,0.46292880177497864
bkbc_337,1,42,5,xgb_fs1,0.8190302848815918
bkbc_348,1,42,5,xgb_fs1,0.8552770018577576
bkbc_350,0,42,5,xgb_fs1,0.18476931750774384
bkbc_352,1,42,5,xgb_fs1,0.6563182473182678
bkbc_353,0,42,5,xgb_fs1,0.24060022830963135
bkbc_355,1,42,5,xgb_fs1,0.6454622149467468
bkbc_357,0,42,5,xgb_fs1,0.11415760964155197
bkbc_362,1,42,5,xgb_fs1,0.3546178340911865
bkbc_363,0,42,5,xgb_fs1,0.1822766661643982
bkbc_372,0,42,5,xgb_fs1,0.3782110810279846
bkbc_375,0,42,5,xgb_fs1,0.22597765922546387
bkbc_377,1,42,5,xgb_fs1,0.31267666816711426
bkbc_379,1,42,5,xgb_fs1,0.6121730208396912
bkbc_382,0,42,5,xgb_fs1,0.4039088189601898
bkbc_390,1,42,5,xgb_fs1,0.8503300547599792
bkbc_404,0,42,5,xgb_fs1,0.2322365790605545
bkbc_405,1,42,5,xgb_fs1,0.6338552832603455
bkbc_406,0,42,5,xgb_fs1,0.2580171823501587
bkbc_408,1,42,5,xgb_fs1,0.7823676466941833
bkbc_409,0,42,5,xgb_fs1,0.19315604865550995
bkbc_412,0,42,5,xgb_fs1,0.18147048354148865
bkbc_413,0,42,5,xgb_fs1,0.558846652507782
bkbc_415,0,42,5,xgb_fs1,0.41943326592445374
bkbc_421,1,42,5,xgb_fs1,0.8825817108154297
bkbc_12,1,42,5,xgb_fs2,0.192156121134758
bkbc_13,1,42,5,xgb_fs2,0.23357640206813812
bkbc_22,1,42,5,xgb_fs2,0.7047916650772095
bkbc_24,0,42,5,xgb_fs2,0.5060126185417175
bkbc_26,1,42,5,xgb_fs2,0.4268256723880768
bkbc_28,1,42,5,xgb_fs2,0.7445968985557556
bkbc_29,1,42,5,xgb_fs2,0.796917736530304
bkbc_43,0,42,5,xgb_fs2,0.2724735736846924
bkbc_44,0,42,5,xgb_fs2,0.3525429964065552
bkbc_47,0,42,5,xgb_fs2,0.4612416923046112
bkbc_77,0,42,5,xgb_fs2,0.5782795548439026
bkbc_80,1,42,5,xgb_fs2,0.9018430113792419
bkbc_89,1,42,5,xgb_fs2,0.9418603777885437
bkbc_97,0,42,5,xgb_fs2,0.42857420444488525
bkbc_98,1,42,5,xgb_fs2,0.5573157668113708
bkbc_110,1,42,5,xgb_fs2,0.8170934319496155
bkbc_118,0,42,5,xgb_fs2,0.7307156324386597
bkbc_122,1,42,5,xgb_fs2,0.943960964679718
bkbc_126,1,42,5,xgb_fs2,0.7855236530303955
bkbc_130,0,42,5,xgb_fs2,0.25457438826560974
bkbc_138,1,42,5,xgb_fs2,0.17475953698158264
bkbc_144,0,42,5,xgb_fs2,0.165232315659523
bkbc_147,1,42,5,xgb_fs2,0.837773859500885
bkbc_151,0,42,5,xgb_fs2,0.296769917011261
bkbc_176,1,42,5,xgb_fs2,0.6305039525032043
bkbc_177,1,42,5,xgb_fs2,0.4581485390663147
bkbc_179,0,42,5,xgb_fs2,0.7871896624565125
bkbc_180,1,42,5,xgb_fs2,0.5612803101539612
bkbc_182,1,42,5,xgb_fs2,0.5730322003364563
bkbc_188,0,42,5,xgb_fs2,0.30555984377861023
bkbc_189,0,42,5,xgb_fs2,0.2985089421272278
bkbc_192,0,42,5,xgb_fs2,0.4346306025981903
bkbc_199,1,42,5,xgb_fs2,0.9097406268119812
bkbc_215,0,42,5,xgb_fs2,0.3087993562221527
bkbc_222,0,42,5,xgb_fs2,0.2993404269218445
bkbc_229,0,42,5,xgb_fs2,0.4469015598297119
bkbc_231,0,42,5,xgb_fs2,0.18509021401405334
bkbc_232,1,42,5,xgb_fs2,0.18615493178367615
bkbc_237,1,42,5,xgb_fs2,0.664654552936554
bkbc_245,0,42,5,xgb_fs2,0.4626423418521881
bkbc_250,1,42,5,xgb_fs2,0.43492910265922546
bkbc_251,0,42,5,xgb_fs2,0.12557874619960785
bkbc_262,0,42,5,xgb_fs2,0.31465548276901245
bkbc_264,0,42,5,xgb_fs2,0.2579696476459503
bkbc_269,0,42,5,xgb_fs2,0.10117069631814957
bkbc_270,0,42,5,xgb_fs2,0.1966136395931244
bkbc_271,1,42,5,xgb_fs2,0.27622413635253906
bkbc_272,0,42,5,xgb_fs2,0.15559163689613342
bkbc_278,0,42,5,xgb_fs2,0.9282628893852234
bkbc_281,0,42,5,xgb_fs2,0.8594022989273071
bkbc_282,1,42,5,xgb_fs2,0.40825045108795166
bkbc_291,0,42,5,xgb_fs2,0.310127317905426
bkbc_294,0,42,5,xgb_fs2,0.7504630088806152
bkbc_300,0,42,5,xgb_fs2,0.12562739849090576
bkbc_309,1,42,5,xgb_fs2,0.6854238510131836
bkbc_311,1,42,5,xgb_fs2,0.9239603281021118
bkbc_313,0,42,5,xgb_fs2,0.8744764924049377
bkbc_314,0,42,5,xgb_fs2,0.38451603055000305
bkbc_317,1,42,5,xgb_fs2,0.7316578030586243
bkbc_329,1,42,5,xgb_fs2,0.4697389602661133
bkbc_330,1,42,5,xgb_fs2,0.5884707570075989
bkbc_337,1,42,5,xgb_fs2,0.8898563385009766
bkbc_348,1,42,5,xgb_fs2,0.8667652010917664
bkbc_350,0,42,5,xgb_fs2,0.10721991956233978
bkbc_352,1,42,5,xgb_fs2,0.8179636001586914
bkbc_353,0,42,5,xgb_fs2,0.21865089237689972
bkbc_355,1,42,5,xgb_fs2,0.6768521070480347
bkbc_357,0,42,5,xgb_fs2,0.1322357952594757
bkbc_362,1,42,5,xgb_fs2,0.3610403537750244
bkbc_363,0,42,5,xgb_fs2,0.18126937747001648
bkbc_372,0,42,5,xgb_fs2,0.4973319172859192
bkbc_375,0,42,5,xgb_fs2,0.28165435791015625
bkbc_377,1,42,5,xgb_fs2,0.41417714953422546
bkbc_379,1,42,5,xgb_fs2,0.5780301690101624
bkbc_382,0,42,5,xgb_fs2,0.4568265974521637
bkbc_390,1,42,5,xgb_fs2,0.9068875312805176
bkbc_404,0,42,5,xgb_fs2,0.20123295485973358
bkbc_405,1,42,5,xgb_fs2,0.6952597498893738
bkbc_406,0,42,5,xgb_fs2,0.3164324462413788
bkbc_408,1,42,5,xgb_fs2,0.8423108458518982
bkbc_409,0,42,5,xgb_fs2,0.19814532995224
bkbc_412,0,42,5,xgb_fs2,0.12201918661594391
bkbc_413,0,42,5,xgb_fs2,0.45632362365722656
bkbc_415,0,42,5,xgb_fs2,0.3394530713558197
bkbc_421,1,42,5,xgb_fs2,0.8771348595619202
bkbc_12,1,42,5,xgb_fs3,0.20162935554981232
bkbc_13,1,42,5,xgb_fs3,0.24601119756698608
bkbc_22,1,42,5,xgb_fs3,0.6050651669502258
bkbc_24,0,42,5,xgb_fs3,0.5176576972007751
bkbc_26,1,42,5,xgb_fs3,0.37395840883255005
bkbc_28,1,42,5,xgb_fs3,0.748132586479187
bkbc_29,1,42,5,xgb_fs3,0.7947866916656494
bkbc_43,0,42,5,xgb_fs3,0.49014097452163696
bkbc_44,0,42,5,xgb_fs3,0.34691646695137024
bkbc_47,0,42,5,xgb_fs3,0.4784366190433502
bkbc_77,0,42,5,xgb_fs3,0.48021697998046875
bkbc_80,1,42,5,xgb_fs3,0.8689782619476318
bkbc_89,1,42,5,xgb_fs3,0.9183860421180725
bkbc_97,0,42,5,xgb_fs3,0.4484841823577881
bkbc_98,1,42,5,xgb_fs3,0.44748422503471375
bkbc_110,1,42,5,xgb_fs3,0.8519256711006165
bkbc_118,0,42,5,xgb_fs3,0.6362489461898804
bkbc_122,1,42,5,xgb_fs3,0.9265438318252563
bkbc_126,1,42,5,xgb_fs3,0.8236088752746582
bkbc_130,0,42,5,xgb_fs3,0.24977965652942657
bkbc_138,1,42,5,xgb_fs3,0.2621702551841736
bkbc_144,0,42,5,xgb_fs3,0.1816529929637909
bkbc_147,1,42,5,xgb_fs3,0.854123055934906
bkbc_151,0,42,5,xgb_fs3,0.28209108114242554
bkbc_176,1,42,5,xgb_fs3,0.7221402525901794
bkbc_177,1,42,5,xgb_fs3,0.4927794933319092
bkbc_179,0,42,5,xgb_fs3,0.6425268054008484
bkbc_180,1,42,5,xgb_fs3,0.5935953259468079
bkbc_182,1,42,5,xgb_fs3,0.5097388029098511
bkbc_188,0,42,5,xgb_fs3,0.3236262798309326
bkbc_189,0,42,5,xgb_fs3,0.37647342681884766
bkbc_192,0,42,5,xgb_fs3,0.3127182722091675
bkbc_199,1,42,5,xgb_fs3,0.8942990303039551
bkbc_215,0,42,5,xgb_fs3,0.2784971296787262
bkbc_222,0,42,5,xgb_fs3,0.24749834835529327
bkbc_229,0,42,5,xgb_fs3,0.3872784674167633
bkbc_231,0,42,5,xgb_fs3,0.35544052720069885
bkbc_232,1,42,5,xgb_fs3,0.17098067700862885
bkbc_237,1,42,5,xgb_fs3,0.7766363024711609
bkbc_245,0,42,5,xgb_fs3,0.44705918431282043
bkbc_250,1,42,5,xgb_fs3,0.5169562697410583
bkbc_251,0,42,5,xgb_fs3,0.15852533280849457
bkbc_262,0,42,5,xgb_fs3,0.3608158230781555
bkbc_264,0,42,5,xgb_fs3,0.3004387319087982
bkbc_269,0,42,5,xgb_fs3,0.17735397815704346
bkbc_270,0,42,5,xgb_fs3,0.24163585901260376
bkbc_271,1,42,5,xgb_fs3,0.3599125146865845
bkbc_272,0,42,5,xgb_fs3,0.19215039908885956
bkbc_278,0,42,5,xgb_fs3,0.9017500877380371
bkbc_281,0,42,5,xgb_fs3,0.8348480463027954
bkbc_282,1,42,5,xgb_fs3,0.38200435042381287
bkbc_291,0,42,5,xgb_fs3,0.3418990969657898
bkbc_294,0,42,5,xgb_fs3,0.7638476490974426
bkbc_300,0,42,5,xgb_fs3,0.18554243445396423
bkbc_309,1,42,5,xgb_fs3,0.6209783554077148
bkbc_311,1,42,5,xgb_fs3,0.876969039440155
bkbc_313,0,42,5,xgb_fs3,0.8388463854789734
bkbc_314,0,42,5,xgb_fs3,0.30039462447166443
bkbc_317,1,42,5,xgb_fs3,0.7767117619514465
bkbc_329,1,42,5,xgb_fs3,0.4444179832935333
bkbc_330,1,42,5,xgb_fs3,0.6972599625587463
bkbc_337,1,42,5,xgb_fs3,0.8381669521331787
bkbc_348,1,42,5,xgb_fs3,0.8085587620735168
bkbc_350,0,42,5,xgb_fs3,0.11622969806194305
bkbc_352,1,42,5,xgb_fs3,0.7482630610466003
bkbc_353,0,42,5,xgb_fs3,0.2438865303993225
bkbc_355,1,42,5,xgb_fs3,0.6479936838150024
bkbc_357,0,42,5,xgb_fs3,0.14962129294872284
bkbc_362,1,42,5,xgb_fs3,0.3999868631362915
bkbc_363,0,42,5,xgb_fs3,0.2918510138988495
bkbc_372,0,42,5,xgb_fs3,0.45384451746940613
bkbc_375,0,42,5,xgb_fs3,0.2788747549057007
bkbc_377,1,42,5,xgb_fs3,0.3674568831920624
bkbc_379,1,42,5,xgb_fs3,0.5210304260253906
bkbc_382,0,42,5,xgb_fs3,0.45578765869140625
bkbc_390,1,42,5,xgb_fs3,0.8326802849769592
bkbc_404,0,42,5,xgb_fs3,0.22981518507003784
bkbc_405,1,42,5,xgb_fs3,0.6414793729782104
bkbc_406,0,42,5,xgb_fs3,0.2627149224281311
bkbc_408,1,42,5,xgb_fs3,0.7692902088165283
bkbc_409,0,42,5,xgb_fs3,0.22549279034137726
bkbc_412,0,42,5,xgb_fs3,0.16533465683460236
bkbc_413,0,42,5,xgb_fs3,0.45216047763824463
bkbc_415,0,42,5,xgb_fs3,0.4402715265750885
bkbc_421,1,42,5,xgb_fs3,0.8664685487747192
bkbc_12,1,42,5,elastic_fs2,0.2192329752958127
bkbc_13,1,42,5,elastic_fs2,0.25596911966229435
bkbc_22,1,42,5,elastic_fs2,0.5820736525168632
bkbc_24,0,42,5,elastic_fs2,0.5371476279843929
bkbc_26,1,42,5,elastic_fs2,0.5582552797863568
bkbc_28,1,42,5,elastic_fs2,0.8763535417152801
bkbc_29,1,42,5,elastic_fs2,0.6861208383399288
bkbc_43,0,42,5,elastic_fs2,0.3968575145338135
bkbc_44,0,42,5,elastic_fs2,0.4010387512006141
bkbc_47,0,42,5,elastic_fs2,0.46491946300315806
bkbc_77,0,42,5,elastic_fs2,0.5471112484083355
bkbc_80,1,42,5,elastic_fs2,0.8839867974226956
bkbc_89,1,42,5,elastic_fs2,0.9155313280680534
bkbc_97,0,42,5,elastic_fs2,0.4347951272002712
bkbc_98,1,42,5,elastic_fs2,0.3810773130191661
bkbc_110,1,42,5,elastic_fs2,0.6798245295460882
bkbc_118,0,42,5,elastic_fs2,0.6460850105456479
bkbc_122,1,42,5,elastic_fs2,0.954523218992329
bkbc_126,1,42,5,elastic_fs2,0.893818651463793
bkbc_130,0,42,5,elastic_fs2,0.359280558403036
bkbc_138,1,42,5,elastic_fs2,0.18039759664320867
bkbc_144,0,42,5,elastic_fs2,0.32764233255145037
bkbc_147,1,42,5,elastic_fs2,0.8304570170924511
bkbc_151,0,42,5,elastic_fs2,0.25944834608459727
bkbc_176,1,42,5,elastic_fs2,0.6460762708189961
bkbc_177,1,42,5,elastic_fs2,0.5477170747916107
bkbc_179,0,42,5,elastic_fs2,0.6276120139533874
bkbc_180,1,42,5,elastic_fs2,0.5130057091201872
bkbc_182,1,42,5,elastic_fs2,0.4773666128258689
bkbc_188,0,42,5,elastic_fs2,0.22785538481612277
bkbc_189,0,42,5,elastic_fs2,0.31102161697510156
bkbc_192,0,42,5,elastic_fs2,0.3399649348098405
bkbc_199,1,42,5,elastic_fs2,0.7745142156595637
bkbc_215,0,42,5,elastic_fs2,0.3178595134861708
bkbc_222,0,42,5,elastic_fs2,0.2803562277764175
bkbc_229,0,42,5,elastic_fs2,0.41211116799463987
bkbc_231,0,42,5,elastic_fs2,0.4698281448146782
bkbc_232,1,42,5,elastic_fs2,0.3556253013610017
bkbc_237,1,42,5,elastic_fs2,0.7617994688870309
bkbc_245,0,42,5,elastic_fs2,0.5577953386715471
bkbc_250,1,42,5,elastic_fs2,0.4267610234537231
bkbc_251,0,42,5,elastic_fs2,0.16081358182838357
bkbc_262,0,42,5,elastic_fs2,0.4312847898269405
bkbc_264,0,42,5,elastic_fs2,0.2071806303082063
bkbc_269,0,42,5,elastic_fs2,0.19253635060224658
bkbc_270,0,42,5,elastic_fs2,0.1997844173260155
bkbc_271,1,42,5,elastic_fs2,0.3409373488854545
bkbc_272,0,42,5,elastic_fs2,0.1713318691207382
bkbc_278,0,42,5,elastic_fs2,0.8644813134551182
bkbc_281,0,42,5,elastic_fs2,0.8446706175231693
bkbc_282,1,42,5,elastic_fs2,0.49358361763812425
bkbc_291,0,42,5,elastic_fs2,0.4133986429649565
bkbc_294,0,42,5,elastic_fs2,0.6758152922525645
bkbc_300,0,42,5,elastic_fs2,0.24621513573475398
bkbc_309,1,42,5,elastic_fs2,0.491479950573251
bkbc_311,1,42,5,elastic_fs2,0.9428059599957487
bkbc_313,0,42,5,elastic_fs2,0.7779658234415916
bkbc_314,0,42,5,elastic_fs2,0.20568100318712407
bkbc_317,1,42,5,elastic_fs2,0.7384774221057695
bkbc_329,1,42,5,elastic_fs2,0.4677487926124944
bkbc_330,1,42,5,elastic_fs2,0.5494495115788748
bkbc_337,1,42,5,elastic_fs2,0.794644306023142
bkbc_348,1,42,5,elastic_fs2,0.8630465278636529
bkbc_350,0,42,5,elastic_fs2,0.15246627368543347
bkbc_352,1,42,5,elastic_fs2,0.7391653091652892
bkbc_353,0,42,5,elastic_fs2,0.2561521642256334
bkbc_355,1,42,5,elastic_fs2,0.6155696915219276
bkbc_357,0,42,5,elastic_fs2,0.2179526605300039
bkbc_362,1,42,5,elastic_fs2,0.3670692238248211
bkbc_363,0,42,5,elastic_fs2,0.28555457386017047
bkbc_372,0,42,5,elastic_fs2,0.4217604467968985
bkbc_375,0,42,5,elastic_fs2,0.3013575422127267
bkbc_377,1,42,5,elastic_fs2,0.49411316175694114
bkbc_379,1,42,5,elastic_fs2,0.4640480066378146
bkbc_382,0,42,5,elastic_fs2,0.4367166566532351
bkbc_390,1,42,5,elastic_fs2,0.8741838495402263
bkbc_404,0,42,5,elastic_fs2,0.33814242088146534
bkbc_405,1,42,5,elastic_fs2,0.7134597087616019
bkbc_406,0,42,5,elastic_fs2,0.19195654747799376
bkbc_408,1,42,5,elastic_fs2,0.7858145094428826
bkbc_409,0,42,5,elastic_fs2,0.2347691749434989
bkbc_412,0,42,5,elastic_fs2,0.13309201012586666
bkbc_413,0,42,5,elastic_fs2,0.507831866645309
bkbc_415,0,42,5,elastic_fs2,0.5092144362581156
bkbc_421,1,42,5,elastic_fs2,0.819204559728134
bkbc_12,1,42,5,egfr_only_lr,0.29963508741553974
bkbc_13,1,42,5,egfr_only_lr,0.3198898696528317
bkbc_22,1,42,5,egfr_only_lr,0.5830826949418082
bkbc_24,0,42,5,egfr_only_lr,0.6608523231376673
bkbc_26,1,42,5,egfr_only_lr,0.5305208119610829
bkbc_28,1,42,5,egfr_only_lr,0.6969723281522956
bkbc_29,1,42,5,egfr_only_lr,0.6868734163547944
bkbc_43,0,42,5,egfr_only_lr,0.19134801927865083
bkbc_44,0,42,5,egfr_only_lr,0.5773127446921218
bkbc_47,0,42,5,egfr_only_lr,0.5715216212825405
bkbc_77,0,42,5,egfr_only_lr,0.6227572567164076
bkbc_80,1,42,5,egfr_only_lr,0.691945831608702
bkbc_89,1,42,5,egfr_only_lr,0.650153879903522
bkbc_97,0,42,5,egfr_only_lr,0.6171758863088528
bkbc_98,1,42,5,egfr_only_lr,0.43615111389295863
bkbc_110,1,42,5,egfr_only_lr,0.6817558928990931
bkbc_118,0,42,5,egfr_only_lr,0.6171758863088528
bkbc_122,1,42,5,egfr_only_lr,0.7117688027882251
bkbc_126,1,42,5,egfr_only_lr,0.7068845238209482
bkbc_130,0,42,5,egfr_only_lr,0.22651959724307996
bkbc_138,1,42,5,egfr_only_lr,0.4130052212010363
bkbc_144,0,42,5,egfr_only_lr,0.46546761817649296
bkbc_147,1,42,5,egfr_only_lr,0.6969723281522956
bkbc_151,0,42,5,egfr_only_lr,0.16050429092637764
bkbc_176,1,42,5,egfr_only_lr,0.6765941117625037
bkbc_177,1,42,5,egfr_only_lr,0.5773127446921218
bkbc_179,0,42,5,egfr_only_lr,0.41875991343958835
bkbc_180,1,42,5,egfr_only_lr,0.5773127446921218
bkbc_182,1,42,5,egfr_only_lr,0.1284128173105635
bkbc_188,0,42,5,egfr_only_lr,0.2706803682454813
bkbc_189,0,42,5,egfr_only_lr,0.30967117078209166
bkbc_192,0,42,5,egfr_only_lr,0.5246165000496298
bkbc_199,1,42,5,egfr_only_lr,0.5423022098294633
bkbc_215,0,42,5,egfr_only_lr,0.39023753265100475
bkbc_222,0,42,5,egfr_only_lr,0.26602924036877335
bkbc_229,0,42,5,egfr_only_lr,0.5423022098294633
bkbc_231,0,42,5,egfr_only_lr,0.459578574233886
bkbc_232,1,42,5,egfr_only_lr,0.44783589913807065
bkbc_237,1,42,5,egfr_only_lr,0.6817558928990931
bkbc_245,0,42,5,egfr_only_lr,0.6393021541141022
bkbc_250,1,42,5,egfr_only_lr,0.5364165925195504
bkbc_251,0,42,5,egfr_only_lr,0.3046299055402127
bkbc_262,0,42,5,egfr_only_lr,0.48318605598750625
bkbc_264,0,42,5,egfr_only_lr,0.14814322449456807
bkbc_269,0,42,5,egfr_only_lr,0.18412386009062875
bkbc_270,0,42,5,egfr_only_lr,0.19134801927865083
bkbc_271,1,42,5,egfr_only_lr,0.20258654293814965
bkbc_272,0,42,5,egfr_only_lr,0.17031279490878226
bkbc_278,0,42,5,egfr_only_lr,0.6447466213231253
bkbc_281,0,42,5,egfr_only_lr,0.7117688027882251
bkbc_282,1,42,5,egfr_only_lr,0.5246165000496298
bkbc_291,0,42,5,egfr_only_lr,0.48318605598750625
bkbc_294,0,42,5,egfr_only_lr,0.6227572567164076
bkbc_300,0,42,5,egfr_only_lr,0.17368646912520747
bkbc_309,1,42,5,egfr_only_lr,0.600250691070293
bkbc_311,1,42,5,egfr_only_lr,0.7019521356145371
bkbc_313,0,42,5,egfr_only_lr,0.33028443799807433
bkbc_314,0,42,5,egfr_only_lr,0.29468745943829155
bkbc_317,1,42,5,egfr_only_lr,0.6608523231376673
bkbc_329,1,42,5,egfr_only_lr,0.6283062608005862
bkbc_330,1,42,5,egfr_only_lr,0.5009468716869738
bkbc_337,1,42,5,egfr_only_lr,0.6227572567164076
bkbc_348,1,42,5,egfr_only_lr,0.691945831608702
bkbc_350,0,42,5,egfr_only_lr,0.19504042185293716
bkbc_352,1,42,5,egfr_only_lr,0.6115634450853044
bkbc_353,0,42,5,egfr_only_lr,0.21832607742930057
bkbc_355,1,42,5,egfr_only_lr,0.6393021541141022
bkbc_357,0,42,5,egfr_only_lr,0.18412386009062875
bkbc_362,1,42,5,egfr_only_lr,0.29963508741553974
bkbc_363,0,42,5,egfr_only_lr,0.34084749443813
bkbc_372,0,42,5,egfr_only_lr,0.43615111389295863
bkbc_375,0,42,5,egfr_only_lr,0.43033437238272493
bkbc_377,1,42,5,egfr_only_lr,0.424536797628725
bkbc_379,1,42,5,egfr_only_lr,0.5888299781331595
bkbc_382,0,42,5,egfr_only_lr,0.4130052212010363
bkbc_390,1,42,5,egfr_only_lr,0.6969723281522956
bkbc_404,0,42,5,egfr_only_lr,0.4072741983839823
bkbc_405,1,42,5,egfr_only_lr,0.5715216212825405
bkbc_406,0,42,5,egfr_only_lr,0.2223958970124195
bkbc_408,1,42,5,egfr_only_lr,0.7019521356145371
bkbc_409,0,42,5,egfr_only_lr,0.16699140761495637
bkbc_412,0,42,5,egfr_only_lr,0.1393969787461487
bkbc_413,0,42,5,egfr_only_lr,0.48318605598750625
bkbc_415,0,42,5,egfr_only_lr,0.6393021541141022
bkbc_421,1,42,5,egfr_only_lr,0.7068845238209482
bkbc_12,1,42,5,clinical_lr,0.30340862001212254
bkbc_13,1,42,5,clinical_lr,0.32353153416348296
bkbc_22,1,42,5,clinical_lr,0.5795525186098958
bkbc_24,0,42,5,clinical_lr,0.6566248163160858
bkbc_26,1,42,5,clinical_lr,0.5318459346250376
bkbc_28,1,42,5,clinical_lr,0.6961489135818709
bkbc_29,1,42,5,clinical_lr,0.6861672559588912
bkbc_43,0,42,5,clinical_lr,0.19267259932300104
bkbc_44,0,42,5,clinical_lr,0.5738445598113059
bkbc_47,0,42,5,clinical_lr,0.5681168564489298
bkbc_77,0,42,5,clinical_lr,0.6228525174071023
bkbc_80,1,42,5,clinical_lr,0.687526994446154
bkbc_89,1,42,5,clinical_lr,0.6498966661536626
bkbc_97,0,42,5,clinical_lr,0.6173442699799009
bkbc_98,1,42,5,clinical_lr,0.4344737549207811
bkbc_110,1,42,5,clinical_lr,0.6811102845553956
bkbc_118,0,42,5,clinical_lr,0.6133060680707072
bkbc_122,1,42,5,clinical_lr,0.70725974407702
bkbc_126,1,42,5,clinical_lr,0.7023952373102648
bkbc_130,0,42,5,clinical_lr,0.23054515172156956
bkbc_138,1,42,5,clinical_lr,0.41578764175420485
bkbc_144,0,42,5,clinical_lr,0.46763306109686853
bkbc_147,1,42,5,clinical_lr,0.6961489135818709
bkbc_151,0,42,5,clinical_lr,0.1620331292498789
bkbc_176,1,42,5,clinical_lr,0.676010302671964
bkbc_177,1,42,5,clinical_lr,0.5738445598113059
bkbc_179,0,42,5,clinical_lr,0.417324067418148
bkbc_180,1,42,5,clinical_lr,0.5738445598113059
bkbc_182,1,42,5,clinical_lr,0.132007689542798
bkbc_188,0,42,5,clinical_lr,0.27459907134211947
bkbc_189,0,42,5,clinical_lr,0.3133822856605036
bkbc_192,0,42,5,clinical_lr,0.5217646278669941
bkbc_199,1,42,5,clinical_lr,0.5434702351142794
bkbc_215,0,42,5,clinical_lr,0.3891991770184456
bkbc_222,0,42,5,clinical_lr,0.2699660734486828
bkbc_229,0,42,5,clinical_lr,0.5434702351142794
bkbc_231,0,42,5,clinical_lr,0.4575792482899263
bkbc_232,1,42,5,clinical_lr,0.4502164964639124
bkbc_237,1,42,5,clinical_lr,0.6773933578777371
bkbc_245,0,42,5,clinical_lr,0.6391831155144431
bkbc_250,1,42,5,clinical_lr,0.5334196463765565
bkbc_251,0,42,5,clinical_lr,0.30474639804028036
bkbc_262,0,42,5,clinical_lr,0.4851288597344421
bkbc_264,0,42,5,clinical_lr,0.15191670542577465
bkbc_269,0,42,5,clinical_lr,0.18550271976598792
bkbc_270,0,42,5,clinical_lr,0.19534028564669423
bkbc_271,1,42,5,clinical_lr,0.20381968671528183
bkbc_272,0,42,5,clinical_lr,0.17178475564154547
bkbc_278,0,42,5,clinical_lr,0.6406398089254609
bkbc_281,0,42,5,clinical_lr,0.70725974407702
bkbc_282,1,42,5,clinical_lr,0.5260199966213875
bkbc_291,0,42,5,clinical_lr,0.4808686832495534
bkbc_294,0,42,5,clinical_lr,0.6228525174071023
bkbc_300,0,42,5,clinical_lr,0.17761535248135607
bkbc_309,1,42,5,clinical_lr,0.5965435399715812
bkbc_311,1,42,5,clinical_lr,0.7010720679443747
bkbc_313,0,42,5,clinical_lr,0.33384965852759957
bkbc_314,0,42,5,clinical_lr,0.2949295203922351
bkbc_317,1,42,5,clinical_lr,0.660461088313925
bkbc_329,1,42,5,clinical_lr,0.624336392158609
bkbc_330,1,42,5,clinical_lr,0.4983960805254694
bkbc_337,1,42,5,clinical_lr,0.6228525174071023
bkbc_348,1,42,5,clinical_lr,0.6911803939575144
bkbc_350,0,42,5,clinical_lr,0.1963358728317458
bkbc_352,1,42,5,clinical_lr,0.607746200909279
bkbc_353,0,42,5,clinical_lr,0.21941808543383454
bkbc_355,1,42,5,clinical_lr,0.6391831155144431
bkbc_357,0,42,5,clinical_lr,0.18550271976598792
bkbc_362,1,42,5,clinical_lr,0.29981498489612496
bkbc_363,0,42,5,clinical_lr,0.3404879472125501
bkbc_372,0,42,5,clinical_lr,0.4344737549207811
bkbc_375,0,42,5,clinical_lr,0.43292110188855365
bkbc_377,1,42,5,clinical_lr,0.423020573492402
bkbc_379,1,42,5,clinical_lr,0.5852392827986496
bkbc_382,0,42,5,clinical_lr,0.41578764175420485
bkbc_390,1,42,5,clinical_lr,0.6925281449939884
bkbc_404,0,42,5,clinical_lr,0.4059984130952239
bkbc_405,1,42,5,clinical_lr,0.5722978705759605
bkbc_406,0,42,5,clinical_lr,0.22642342399649587
bkbc_408,1,42,5,clinical_lr,0.6974844714746496
bkbc_409,0,42,5,clinical_lr,0.17088719122347118
bkbc_412,0,42,5,clinical_lr,0.14309805257448324
bkbc_413,0,42,5,clinical_lr,0.4808686832495534
bkbc_415,0,42,5,clinical_lr,0.6352392082444901
bkbc_421,1,42,5,clinical_lr,0.7059491483042611
bkbc_12,1,42,5,clinical_no_egfr_lr,0.4526913286938935
bkbc_13,1,42,5,clinical_no_egfr_lr,0.4261813911523557
bkbc_22,1,42,5,clinical_no_egfr_lr,0.3784670103784465
bkbc_24,0,42,5,clinical_no_egfr_lr,0.4836366609254054
bkbc_26,1,42,5,clinical_no_egfr_lr,0.4526913286938935
bkbc_28,1,42,5,clinical_no_egfr_lr,0.5063719620907746
bkbc_29,1,42,5,clinical_no_egfr_lr,0.5063719620907746
bkbc_43,0,42,5,clinical_no_egfr_lr,0.4568271319924765
bkbc_44,0,42,5,clinical_no_egfr_lr,0.4836366609254054
bkbc_47,0,42,5,clinical_no_egfr_lr,0.5105407121352976
bkbc_77,0,42,5,clinical_no_egfr_lr,0.47947239324414886
bkbc_80,1,42,5,clinical_no_egfr_lr,0.43026540032295724
bkbc_89,1,42,5,clinical_no_egfr_lr,0.47947239324414886
bkbc_97,0,42,5,clinical_no_egfr_lr,0.4526913286938935
bkbc_98,1,42,5,clinical_no_egfr_lr,0.40409909722153553
bkbc_110,1,42,5,clinical_no_egfr_lr,0.4261813911523557
bkbc_118,0,42,5,clinical_no_egfr_lr,0.4568271319924765
bkbc_122,1,42,5,clinical_no_egfr_lr,0.4836366609254054
bkbc_126,1,42,5,clinical_no_egfr_lr,0.40409909722153553
bkbc_130,0,42,5,clinical_no_egfr_lr,0.5063719620907746
bkbc_138,1,42,5,clinical_no_egfr_lr,0.4000890422008117
bkbc_144,0,42,5,clinical_no_egfr_lr,0.4526913286938935
bkbc_147,1,42,5,clinical_no_egfr_lr,0.5063719620907746
bkbc_151,0,42,5,clinical_no_egfr_lr,0.43026540032295724
bkbc_176,1,42,5,clinical_no_egfr_lr,0.5063719620907746
bkbc_177,1,42,5,clinical_no_egfr_lr,0.4568271319924765
bkbc_179,0,42,5,clinical_no_egfr_lr,0.4568271319924765
bkbc_180,1,42,5,clinical_no_egfr_lr,0.40409909722153553
bkbc_182,1,42,5,clinical_no_egfr_lr,0.3745514377433469
bkbc_188,0,42,5,clinical_no_egfr_lr,0.47947239324414886
bkbc_189,0,42,5,clinical_no_egfr_lr,0.4526913286938935
bkbc_192,0,42,5,clinical_no_egfr_lr,0.43026540032295724
bkbc_199,1,42,5,clinical_no_egfr_lr,0.4261813911523557
bkbc_215,0,42,5,clinical_no_egfr_lr,0.43026540032295724
bkbc_222,0,42,5,clinical_no_egfr_lr,0.4261813911523557
bkbc_229,0,42,5,clinical_no_egfr_lr,0.5332346901296999
bkbc_231,0,42,5,clinical_no_egfr_lr,0.5373838371930677
bkbc_232,1,42,5,clinical_no_egfr_lr,0.4000890422008117
bkbc_237,1,42,5,clinical_no_egfr_lr,0.4836366609254054
bkbc_245,0,42,5,clinical_no_egfr_lr,0.5063719620907746
bkbc_250,1,42,5,clinical_no_egfr_lr,0.4836366609254054
bkbc_251,0,42,5,clinical_no_egfr_lr,0.40409909722153553
bkbc_262,0,42,5,clinical_no_egfr_lr,0.4000890422008117
bkbc_264,0,42,5,clinical_no_egfr_lr,0.4000890422008117
bkbc_269,0,42,5,clinical_no_egfr_lr,0.3784670103784465
bkbc_270,0,42,5,clinical_no_egfr_lr,0.47947239324414886
bkbc_271,1,42,5,clinical_no_egfr_lr,0.4568271319924765
bkbc_272,0,42,5,clinical_no_egfr_lr,0.40409909722153553
bkbc_278,0,42,5,clinical_no_egfr_lr,0.4836366609254054
bkbc_281,0,42,5,clinical_no_egfr_lr,0.4568271319924765
bkbc_282,1,42,5,clinical_no_egfr_lr,0.5332346901296999
bkbc_291,0,42,5,clinical_no_egfr_lr,0.43026540032295724
bkbc_294,0,42,5,clinical_no_egfr_lr,0.47947239324414886
bkbc_300,0,42,5,clinical_no_egfr_lr,0.4261813911523557
bkbc_309,1,42,5,clinical_no_egfr_lr,0.5373838371930677
bkbc_311,1,42,5,clinical_no_egfr_lr,0.47947239324414886
bkbc_313,0,42,5,clinical_no_egfr_lr,0.47947239324414886
bkbc_314,0,42,5,clinical_no_egfr_lr,0.3784670103784465
bkbc_317,1,42,5,clinical_no_egfr_lr,0.4526913286938935
bkbc_329,1,42,5,clinical_no_egfr_lr,0.4836366609254054
bkbc_330,1,42,5,clinical_no_egfr_lr,0.40409909722153553
bkbc_337,1,42,5,clinical_no_egfr_lr,0.5063719620907746
bkbc_348,1,42,5,clinical_no_egfr_lr,0.5332346901296999
bkbc_350,0,42,5,clinical_no_egfr_lr,0.43026540032295724
bkbc_352,1,42,5,clinical_no_egfr_lr,0.4836366609254054
bkbc_353,0,42,5,clinical_no_egfr_lr,0.3784670103784465
bkbc_355,1,42,5,clinical_no_egfr_lr,0.47947239324414886
bkbc_357,0,42,5,clinical_no_egfr_lr,0.43026540032295724
bkbc_362,1,42,5,clinical_no_egfr_lr,0.5105407121352976
bkbc_363,0,42,5,clinical_no_egfr_lr,0.40409909722153553
bkbc_372,0,42,5,clinical_no_egfr_lr,0.43026540032295724
bkbc_375,0,42,5,clinical_no_egfr_lr,0.4261813911523557
bkbc_377,1,42,5,clinical_no_egfr_lr,0.43026540032295724
bkbc_379,1,42,5,clinical_no_egfr_lr,0.4568271319924765
bkbc_382,0,42,5,clinical_no_egfr_lr,0.5063719620907746
bkbc_390,1,42,5,clinical_no_egfr_lr,0.4836366609254054
bkbc_404,0,42,5,clinical_no_egfr_lr,0.43026540032295724
bkbc_405,1,42,5,clinical_no_egfr_lr,0.5332346901296999
bkbc_406,0,42,5,clinical_no_egfr_lr,0.4526913286938935
bkbc_408,1,42,5,clinical_no_egfr_lr,0.5105407121352976
bkbc_409,0,42,5,clinical_no_egfr_lr,0.4526913286938935
bkbc_412,0,42,5,clinical_no_egfr_lr,0.4000890422008117
bkbc_413,0,42,5,clinical_no_egfr_lr,0.5105407121352976
bkbc_415,0,42,5,clinical_no_egfr_lr,0.43026540032295724
bkbc_421,1,42,5,clinical_no_egfr_lr,0.5063719620907746
