model_name,feature,importance
xgb_fs1,feature_2433,0.007579041179269552
xgb_fs1,feature_4764,0.007364101707935333
xgb_fs1,feature_1177,0.007192597258836031
xgb_fs1,feature_1002,0.006761604454368353
xgb_fs1,feature_5664,0.0058557563461363316
xgb_fs1,feature_3801,0.005693461745977402
xgb_fs1,feature_3329,0.005563618615269661
xgb_fs1,feature_5285,0.0051460652612149715
xgb_fs1,feature_2833,0.0051402621902525425
xgb_fs1,feature_6370,0.005108020734041929
xgb_fs1,feature_3957,0.004970497451722622
xgb_fs1,feature_3160,0.004794869106262922
xgb_fs1,feature_4854,0.004793920088559389
xgb_fs1,feature_6288,0.004668350797146559
xgb_fs1,feature_6472,0.0044515314511954784
xgb_fs1,feature_2517,0.004358182195574045
xgb_fs1,feature_1599,0.004278362728655338
xgb_fs1,feature_5177,0.004242319613695145
xgb_fs1,feature_4444,0.00412096967920661
xgb_fs1,feature_0639,0.003962046932429075
xgb_fs1,feature_0740,0.0038548652082681656
xgb_fs1,feature_2737,0.0038481696974486113
xgb_fs1,feature_4251,0.0033983297180384398
xgb_fs1,feature_2397,0.0032795623410493135
xgb_fs1,feature_5499,0.0031452476978302
xgb_fs1,feature_0595,0.0030595529824495316
xgb_fs1,feature_1299,0.003045762190595269
xgb_fs1,feature_2925,0.0030286067631095648
xgb_fs1,feature_3067,0.003022819524630904
xgb_fs1,feature_2753,0.002950911642983556
xgb_fs1,feature_2011,0.0029478517826646566
xgb_fs1,feature_6260,0.002879868494346738
xgb_fs1,feature_6104,0.0028134742751717567
xgb_fs1,feature_3111,0.0027484335005283356
xgb_fs1,feature_5393,0.002717675408348441
xgb_fs1,feature_2666,0.0026959062088280916
xgb_fs1,feature_3343,0.0026613082736730576
xgb_fs1,feature_3802,0.002512454055249691
xgb_fs1,feature_4094,0.002503582974895835
xgb_fs1,feature_1435,0.002478022361174226
xgb_fs1,feature_6198,0.0024650413542985916
xgb_fs1,feature_5514,0.0024563150946050882
xgb_fs1,feature_6006,0.0024451659992337227
xgb_fs1,feature_6133,0.002436785027384758
xgb_fs1,feature_2446,0.0024225127417594194
xgb_fs1,feature_0456,0.002413541777059436
xgb_fs1,feature_4642,0.0023748192470520735
xgb_fs1,feature_3844,0.0023698899894952774
xgb_fs1,feature_1584,0.0023040713276714087
xgb_fs1,feature_0499,0.0022888791281729937
xgb_fs1,feature_0125,0.0022822150494903326
xgb_fs1,feature_3448,0.0022763290908187628
xgb_fs1,feature_2010,0.002264759736135602
xgb_fs1,feature_6117,0.002260569715872407
xgb_fs1,feature_2986,0.0022102624643594027
xgb_fs1,feature_1253,0.002157545415684581
xgb_fs1,feature_0715,0.002096518874168396
xgb_fs1,feature_3020,0.0020942932460457087
xgb_fs1,feature_4366,0.0020860389340668917
xgb_fs1,feature_0112,0.0020644674077630043
xgb_fs1,feature_2831,0.0020494756754487753
xgb_fs1,feature_2569,0.0020344939548522234
xgb_fs1,feature_3428,0.002034456469118595
xgb_fs1,feature_0419,0.00201295199804008
xgb_fs1,feature_5381,0.0019947367254644632
xgb_fs1,feature_6525,0.0019824740011245012
xgb_fs1,feature_2723,0.0019809005316346884
xgb_fs1,feature_5951,0.0019782769959419966
xgb_fs1,feature_5201,0.0019678387325257063
xgb_fs1,feature_6122,0.001966469921171665
xgb_fs1,feature_0217,0.0019635113421827555
xgb_fs1,feature_5894,0.001954546896740794
xgb_fs1,feature_1776,0.0019506864482536912
xgb_fs1,feature_5979,0.0019499324262142181
xgb_fs1,feature_6543,0.0019433576380833983
xgb_fs1,feature_2727,0.0019265000009909272
xgb_fs1,feature_5328,0.0019184695556759834
xgb_fs1,feature_3027,0.0019169771112501621
xgb_fs1,feature_3267,0.0018935371190309525
xgb_fs1,feature_0362,0.0018859925912693143
xgb_fs1,feature_1792,0.0018838426331058145
xgb_fs1,feature_1949,0.0018833032809197903
xgb_fs1,feature_0345,0.0018784269923344254
xgb_fs1,feature_5683,0.001870655338279903
xgb_fs1,feature_1956,0.0018661650829017162
xgb_fs1,feature_4781,0.0018480634316802025
xgb_fs1,feature_5700,0.0018241734942421317
xgb_fs1,feature_1818,0.0018224002560600638
xgb_fs1,feature_2571,0.001820953213609755
xgb_fs1,feature_0536,0.001819195575080812
xgb_fs1,feature_4760,0.0018148083472624421
xgb_fs1,feature_3184,0.0018076576525345445
xgb_fs1,feature_4627,0.0018062019953504205
xgb_fs1,feature_4746,0.0018032608786597848
xgb_fs1,feature_4186,0.0018025540048256516
xgb_fs1,feature_2779,0.001796628930605948
xgb_fs1,feature_3785,0.0017957648960873485
xgb_fs1,feature_3319,0.0017835755134001374
xgb_fs1,feature_3251,0.0017819041386246681
xgb_fs1,feature_1401,0.001776874647475779
xgb_fs1,feature_2457,0.0017758161993697286
xgb_fs1,feature_3800,0.0017698840238153934
xgb_fs1,feature_0601,0.001767990062944591
xgb_fs1,feature_3720,0.0017641907325014472
xgb_fs1,feature_2818,0.0017528930911794305
xgb_fs1,feature_6038,0.0017393416492268443
xgb_fs1,feature_2897,0.0017363204387947917
xgb_fs1,feature_5482,0.0017128270119428635
xgb_fs1,feature_6401,0.0017044766573235393
xgb_fs1,feature_4381,0.0016973670572042465
xgb_fs1,feature_6422,0.0016947336262091994
xgb_fs1,feature_4639,0.0016785291954874992
xgb_fs1,feature_0911,0.0016759311547502875
xgb_fs1,feature_3433,0.0016701631247997284
xgb_fs1,feature_1074,0.0016640241956338286
xgb_fs1,feature_2063,0.0016613859916105866
xgb_fs1,feature_5091,0.0016363050090149045
xgb_fs1,feature_5525,0.0016315019456669688
xgb_fs1,feature_2762,0.0016313903033733368
xgb_fs1,feature_1382,0.0016225422732532024
xgb_fs1,feature_5969,0.0016204729909077287
xgb_fs1,feature_0476,0.0015936054987832904
xgb_fs1,feature_2069,0.001583220437169075
xgb_fs1,feature_3396,0.0015750016318634152
xgb_fs1,feature_1783,0.0015707992715761065
xgb_fs1,feature_0128,0.0015669787535443902
xgb_fs1,feature_1403,0.0015611458802595735
xgb_fs1,feature_2566,0.0015501929447054863
xgb_fs1,feature_2748,0.0015430791536346078
xgb_fs1,feature_5453,0.0015422230353578925
xgb_fs1,feature_3082,0.0015384453581646085
xgb_fs1,feature_1705,0.0015350416069850326
xgb_fs1,feature_1395,0.0015206570969894528
xgb_fs1,feature_0596,0.0015158388996496797
xgb_fs1,feature_2168,0.0015081161400303245
xgb_fs1,feature_2023,0.001506802742369473
xgb_fs1,feature_0124,0.0015062345191836357
xgb_fs1,feature_0829,0.0015022576553747058
xgb_fs1,feature_1656,0.0015014749951660633
xgb_fs1,feature_0880,0.0014927699230611324
xgb_fs1,feature_3853,0.0014797775074839592
xgb_fs1,feature_5694,0.0014785848325118423
xgb_fs1,feature_2122,0.0014747699024155736
xgb_fs1,feature_5184,0.001473848125897348
xgb_fs1,feature_4621,0.0014736475422978401
xgb_fs1,feature_2547,0.0014653000980615616
xgb_fs1,feature_3069,0.0014538104878738523
xgb_fs1,feature_3298,0.001453231438063085
xgb_fs1,feature_5688,0.0014502033591270447
xgb_fs1,feature_3866,0.0014390948927029967
xgb_fs1,feature_0305,0.0014262539334595203
xgb_fs1,feature_4568,0.0014205201296135783
xgb_fs1,feature_2075,0.00141213892493397
xgb_fs1,feature_0650,0.0014016786590218544
xgb_fs1,feature_1279,0.001399634755216539
xgb_fs1,feature_4159,0.0013982191449031234
xgb_fs1,feature_6256,0.0013868805253878236
xgb_fs1,feature_5041,0.0013847168302163482
xgb_fs1,feature_6560,0.0013773627579212189
xgb_fs1,feature_1369,0.0013688672333955765
xgb_fs1,feature_5742,0.0013687644386664033
xgb_fs1,feature_5406,0.0013674766523763537
xgb_fs1,feature_2274,0.0013583811232820153
xgb_fs1,feature_1767,0.0013466455275192857
xgb_fs1,feature_0803,0.0013382999459281564
xgb_fs1,feature_2329,0.0013369802618399262
xgb_fs1,feature_3885,0.0013351630186662078
xgb_fs1,feature_5474,0.0013328600907698274
xgb_fs1,feature_4238,0.0013295081444084644
xgb_fs1,feature_2618,0.001318846014328301
xgb_fs1,feature_3490,0.0013179498491808772
xgb_fs1,feature_2853,0.0013116541085764766
xgb_fs1,feature_3788,0.0013098303461447358
xgb_fs1,feature_2725,0.0013083139201626182
xgb_fs1,feature_3854,0.0013020565966144204
xgb_fs1,feature_1153,0.0012990928953513503
xgb_fs1,feature_0729,0.0012980947503820062
xgb_fs1,feature_3891,0.001296975533477962
xgb_fs1,feature_6577,0.0012961525935679674
xgb_fs1,feature_6058,0.001291384338401258
xgb_fs1,feature_2323,0.0012913778191432357
xgb_fs1,feature_1042,0.0012878598645329475
xgb_fs1,feature_4100,0.0012856957037001848
xgb_fs1,feature_2851,0.0012822379358112812
xgb_fs1,feature_2257,0.0012755513889715075
xgb_fs1,feature_3809,0.001273802830837667
xgb_fs1,feature_4569,0.0012723493855446577
xgb_fs1,feature_5268,0.0012712861644104123
xgb_fs1,feature_5755,0.0012582166818901896
xgb_fs1,feature_6012,0.0012574931606650352
xgb_fs1,feature_2313,0.0012574432184919715
xgb_fs1,feature_5797,0.0012566456571221352
xgb_fs1,feature_4391,0.0012560973409563303
xgb_fs1,feature_0977,0.001255494193173945
xgb_fs1,feature_0831,0.0012501819292083383
xgb_fs1,feature_6459,0.001241775811649859
xgb_fs1,feature_2221,0.001236382988281548
xgb_fs1,feature_4480,0.0012357626110315323
xgb_fs1,feature_5141,0.0012319997185841203
xgb_fs1,feature_3470,0.0012298099463805556
xgb_fs1,feature_2773,0.0012252901215106249
xgb_fs1,feature_5127,0.0012199311750009656
xgb_fs1,feature_2561,0.001214850228279829
xgb_fs1,feature_6131,0.001211507711559534
xgb_fs1,feature_3998,0.0012109332019463181
xgb_fs1,feature_2500,0.0012022699229419231
xgb_fs1,feature_0605,0.001200295053422451
xgb_fs1,feature_0574,0.001190345617942512
xgb_fs1,feature_2334,0.001182685256935656
xgb_fs1,feature_3278,0.001181357423774898
xgb_fs1,feature_1548,0.0011796960607171059
xgb_fs1,feature_4289,0.0011773891746997833
xgb_fs1,feature_3760,0.001175832119770348
xgb_fs1,feature_2093,0.0011747063836082816
xgb_fs1,feature_1932,0.0011663009645417333
xgb_fs1,feature_3938,0.001165215508081019
xgb_fs1,feature_1070,0.0011545601300895214
xgb_fs1,feature_5040,0.0011542728170752525
xgb_fs1,feature_2212,0.001146977418102324
xgb_fs1,feature_2662,0.0011441155802458525
xgb_fs1,feature_4408,0.001134837744757533
xgb_fs1,feature_0160,0.0011286912485957146
xgb_fs1,feature_1729,0.0011286744847893715
xgb_fs1,feature_5357,0.0011286208173260093
xgb_fs1,feature_6093,0.0011281893821433187
xgb_fs1,feature_2776,0.0011265361681580544
xgb_fs1,feature_5667,0.0011237534927204251
xgb_fs1,feature_5110,0.001121613080613315
xgb_fs1,feature_6283,0.0011203450849279761
xgb_fs1,feature_2564,0.0011197284329682589
xgb_fs1,feature_2134,0.0011191508965566754
xgb_fs1,feature_6045,0.0011103058932349086
xgb_fs1,feature_5793,0.0011087422026321292
xgb_fs1,feature_1409,0.0011071625631302595
xgb_fs1,feature_3262,0.0011050227330997586
xgb_fs1,feature_4489,0.0011025316780433059
xgb_fs1,feature_4742,0.001100699882954359
xgb_fs1,feature_5362,0.0010996771743521094
xgb_fs1,feature_3460,0.0010986685520038009
xgb_fs1,feature_0172,0.001090570236556232
xgb_fs1,feature_0358,0.0010896605672314763
xgb_fs1,feature_2166,0.0010877451859414577
xgb_fs1,feature_6419,0.0010850140824913979
xgb_fs1,feature_2734,0.001084371586330235
xgb_fs1,feature_2509,0.0010810992680490017
xgb_fs1,feature_4210,0.0010807571234181523
xgb_fs1,feature_1894,0.0010785689810290933
xgb_fs1,feature_3642,0.0010779949370771646
xgb_fs1,feature_0003,0.0010732876835390925
xgb_fs1,feature_0198,0.0010729390196502209
xgb_fs1,feature_0134,0.00107239477802068
xgb_fs1,feature_2841,0.0010715726530179381
xgb_fs1,feature_6373,0.0010715710232034326
xgb_fs1,feature_2761,0.0010667304741218686
xgb_fs1,feature_3321,0.001062036957591772
xgb_fs1,feature_5679,0.001061985152773559
xgb_fs1,feature_3934,0.0010617888765409589
xgb_fs1,feature_0030,0.001056946930475533
xgb_fs1,feature_1634,0.0010564237600192428
xgb_fs1,feature_3623,0.0010467766551300883
xgb_fs1,feature_6394,0.0010418182937428355
xgb_fs1,feature_1449,0.0010408811504021287
xgb_fs1,feature_2978,0.0010349898366257548
xgb_fs1,feature_4363,0.0010321465088054538
xgb_fs1,feature_5622,0.0010302207665517926
xgb_fs1,feature_0080,0.0010282854782417417
xgb_fs1,feature_3007,0.0010276288958266377
xgb_fs1,feature_2871,0.001026640529744327
xgb_fs1,feature_0347,0.001021825592033565
xgb_fs1,feature_3598,0.0010172477923333645
xgb_fs1,feature_3525,0.001015446032397449
xgb_fs1,feature_1031,0.0010096561163663864
xgb_fs1,feature_1171,0.0010064970701932907
xgb_fs1,feature_3820,0.0010046357056125998
xgb_fs1,feature_6562,0.0010036962339654565
xgb_fs1,feature_5132,0.0010035890154540539
xgb_fs1,feature_4645,0.0010034326696768403
xgb_fs1,feature_3803,0.001002987613901496
xgb_fs1,feature_6395,0.0009948424994945526
xgb_fs1,feature_5689,0.0009916952112689614
xgb_fs1,feature_4213,0.0009911033557727933
xgb_fs1,feature_2576,0.000984536949545145
xgb_fs1,feature_0816,0.0009804392466321588
xgb_fs1,feature_5131,0.0009784713620319963
xgb_fs1,feature_2804,0.0009784071007743478
xgb_fs1,feature_3736,0.0009756901417858899
xgb_fs1,feature_0265,0.0009718811488710344
xgb_fs1,feature_0244,0.0009714853367768228
xgb_fs1,feature_5795,0.0009712265455164015
xgb_fs1,feature_4226,0.0009706588461995125
xgb_fs1,feature_4679,0.0009692289750091732
xgb_fs1,feature_0935,0.0009685230324976146
xgb_fs1,feature_5543,0.0009616352035664022
xgb_fs1,feature_6345,0.0009594871080480516
xgb_fs1,feature_4680,0.000957597978413105
xgb_fs1,feature_1357,0.0009560571052134037
xgb_fs1,feature_1407,0.0009543473715893924
xgb_fs1,feature_2650,0.0009542869520373642
xgb_fs1,feature_0330,0.000952855683863163
xgb_fs1,feature_3170,0.0009503155015408993
xgb_fs1,feature_5370,0.0009483335888944566
xgb_fs1,feature_5112,0.0009466682677157223
xgb_fs1,feature_0014,0.0009458284475840628
xgb_fs1,feature_2259,0.0009455345571041107
xgb_fs1,feature_3289,0.0009447759948670864
xgb_fs1,feature_2996,0.000943884311709553
xgb_fs1,feature_2689,0.0009436968248337507
xgb_fs1,feature_0858,0.0009416313259862363
xgb_fs1,feature_4815,0.0009410043130628765
xgb_fs1,feature_0319,0.0009386350866407156
xgb_fs1,feature_1107,0.0009370191837660968
xgb_fs1,feature_4461,0.0009367570164613426
xgb_fs1,feature_0221,0.0009361365810036659
xgb_fs1,feature_3918,0.0009347067098133266
xgb_fs1,feature_3291,0.0009316291543655097
xgb_fs1,feature_3167,0.0009303774568252265
xgb_fs1,feature_2275,0.0009281599777750671
xgb_fs1,feature_3284,0.0009256689809262753
xgb_fs1,feature_1286,0.0009243511594831944
xgb_fs1,feature_5725,0.0009195429156534374
xgb_fs1,feature_0998,0.0009171632118523121
xgb_fs1,feature_2952,0.0009163640788756311
xgb_fs1,feature_1453,0.0009122501942329109
xgb_fs1,feature_0086,0.0009121911716647446
xgb_fs1,feature_1104,0.0009121678303927183
xgb_fs1,feature_0384,0.0009120677714236081
xgb_fs1,feature_1494,0.000909531197976321
xgb_fs1,feature_3126,0.0009086060454137623
xgb_fs1,feature_0382,0.0009085365454666317
xgb_fs1,feature_5935,0.0009009366040118039
xgb_fs1,feature_3076,0.0008999592973850667
xgb_fs1,feature_6109,0.0008992359507828951
xgb_fs1,feature_5986,0.0008987272740341723
xgb_fs1,feature_0560,0.0008947229944169521
xgb_fs1,feature_4097,0.0008869227604009211
xgb_fs1,feature_3113,0.0008866408024914563
xgb_fs1,feature_2124,0.0008865772397257388
xgb_fs1,feature_4718,0.0008824925753287971
xgb_fs1,feature_0351,0.0008798644412308931
xgb_fs1,feature_2771,0.0008790199644863605
xgb_fs1,feature_4667,0.0008781084907241166
xgb_fs1,feature_4804,0.0008758511394262314
xgb_fs1,feature_5416,0.0008756629540584981
xgb_fs1,feature_2220,0.0008751715067774057
xgb_fs1,feature_3967,0.0008751693530939519
xgb_fs1,feature_2554,0.0008740432094782591
xgb_fs1,feature_3916,0.0008728955290280282
xgb_fs1,feature_0187,0.0008719651959836483
xgb_fs1,feature_6205,0.0008718573953956366
xgb_fs1,feature_6052,0.000871523458044976
xgb_fs1,feature_0232,0.0008706172811798751
xgb_fs1,feature_1466,0.0008703697822056711
xgb_fs1,feature_4605,0.0008699242025613785
xgb_fs1,feature_4482,0.0008683647029101849
xgb_fs1,feature_3716,0.000862717570271343
xgb_fs1,feature_3754,0.0008604032336734235
xgb_fs1,feature_5452,0.0008586128242313862
xgb_fs1,feature_2846,0.0008583575836382806
xgb_fs1,feature_0808,0.0008575365063734353
xgb_fs1,feature_5815,0.0008555396343581378
xgb_fs1,feature_1343,0.00085447944002226
xgb_fs1,feature_4446,0.0008497424423694611
xgb_fs1,feature_3453,0.0008471806067973375
xgb_fs1,feature_6112,0.0008446629508398473
xgb_fs1,feature_1542,0.0008436571806669235
xgb_fs1,feature_3750,0.0008428143919445574
xgb_fs1,feature_3257,0.0008334708982147276
xgb_fs1,feature_5630,0.0008321197237819433
xgb_fs1,feature_0860,0.0008308285032398999
xgb_fs1,feature_2079,0.0008288528770208359
xgb_fs1,feature_5099,0.0008261578041128814
xgb_fs1,feature_2092,0.0008259328897111118
xgb_fs1,feature_3723,0.0008250707760453224
xgb_fs1,feature_3532,0.0008250681567005813
xgb_fs1,feature_4053,0.0008225003257393837
xgb_fs1,feature_3134,0.0008173366077244282
xgb_fs1,feature_6031,0.0008167016785591841
xgb_fs1,feature_3209,0.0008123820298351347
xgb_fs1,feature_1667,0.0008105735178105533
xgb_fs1,feature_0005,0.0008095549419522285
xgb_fs1,feature_0185,0.0008090604096651077
xgb_fs1,feature_0397,0.0008073120843619108
xgb_fs1,feature_0987,0.0008050440228544176
xgb_fs1,feature_4620,0.0008047895389609039
xgb_fs1,feature_4494,0.0008046333095990121
xgb_fs1,feature_5919,0.0008036537910811603
xgb_fs1,feature_1415,0.0008011332829482853
xgb_fs1,feature_0372,0.0008002699469216168
xgb_fs1,feature_5166,0.0007998346700333059
xgb_fs1,feature_6331,0.0007990770391188562
xgb_fs1,feature_1906,0.0007977082277648151
xgb_fs1,feature_4805,0.0007969856378622353
xgb_fs1,feature_3823,0.0007961459923535585
xgb_fs1,feature_6167,0.0007950940052978694
xgb_fs1,feature_3886,0.0007944551762193441
xgb_fs1,feature_1237,0.0007889135740697384
xgb_fs1,feature_0873,0.0007855375297367573
xgb_fs1,feature_0606,0.0007855360745452344
xgb_fs1,feature_2338,0.0007828660309314728
xgb_fs1,feature_2880,0.0007824490312486887
xgb_fs1,feature_6587,0.000777138804551214
xgb_fs1,feature_4611,0.0007740763830952346
xgb_fs1,feature_1120,0.0007688863552175462
xgb_fs1,feature_0081,0.0007664926233701408
xgb_fs1,feature_6217,0.0007645947043783963
xgb_fs1,feature_5434,0.000764424738008529
xgb_fs1,feature_0054,0.0007610489265061915
xgb_fs1,feature_0256,0.0007589373271912336
xgb_fs1,feature_5953,0.0007577618234790862
xgb_fs1,feature_2770,0.000755873741582036
xgb_fs1,feature_5267,0.0007548377034254372
xgb_fs1,feature_3920,0.0007536145858466625
xgb_fs1,feature_3347,0.0007528397254645824
xgb_fs1,feature_2515,0.0007514950702898204
xgb_fs1,feature_4184,0.00074875628342852
xgb_fs1,feature_5077,0.0007471262360922992
xgb_fs1,feature_1701,0.0007460694760084152
xgb_fs1,feature_0847,0.0007458134205080569
xgb_fs1,feature_3703,0.0007444755174219608
xgb_fs1,feature_3361,0.0007437082822434604
xgb_fs1,feature_1223,0.0007425295189023018
xgb_fs1,feature_5364,0.0007416501175612211
xgb_fs1,feature_6042,0.0007413940620608628
xgb_fs1,feature_3831,0.0007411749684251845
xgb_fs1,feature_2341,0.0007394510321319103
xgb_fs1,feature_4775,0.0007366678328253329
xgb_fs1,feature_3889,0.0007366410573013127
xgb_fs1,feature_1027,0.0007359483279287815
xgb_fs1,feature_0482,0.0007339678704738617
xgb_fs1,feature_0592,0.000732312211766839
xgb_fs1,feature_6184,0.0007268690969794989
xgb_fs1,feature_4402,0.0007212150958366692
xgb_fs1,feature_0547,0.0007209459436126053
xgb_fs1,feature_3575,0.000720153795555234
xgb_fs1,feature_6461,0.0007174082566052675
xgb_fs1,feature_6486,0.0007164707058109343
xgb_fs1,feature_0634,0.0007163785048760474
xgb_fs1,feature_5380,0.000716272450517863
xgb_fs1,feature_4437,0.0007126510608941317
xgb_fs1,feature_6334,0.0007108671125024557
xgb_fs1,feature_6292,0.0007104082615114748
xgb_fs1,feature_2592,0.0007096473127603531
xgb_fs1,feature_2751,0.0007094084867276251
xgb_fs1,feature_6065,0.0007077569025568664
xgb_fs1,feature_4664,0.0007072325679473579
xgb_fs1,feature_5654,0.0007070133578963578
xgb_fs1,feature_3828,0.0007055134628899395
xgb_fs1,feature_1551,0.0007047194521874189
xgb_fs1,feature_0919,0.0007041075732558966
xgb_fs1,feature_0688,0.0007036980241537094
xgb_fs1,feature_2968,0.0007015459705144167
xgb_fs1,feature_1732,0.0007013925933279097
xgb_fs1,feature_0340,0.0007009895634837449
xgb_fs1,feature_2815,0.0007006474770605564
xgb_fs1,feature_3733,0.0006975143332965672
xgb_fs1,feature_3956,0.0006965405773371458
xgb_fs1,feature_4262,0.0006961844046600163
xgb_fs1,feature_1587,0.0006933149415999651
xgb_fs1,feature_1346,0.0006921436288394034
xgb_fs1,feature_1890,0.0006910439697094262
xgb_fs1,feature_6072,0.0006868328782729805
xgb_fs1,feature_5311,0.0006858687847852707
xgb_fs1,feature_5243,0.0006803087308071554
xgb_fs1,feature_5216,0.0006790077895857394
xgb_fs1,feature_6007,0.0006777113303542137
xgb_fs1,feature_2019,0.000675984367262572
xgb_fs1,feature_3813,0.0006751788896508515
xgb_fs1,feature_1963,0.0006744912243448198
xgb_fs1,feature_4290,0.000672600872348994
xgb_fs1,feature_4101,0.0006695258780382574
xgb_fs1,feature_5471,0.0006683258689008653
xgb_fs1,feature_4904,0.0006670947768725455
xgb_fs1,feature_2410,0.0006666717235930264
xgb_fs1,feature_1358,0.0006662323139607906
xgb_fs1,feature_0096,0.0006656015175394714
xgb_fs1,feature_3368,0.0006655200850218534
xgb_fs1,feature_4224,0.0006650791619904339
xgb_fs1,feature_5298,0.0006639278144575655
xgb_fs1,feature_4629,0.0006635243189521134
xgb_fs1,feature_2681,0.0006630027201026678
xgb_fs1,feature_4733,0.0006628126720897853
xgb_fs1,feature_0649,0.0006625506212003529
xgb_fs1,feature_4763,0.0006621771608479321
xgb_fs1,feature_1923,0.0006615904276259243
xgb_fs1,feature_5738,0.0006607211544178426
xgb_fs1,feature_1875,0.0006566740921698511
xgb_fs1,feature_6547,0.0006561901536770165
xgb_fs1,feature_4310,0.0006558597087860107
xgb_fs1,feature_4969,0.0006557865999639034
xgb_fs1,feature_2656,0.0006528825033456087
xgb_fs1,feature_2386,0.0006528712692670524
xgb_fs1,feature_0011,0.0006524128257296979
xgb_fs1,feature_2034,0.0006509904051199555
xgb_fs1,feature_5115,0.0006508723017759621
xgb_fs1,feature_0635,0.000650358444545418
xgb_fs1,feature_0923,0.0006503448239527643
xgb_fs1,feature_4060,0.000649958208668977
xgb_fs1,feature_4524,0.0006491615204140544
xgb_fs1,feature_4311,0.0006486773490905762
xgb_fs1,feature_2219,0.0006482285680249333
xgb_fs1,feature_4691,0.0006476076669059694
xgb_fs1,feature_1621,0.0006475322297774255
xgb_fs1,feature_3548,0.0006462906603701413
xgb_fs1,feature_3390,0.0006448920466937125
xgb_fs1,feature_2432,0.0006440197466872633
xgb_fs1,feature_2060,0.0006436138064600527
xgb_fs1,feature_0363,0.0006425791652873158
xgb_fs1,feature_6087,0.0006420040153898299
xgb_fs1,feature_1259,0.0006418254924938083
xgb_fs1,feature_3959,0.0006415605894289911
xgb_fs1,feature_6391,0.0006413088995032012
xgb_fs1,feature_1939,0.0006400097627192736
xgb_fs1,feature_0498,0.000639554753433913
xgb_fs1,feature_1846,0.0006381947896443307
xgb_fs1,feature_0819,0.0006354990764521062
xgb_fs1,feature_2752,0.0006354459328576922
xgb_fs1,feature_0659,0.0006339304964058101
xgb_fs1,feature_0677,0.0006322390981949866
xgb_fs1,feature_6564,0.0006299246451817453
xgb_fs1,feature_0886,0.0006293982733041048
xgb_fs1,feature_6538,0.0006280876114033163
xgb_fs1,feature_4902,0.000627195171546191
xgb_fs1,feature_5970,0.0006230243598110974
xgb_fs1,feature_1541,0.0006208682316355407
xgb_fs1,feature_2798,0.0006204170640558004
xgb_fs1,feature_2642,0.0006179467891342938
xgb_fs1,feature_1543,0.0006178471376188099
xgb_fs1,feature_6202,0.0006172684952616692
xgb_fs1,feature_1819,0.0006163522484712303
xgb_fs1,feature_0627,0.0006136623560450971
xgb_fs1,feature_2110,0.0006134982104413211
xgb_fs1,feature_4648,0.0006133165443316102
xgb_fs1,feature_0389,0.0006130413967184722
xgb_fs1,feature_0571,0.000612884818110615
xgb_fs1,feature_4745,0.0006109491805545986
xgb_fs1,feature_1443,0.0006073164404369891
xgb_fs1,feature_4585,0.0006067253416404128
xgb_fs1,feature_0708,0.0006061563617549837
xgb_fs1,feature_4831,0.0006057245773263276
xgb_fs1,feature_5256,0.0006054576952010393
xgb_fs1,feature_5096,0.0006022846209816635
xgb_fs1,feature_1992,0.0006011920631863177
xgb_fs1,feature_3504,0.0005996368709020317
xgb_fs1,feature_5109,0.0005990623612888157
xgb_fs1,feature_1693,0.0005987242911942303
xgb_fs1,feature_0280,0.0005986053147353232
xgb_fs1,feature_4008,0.0005979398847557604
xgb_fs1,feature_6539,0.0005972247454337776
xgb_fs1,feature_4006,0.0005968553014099598
xgb_fs1,feature_3759,0.0005962761933915317
xgb_fs1,feature_4422,0.0005956572713330388
xgb_fs1,feature_2253,0.0005952827050350606
xgb_fs1,feature_4387,0.0005951901548542082
xgb_fs1,feature_5358,0.0005943857249803841
xgb_fs1,feature_0267,0.0005924667348153889
xgb_fs1,feature_4202,0.0005919647519476712
xgb_fs1,feature_1726,0.0005916734808124602
xgb_fs1,feature_3054,0.000590994895901531
xgb_fs1,feature_3503,0.0005908752209506929
xgb_fs1,feature_1651,0.000590423762332648
xgb_fs1,feature_0170,0.0005894482019357383
xgb_fs1,feature_5232,0.0005894443020224571
xgb_fs1,feature_1420,0.0005894393543712795
xgb_fs1,feature_4826,0.000588937837164849
xgb_fs1,feature_3352,0.000588657392654568
xgb_fs1,feature_5059,0.0005884682177565992
xgb_fs1,feature_6227,0.0005883525591343641
xgb_fs1,feature_4260,0.0005855339695699513
xgb_fs1,feature_4449,0.0005851606838405132
xgb_fs1,feature_0487,0.0005849909503012896
xgb_fs1,feature_3246,0.0005849738954566419
xgb_fs1,feature_3697,0.0005845482810400426
xgb_fs1,feature_0068,0.0005843617836944759
xgb_fs1,feature_3051,0.0005840609665028751
xgb_fs1,feature_6336,0.0005834247567690909
xgb_fs1,feature_2499,0.0005827429122291505
xgb_fs1,feature_4928,0.0005820785881951451
xgb_fs1,feature_4565,0.0005812403396703303
xgb_fs1,feature_0519,0.0005810041329823434
xgb_fs1,feature_3881,0.0005808849236927927
xgb_fs1,feature_1530,0.0005787692498415709
xgb_fs1,feature_2807,0.0005776090547442436
xgb_fs1,feature_5512,0.0005773941520601511
xgb_fs1,feature_2560,0.0005761547945439816
xgb_fs1,feature_3864,0.0005760506610386074
xgb_fs1,feature_0156,0.0005747159593738616
xgb_fs1,feature_6242,0.000574667239561677
xgb_fs1,feature_4176,0.0005746629904024303
xgb_fs1,feature_6125,0.0005711535341106355
xgb_fs1,feature_2604,0.0005696454900316894
xgb_fs1,feature_3970,0.00056931545259431
xgb_fs1,feature_6177,0.0005674840067513287
xgb_fs1,feature_5900,0.0005663394695147872
xgb_fs1,feature_3624,0.0005661894101649523
xgb_fs1,feature_4743,0.0005658000009134412
xgb_fs1,feature_5927,0.0005656558787450194
xgb_fs1,feature_5716,0.0005650785169564188
xgb_fs1,feature_0253,0.000564897374715656
xgb_fs1,feature_3358,0.0005646809586323798
xgb_fs1,feature_4421,0.0005642279284074903
xgb_fs1,feature_5413,0.0005632573156617582
xgb_fs1,feature_5932,0.0005623996839858592
xgb_fs1,feature_4010,0.0005616502021439373
xgb_fs1,feature_2064,0.0005613297107629478
xgb_fs1,feature_0820,0.0005608696374110878
xgb_fs1,feature_3667,0.0005605782498605549
xgb_fs1,feature_4234,0.0005601347656920552
xgb_fs1,feature_2026,0.000559672829695046
xgb_fs1,feature_0991,0.0005594182875938714
xgb_fs1,feature_5780,0.0005591789376921952
xgb_fs1,feature_1810,0.0005591376684606075
xgb_fs1,feature_3975,0.0005590210785157979
xgb_fs1,feature_2395,0.0005579437711276114
xgb_fs1,feature_2186,0.0005571635556407273
xgb_fs1,feature_5714,0.0005570677458308637
xgb_fs1,feature_2355,0.0005564047023653984
xgb_fs1,feature_3097,0.0005562108126468956
xgb_fs1,feature_3991,0.0005543184233829379
xgb_fs1,feature_2874,0.0005524599109776318
xgb_fs1,feature_1597,0.0005505495355464518
xgb_fs1,feature_1478,0.0005492351483553648
xgb_fs1,feature_3038,0.0005474756471812725
xgb_fs1,feature_0830,0.0005473670898936689
xgb_fs1,feature_4256,0.0005464787245728076
xgb_fs1,feature_0676,0.000546415860299021
xgb_fs1,feature_3648,0.0005461194668896496
xgb_fs1,feature_2225,0.0005448036245070398
xgb_fs1,feature_0491,0.0005430232849903405
xgb_fs1,feature_4765,0.0005416031344793737
xgb_fs1,feature_0765,0.0005410841549746692
xgb_fs1,feature_1044,0.0005409739096648991
xgb_fs1,feature_1215,0.000539990549441427
xgb_fs1,feature_1592,0.0005398194189183414
xgb_fs1,feature_2171,0.0005397216300480068
xgb_fs1,feature_6267,0.0005375589826144278
xgb_fs1,feature_3326,0.0005371220759116113
xgb_fs1,feature_5377,0.0005357590853236616
xgb_fs1,feature_2066,0.0005350958672352135
xgb_fs1,feature_2694,0.0005342772346921265
xgb_fs1,feature_2105,0.0005339356721378863
xgb_fs1,feature_0682,0.0005324726225808263
xgb_fs1,feature_3708,0.0005324661615304649
xgb_fs1,feature_1860,0.0005316309398040175
xgb_fs1,feature_5624,0.0005316034075804055
xgb_fs1,feature_6399,0.0005290575209073722
xgb_fs1,feature_4873,0.0005279133329167962
xgb_fs1,feature_3040,0.0005273146089166403
xgb_fs1,feature_3766,0.0005268803797662258
xgb_fs1,feature_1501,0.0005262855556793511
xgb_fs1,feature_5589,0.0005260306061245501
xgb_fs1,feature_3507,0.0005251997499726713
xgb_fs1,feature_3683,0.0005245989304967225
xgb_fs1,feature_4956,0.0005243063205853105
xgb_fs1,feature_1673,0.0005221576429903507
xgb_fs1,feature_3152,0.0005215100827626884
xgb_fs1,feature_5356,0.0005212071700952947
xgb_fs1,feature_4495,0.0005201235762797296
xgb_fs1,feature_4555,0.000519505818374455
xgb_fs1,feature_3346,0.0005180946900509298
xgb_fs1,feature_5697,0.0005176108097657561
xgb_fs1,feature_5276,0.0005164242465980351
xgb_fs1,feature_0516,0.0005160982836969197
xgb_fs1,feature_0506,0.0005156695260666311
xgb_fs1,feature_6339,0.000515569990966469
xgb_fs1,feature_0453,0.0005136799300089478
xgb_fs1,feature_1436,0.0005136607214808464
xgb_fs1,feature_1139,0.0005132746882736683
xgb_fs1,feature_1687,0.0005127093172632158
xgb_fs1,feature_5510,0.0005120750865899026
xgb_fs1,feature_6201,0.0005107589531689882
xgb_fs1,feature_6073,0.0005097622633911669
xgb_fs1,feature_1085,0.0005084823933430016
xgb_fs1,feature_0386,0.000507580058183521
xgb_fs1,feature_6192,0.0005073011270724237
xgb_fs1,feature_0552,0.0005071187042631209
xgb_fs1,feature_1516,0.0005070804036222398
xgb_fs1,feature_2425,0.0005067815654911101
xgb_fs1,feature_4407,0.0005063243443146348
xgb_fs1,feature_5962,0.0005059544928371906
xgb_fs1,feature_1249,0.0005048593739047647
xgb_fs1,feature_2931,0.0005044238059781492
xgb_fs1,feature_6218,0.0005043792189098895
xgb_fs1,feature_3980,0.0005033973720856011
xgb_fs1,feature_5827,0.0005012726178392768
xgb_fs1,feature_0572,0.0005011512548662722
xgb_fs1,feature_4744,0.0005000553210265934
xgb_fs1,feature_3227,0.000499395770020783
xgb_fs1,feature_5047,0.000497421424370259
xgb_fs1,feature_2507,0.0004947335692122579
xgb_fs1,feature_4526,0.0004942990490235388
xgb_fs1,feature_1733,0.0004937027697451413
xgb_fs1,feature_3232,0.0004934360040351748
xgb_fs1,feature_2427,0.0004930142895318568
xgb_fs1,feature_3400,0.0004927624249830842
xgb_fs1,feature_5161,0.0004927435074932873
xgb_fs1,feature_3619,0.0004925617831759155
xgb_fs1,feature_2784,0.0004924801760353148
xgb_fs1,feature_4059,0.0004924677778035402
xgb_fs1,feature_5855,0.0004913413431495428
xgb_fs1,feature_3523,0.0004909097333438694
xgb_fs1,feature_4497,0.0004907478578388691
xgb_fs1,feature_1337,0.000490564270876348
xgb_fs1,feature_3407,0.0004904044908471406
xgb_fs1,feature_0040,0.0004901491338387132
xgb_fs1,feature_1093,0.0004900220665149391
xgb_fs1,feature_2406,0.0004900037311017513
xgb_fs1,feature_3743,0.0004899586783722043
xgb_fs1,feature_4252,0.0004887109971605241
xgb_fs1,feature_1125,0.0004879018815699965
xgb_fs1,feature_2714,0.0004877373285125941
xgb_fs1,feature_3925,0.0004849101242143661
xgb_fs1,feature_1084,0.00048449356108903885
xgb_fs1,feature_4196,0.000484208925627172
xgb_fs1,feature_3814,0.00048364512622356415
xgb_fs1,feature_3771,0.0004831083060707897
xgb_fs1,feature_4515,0.0004823173803742975
xgb_fs1,feature_6438,0.0004822623450309038
xgb_fs1,feature_5067,0.00048191926907747984
xgb_fs1,feature_4331,0.0004816829750780016
xgb_fs1,feature_6235,0.0004813311097677797
xgb_fs1,feature_5619,0.000480925984447822
xgb_fs1,feature_1841,0.00048001017421483994
xgb_fs1,feature_3552,0.0004795131681021303
xgb_fs1,feature_0025,0.0004785395285580307
xgb_fs1,feature_3136,0.00047851292765699327
xgb_fs1,feature_0587,0.0004777961003128439
xgb_fs1,feature_5332,0.0004768075013998896
xgb_fs1,feature_4905,0.0004767876525875181
xgb_fs1,feature_2746,0.0004767504578921944
xgb_fs1,feature_2764,0.0004761981253977865
xgb_fs1,feature_5139,0.0004753764078486711
xgb_fs1,feature_1753,0.0004753496323246509
xgb_fs1,feature_6013,0.00047478859778493643
xgb_fs1,feature_2905,0.0004740615841001272
xgb_fs1,feature_5975,0.00047152090701274574
xgb_fs1,feature_1412,0.000471120816655457
xgb_fs1,feature_3710,0.0004704415623564273
xgb_fs1,feature_5062,0.00046848165220580995
xgb_fs1,feature_2336,0.0004678171535488218
xgb_fs1,feature_5263,0.00046772928908467293
xgb_fs1,feature_1698,0.00046741520054638386
xgb_fs1,feature_4448,0.00046729156747460365
xgb_fs1,feature_2059,0.0004671286733355373
xgb_fs1,feature_2647,0.0004668606270570308
xgb_fs1,feature_4532,0.00046668879804201424
xgb_fs1,feature_0834,0.00046664869296364486
xgb_fs1,feature_0629,0.00046624988317489624
xgb_fs1,feature_0825,0.00046614056918770075
xgb_fs1,feature_2426,0.000464889220893383
xgb_fs1,feature_3764,0.0004644585133064538
xgb_fs1,feature_5350,0.00046365789603441954
xgb_fs1,feature_3090,0.000463112402940169
xgb_fs1,feature_3359,0.0004624979046639055
xgb_fs1,feature_2048,0.0004610199248418212
xgb_fs1,feature_4490,0.00046039707376621664
xgb_fs1,feature_3260,0.0004603941924870014
xgb_fs1,feature_0545,0.00046025216579437256
xgb_fs1,feature_2503,0.0004600510001182556
xgb_fs1,feature_4316,0.0004596950893756002
xgb_fs1,feature_4038,0.00045888940803706646
xgb_fs1,feature_4070,0.00045816044439561665
xgb_fs1,feature_0338,0.00045746189425699413
xgb_fs1,feature_1106,0.00045722152572125196
xgb_fs1,feature_4078,0.00045682620839215815
xgb_fs1,feature_2428,0.000455863046227023
xgb_fs1,feature_2400,0.00045422950643114746
xgb_fs1,feature_2142,0.00045318438787944615
xgb_fs1,feature_5517,0.0004528795834630728
xgb_fs1,feature_4323,0.00045259788748808205
xgb_fs1,feature_1589,0.0004524793184828013
xgb_fs1,feature_0260,0.00045220638276077807
xgb_fs1,feature_3741,0.000450161169283092
xgb_fs1,feature_0766,0.00044984646956436336
xgb_fs1,feature_2860,0.00044915126636624336
xgb_fs1,feature_4439,0.000448747567133978
xgb_fs1,feature_6118,0.00044862309005111456
xgb_fs1,feature_2390,0.0004478040209505707
xgb_fs1,feature_6049,0.00044739278382621706
xgb_fs1,feature_3492,0.0004470786079764366
xgb_fs1,feature_5778,0.0004469768318813294
xgb_fs1,feature_2156,0.0004464812809601426
xgb_fs1,feature_4055,0.00044641198473982513
xgb_fs1,feature_6111,0.0004462641663849354
xgb_fs1,feature_4139,0.0004458906769286841
xgb_fs1,feature_1774,0.0004457472823560238
xgb_fs1,feature_1825,0.0004433327994775027
xgb_fs1,feature_5930,0.00044165225699543953
xgb_fs1,feature_2532,0.00044117472134530544
xgb_fs1,feature_4514,0.000437347189290449
xgb_fs1,feature_5569,0.0004371993418317288
xgb_fs1,feature_3897,0.00043657131027430296
xgb_fs1,feature_2363,0.0004363282350823283
xgb_fs1,feature_3821,0.0004356802674010396
xgb_fs1,feature_0352,0.00043536967132240534
xgb_fs1,feature_1386,0.0004347503127064556
xgb_fs1,feature_0067,0.0004343546461313963
xgb_fs1,feature_0538,0.0004339014121796936
xgb_fs1,feature_4929,0.0004337125865276903
xgb_fs1,feature_2342,0.0004330753581598401
xgb_fs1,feature_1870,0.00043216964695602655
xgb_fs1,feature_3385,0.0004321432497818023
xgb_fs1,feature_2823,0.00043203902896493673
xgb_fs1,feature_3545,0.0004300277214497328
xgb_fs1,feature_3689,0.00042868099990300834
xgb_fs1,feature_2302,0.0004281583533156663
xgb_fs1,feature_3861,0.0004274957755114883
xgb_fs1,feature_5270,0.00042726428364403546
xgb_fs1,feature_3105,0.00042644829954952
xgb_fs1,feature_0674,0.00042627216316759586
xgb_fs1,feature_5503,0.00042443335405550897
xgb_fs1,feature_2348,0.00042415421921759844
xgb_fs1,feature_3865,0.0004239966219756752
xgb_fs1,feature_3923,0.00042374341865070164
xgb_fs1,feature_4828,0.0004235425731167197
xgb_fs1,feature_1073,0.0004232882347423583
xgb_fs1,feature_4369,0.00042263229261152446
xgb_fs1,feature_4858,0.0004224138392601162
xgb_fs1,feature_0227,0.0004222635179758072
xgb_fs1,feature_2356,0.00042212253902107477
xgb_fs1,feature_5708,0.00042202151962555945
xgb_fs1,feature_0699,0.0004213223292026669
xgb_fs1,feature_1970,0.00041974030318669975
xgb_fs1,feature_3773,0.00041954978951252997
xgb_fs1,feature_4475,0.0004189453611616045
xgb_fs1,feature_6531,0.000417294999351725
xgb_fs1,feature_2357,0.00041719269938766956
xgb_fs1,feature_2301,0.00041701816371642053
xgb_fs1,feature_4326,0.0004165824211668223
xgb_fs1,feature_2333,0.0004165062855463475
xgb_fs1,feature_5404,0.0004162965342402458
xgb_fs1,feature_1795,0.00041629315819591284
xgb_fs1,feature_1187,0.00041561489342711866
xgb_fs1,feature_2597,0.0004154697817284614
xgb_fs1,feature_4777,0.00041514556505717337
xgb_fs1,feature_5788,0.00041470545693300664
xgb_fs1,feature_5223,0.0004145905841141939
xgb_fs1,feature_2288,0.00041408606921322644
xgb_fs1,feature_5176,0.00041377960587851703
xgb_fs1,feature_2414,0.0004137121431995183
xgb_fs1,feature_0109,0.00041327494545839727
xgb_fs1,feature_1716,0.0004128566069994122
xgb_fs1,feature_2246,0.0004124063707422465
xgb_fs1,feature_1081,0.00041192397475242615
xgb_fs1,feature_0785,0.0004103351675439626
xgb_fs1,feature_6272,0.0004098234057892114
xgb_fs1,feature_2096,0.00040939534665085375
xgb_fs1,feature_0725,0.00040862138848751783
xgb_fs1,feature_5973,0.00040778625407256186
xgb_fs1,feature_6015,0.00040691159665584564
xgb_fs1,feature_5343,0.0004068917769473046
xgb_fs1,feature_4300,0.00040677734068594873
xgb_fs1,feature_2710,0.0004065156390424818
xgb_fs1,feature_3631,0.00040637305937707424
xgb_fs1,feature_0365,0.0004062931693624705
xgb_fs1,feature_0524,0.0004037724283989519
xgb_fs1,feature_6397,0.0004034721932839602
xgb_fs1,feature_1065,0.00040284974966198206
xgb_fs1,feature_1512,0.00040258662193082273
xgb_fs1,feature_3406,0.00040251229074783623
xgb_fs1,feature_2551,0.00040248141158372164
xgb_fs1,feature_5518,0.0004018213658127934
xgb_fs1,feature_0683,0.0004014417063444853
xgb_fs1,feature_3636,0.0004014200530946255
xgb_fs1,feature_1015,0.0004012427234556526
xgb_fs1,feature_3752,0.0004008339310530573
xgb_fs1,feature_1533,0.0004004531947430223
xgb_fs1,feature_2276,0.0004003217036370188
xgb_fs1,feature_5999,0.000400034332415089
xgb_fs1,feature_3520,0.0003996312152594328
xgb_fs1,feature_4570,0.0003995957085862756
xgb_fs1,feature_0969,0.00039934038068167865
xgb_fs1,feature_1882,0.0003993366553913802
xgb_fs1,feature_4866,0.0003986404917668551
xgb_fs1,feature_5642,0.00039861886762082577
xgb_fs1,feature_0887,0.0003984269860666245
xgb_fs1,feature_2040,0.0003979623725172132
xgb_fs1,feature_0173,0.0003961525217164308
xgb_fs1,feature_1281,0.00039577766438014805
xgb_fs1,feature_1507,0.00039463688153773546
xgb_fs1,feature_1447,0.00039428696618415415
xgb_fs1,feature_0996,0.00039418123196810484
xgb_fs1,feature_3519,0.00039375710184685886
xgb_fs1,feature_6108,0.00039355960325337946
xgb_fs1,feature_2151,0.0003932863473892212
xgb_fs1,feature_4076,0.00039277339237742126
xgb_fs1,feature_2840,0.0003925121854990721
xgb_fs1,feature_3405,0.0003895870177075267
xgb_fs1,feature_5026,0.00038952348404563963
xgb_fs1,feature_6068,0.0003892951353918761
xgb_fs1,feature_5000,0.00038884440436959267
xgb_fs1,feature_6542,0.00038867327384650707
xgb_fs1,feature_5275,0.0003882460296154022
xgb_fs1,feature_2474,0.00038819629116915166
xgb_fs1,feature_1836,0.00038776054861955345
xgb_fs1,feature_5327,0.00038730341475456953
xgb_fs1,feature_5901,0.0003860052675008774
xgb_fs1,feature_5925,0.00038513619801960886
xgb_fs1,feature_3078,0.00038488107384182513
xgb_fs1,feature_4955,0.0003845520841423422
xgb_fs1,feature_4830,0.00038423892692662776
xgb_fs1,feature_2322,0.00038364334614016116
xgb_fs1,feature_1131,0.000383540871553123
xgb_fs1,feature_4420,0.0003824320447165519
xgb_fs1,feature_0828,0.00038172106724232435
xgb_fs1,feature_5042,0.0003815827367361635
xgb_fs1,feature_3745,0.00037945169606246054
xgb_fs1,feature_5483,0.0003792971547227353
xgb_fs1,feature_1866,0.0003782343410421163
xgb_fs1,feature_6030,0.0003752821357920766
xgb_fs1,feature_1748,0.000374805269530043
xgb_fs1,feature_6508,0.0003742568369489163
xgb_fs1,feature_0769,0.0003741777327377349
xgb_fs1,feature_3983,0.00037305508158169687
xgb_fs1,feature_0484,0.0003730056050699204
xgb_fs1,feature_6221,0.0003729592717718333
xgb_fs1,feature_5064,0.000372517853975296
xgb_fs1,feature_2420,0.00037217538920231164
xgb_fs1,feature_5071,0.0003718934895005077
xgb_fs1,feature_2610,0.00037153888843022287
xgb_fs1,feature_3566,0.00037150224670767784
xgb_fs1,feature_3014,0.0003711902245413512
xgb_fs1,feature_5538,0.00037042671465314925
xgb_fs1,feature_2918,0.00036983503377996385
xgb_fs1,feature_6286,0.00036949754576198757
xgb_fs1,feature_2441,0.00036936174728907645
xgb_fs1,feature_4427,0.00036893633659929037
xgb_fs1,feature_0899,0.00036849643220193684
xgb_fs1,feature_1633,0.0003671697631943971
xgb_fs1,feature_1041,0.0003671006124932319
xgb_fs1,feature_3145,0.00036687307874672115
xgb_fs1,feature_3200,0.00036657205782830715
xgb_fs1,feature_0159,0.00036606480716727674
xgb_fs1,feature_3843,0.0003654456522781402
xgb_fs1,feature_1560,0.0003643485251814127
xgb_fs1,feature_4816,0.000364032486686483
xgb_fs1,feature_3465,0.00036161774187348783
xgb_fs1,feature_5763,0.0003612060390878469
xgb_fs1,feature_5563,0.00036020451807416975
xgb_fs1,feature_1371,0.0003601326607167721
xgb_fs1,feature_2602,0.0003595971502363682
xgb_fs1,feature_3255,0.0003595840244088322
xgb_fs1,feature_0368,0.0003595321031752974
xgb_fs1,feature_3197,0.000358751742169261
xgb_fs1,feature_6361,0.00035856085014529526
xgb_fs1,feature_2741,0.0003584227233659476
xgb_fs1,feature_0206,0.00035697981365956366
xgb_fs1,feature_2513,0.00035642829607240856
xgb_fs1,feature_1665,0.00035533300251699984
xgb_fs1,feature_3472,0.00035531920730136335
xgb_fs1,feature_0718,0.0003550804976839572
xgb_fs1,feature_2187,0.00035458148340694606
xgb_fs1,feature_5287,0.00035445656976662576
xgb_fs1,feature_1008,0.00035422839573584497
xgb_fs1,feature_4852,0.0003536946314852685
xgb_fs1,feature_2380,0.00035258790012449026
xgb_fs1,feature_5982,0.0003512973489705473
xgb_fs1,feature_1921,0.00035118625964969397
xgb_fs1,feature_6157,0.0003499000158626586
xgb_fs1,feature_4273,0.00034931531990878284
xgb_fs1,feature_0308,0.0003491138049867004
xgb_fs1,feature_6360,0.0003484034677967429
xgb_fs1,feature_5227,0.00034805541508831084
xgb_fs1,feature_3104,0.0003480168234091252
xgb_fs1,feature_4493,0.00034667461295612156
xgb_fs1,feature_6034,0.0003461992891971022
xgb_fs1,feature_5922,0.0003452985838521272
xgb_fs1,feature_5248,0.0003449911891948432
xgb_fs1,feature_1967,0.0003447587660048157
xgb_fs1,feature_6273,0.00034441400202922523
xgb_fs1,feature_6062,0.00034425759804435074
xgb_fs1,feature_1741,0.00034373297239653766
xgb_fs1,feature_5323,0.0003429620119277388
xgb_fs1,feature_3211,0.00034217388019897044
xgb_fs1,feature_1617,0.00034154634340666234
xgb_fs1,feature_2199,0.000340599799528718
xgb_fs1,feature_4709,0.00033999173319898546
xgb_fs1,feature_6328,0.0003397023247089237
xgb_fs1,feature_5645,0.00033891398925334215
xgb_fs1,feature_4457,0.000338668585754931
xgb_fs1,feature_1060,0.0003382897994015366
xgb_fs1,feature_1511,0.00033678673207759857
xgb_fs1,feature_2758,0.00033640756737440825
xgb_fs1,feature_6583,0.0003353749343659729
xgb_fs1,feature_0286,0.0003345958248246461
xgb_fs1,feature_3724,0.00033376668579876423
xgb_fs1,feature_0212,0.0003332415653858334
xgb_fs1,feature_0247,0.0003313085762783885
xgb_fs1,feature_4869,0.00033077402622438967
xgb_fs1,feature_5260,0.00032908792491070926
xgb_fs1,feature_6335,0.00032759085297584534
xgb_fs1,feature_0006,0.00032758305314928293
xgb_fs1,feature_1030,0.00032671590452082455
xgb_fs1,feature_1581,0.0003261641541030258
xgb_fs1,feature_5542,0.00032590050250291824
xgb_fs1,feature_4120,0.00032308269874192774
xgb_fs1,feature_0239,0.00032225565519183874
xgb_fs1,feature_2377,0.00032147401361726224
xgb_fs1,feature_2736,0.00032086664577946067
xgb_fs1,feature_1899,0.00032048250432126224
xgb_fs1,feature_6191,0.0003193119482602924
xgb_fs1,feature_0138,0.0003185788227710873
xgb_fs1,feature_2936,0.0003182555374223739
xgb_fs1,feature_3943,0.0003181073989253491
xgb_fs1,feature_2718,0.00031632251921109855
xgb_fs1,feature_5334,0.00031609050347469747
xgb_fs1,feature_6230,0.0003160296764690429
xgb_fs1,feature_2901,0.0003158948675263673
xgb_fs1,feature_3430,0.0003153204161208123
xgb_fs1,feature_0809,0.00031513653811998665
xgb_fs1,feature_4672,0.0003150099946651608
xgb_fs1,feature_0782,0.00031414415570907295
xgb_fs1,feature_5768,0.0003136814048048109
xgb_fs1,feature_1123,0.00031365783070214093
xgb_fs1,feature_2563,0.00031357293482869864
xgb_fs1,feature_1252,0.00031205988489091396
xgb_fs1,feature_1438,0.00031195537303574383
xgb_fs1,feature_5296,0.00031082433997653425
xgb_fs1,feature_3586,0.0003107234661001712
xgb_fs1,feature_2013,0.00031055230647325516
xgb_fs1,feature_0985,0.00031043487251736224
xgb_fs1,feature_2183,0.0003100915055256337
xgb_fs1,feature_0048,0.00030689503182657063
xgb_fs1,feature_2524,0.0003063982876483351
xgb_fs1,feature_6086,0.0003061675524804741
xgb_fs1,feature_4958,0.00030590195092372596
xgb_fs1,feature_1399,0.0003052740066777915
xgb_fs1,feature_3976,0.0003051107341889292
xgb_fs1,feature_4485,0.00030488401534967124
xgb_fs1,feature_0235,0.0003048419312108308
xgb_fs1,feature_0023,0.0003042095631826669
xgb_fs1,feature_2715,0.000303988199448213
xgb_fs1,feature_5741,0.0003035370318684727
xgb_fs1,feature_5573,0.0003028608625754714
xgb_fs1,feature_5539,0.0003016000264324248
xgb_fs1,feature_5860,0.0003011772350873798
xgb_fs1,feature_6154,0.00030116818379610777
xgb_fs1,feature_2989,0.0003008813364431262
xgb_fs1,feature_3144,0.00030087915365584195
xgb_fs1,feature_0339,0.0003008731291629374
xgb_fs1,feature_4057,0.00030019303085282445
xgb_fs1,feature_6341,0.00029990149778313935
xgb_fs1,feature_4332,0.00029925344279035926
xgb_fs1,feature_5265,0.0002990532375406474
xgb_fs1,feature_1947,0.00029892034945078194
xgb_fs1,feature_0106,0.0002988618507515639
xgb_fs1,feature_0710,0.0002982312289532274
xgb_fs1,feature_3851,0.00029786882805638015
xgb_fs1,feature_1341,0.0002978422853630036
xgb_fs1,feature_3063,0.0002966909378301352
xgb_fs1,feature_1855,0.0002955980016849935
xgb_fs1,feature_5401,0.0002955005329567939
xgb_fs1,feature_3052,0.00029461734811775386
xgb_fs1,feature_2894,0.00029301727772690356
xgb_fs1,feature_3973,0.0002926190209109336
xgb_fs1,feature_6417,0.0002911955816671252
xgb_fs1,feature_3693,0.00028995220782235265
xgb_fs1,feature_3835,0.000289244984742254
xgb_fs1,feature_3064,0.00028847387875430286
xgb_fs1,feature_1285,0.00028822789317928255
xgb_fs1,feature_5302,0.0002877197111956775
xgb_fs1,feature_0190,0.00028696810477413237
xgb_fs1,feature_2859,0.0002865363785531372
xgb_fs1,feature_6333,0.0002858681546058506
xgb_fs1,feature_3968,0.0002856650680769235
xgb_fs1,feature_3213,0.00028476977604441345
xgb_fs1,feature_1598,0.00028350899810902774
xgb_fs1,feature_1978,0.0002825034025590867
xgb_fs1,feature_0902,0.0002816717023961246
xgb_fs1,feature_2382,0.000281391607131809
xgb_fs1,feature_6029,0.00028043609927408397
xgb_fs1,feature_0679,0.00027884659357368946
xgb_fs1,feature_4878,0.00027836053050123155
xgb_fs1,feature_0695,0.0002782785159070045
xgb_fs1,feature_6213,0.00027758089709095657
xgb_fs1,feature_6436,0.0002775633183773607
xgb_fs1,feature_5839,0.0002770434075500816
xgb_fs1,feature_5427,0.0002766966645140201
xgb_fs1,feature_2046,0.00027608496020548046
xgb_fs1,feature_4312,0.0002744160592556
xgb_fs1,feature_4340,0.0002741402422543615
xgb_fs1,feature_2706,0.0002728541730903089
xgb_fs1,feature_0713,0.00027255789609625936
xgb_fs1,feature_6281,0.0002725173544604331
xgb_fs1,feature_1500,0.0002722795761656016
xgb_fs1,feature_4346,0.0002721205819398165
xgb_fs1,feature_1879,0.0002714050642680377
xgb_fs1,feature_0792,0.0002711904817260802
xgb_fs1,feature_5037,0.0002704629150684923
xgb_fs1,feature_4695,0.0002678964228834957
xgb_fs1,feature_1094,0.0002675600699149072
xgb_fs1,feature_1937,0.00026735602295957506
xgb_fs1,feature_2100,0.00026684830663725734
xgb_fs1,feature_1032,0.00026644623721949756
xgb_fs1,feature_5882,0.0002639306185301393
xgb_fs1,feature_1469,0.0002639303856994957
xgb_fs1,feature_4000,0.00026344016077928245
xgb_fs1,feature_6517,0.00026308881933800876
xgb_fs1,feature_5244,0.0002628671645652503
xgb_fs1,feature_1505,0.00026198269915767014
xgb_fs1,feature_5717,0.0002611633681226522
xgb_fs1,feature_2249,0.0002609741932246834
xgb_fs1,feature_0813,0.00026097148656845093
xgb_fs1,feature_1912,0.000260918284766376
xgb_fs1,feature_1738,0.0002583638415671885
xgb_fs1,feature_3558,0.0002579933498054743
xgb_fs1,feature_3849,0.00025775961694307625
xgb_fs1,feature_6274,0.0002567944466136396
xgb_fs1,feature_4177,0.00025678123347461224
xgb_fs1,feature_1630,0.00025629211449995637
xgb_fs1,feature_4785,0.0002561899891588837
xgb_fs1,feature_2483,0.00025591629673726857
xgb_fs1,feature_3804,0.0002559160639066249
xgb_fs1,feature_2496,0.00025411476963199675
xgb_fs1,feature_0990,0.0002540212881285697
xgb_fs1,feature_6315,0.00025380231090821326
xgb_fs1,feature_1157,0.000253755395533517
xgb_fs1,feature_2538,0.0002527669130358845
xgb_fs1,feature_2795,0.00025146963889710605
xgb_fs1,feature_4982,0.00025094402371905744
xgb_fs1,feature_4564,0.00024993583792820573
xgb_fs1,feature_3837,0.00024874499649740756
xgb_fs1,feature_4892,0.0002486647863406688
xgb_fs1,feature_4624,0.0002478549431543797
xgb_fs1,feature_1747,0.00024719833163544536
xgb_fs1,feature_2850,0.0002444986894261092
xgb_fs1,feature_1260,0.0002443213597871363
xgb_fs1,feature_0798,0.00024302858219016343
xgb_fs1,feature_0200,0.00024298382049892098
xgb_fs1,feature_1771,0.00024212092102970928
xgb_fs1,feature_0882,0.00024161010514944792
xgb_fs1,feature_2143,0.00024129929079208523
xgb_fs1,feature_6453,0.00024089800717774779
xgb_fs1,feature_4681,0.0002406850690022111
xgb_fs1,feature_6559,0.00024001835845410824
xgb_fs1,feature_6271,0.00023977865930646658
xgb_fs1,feature_2207,0.0002394441544311121
xgb_fs1,feature_0916,0.0002390786976320669
xgb_fs1,feature_0089,0.00023752507695462555
xgb_fs1,feature_4014,0.00023725889332126826
xgb_fs1,feature_5128,0.00023653126845601946
xgb_fs1,feature_4734,0.00023595501261297613
xgb_fs1,feature_4026,0.00023342100030276924
xgb_fs1,feature_2673,0.00023320202308241278
xgb_fs1,feature_0982,0.00023222547315526754
xgb_fs1,feature_6296,0.00023058551596477628
xgb_fs1,feature_1087,0.00022973715385887772
xgb_fs1,feature_0186,0.00022807241475675255
xgb_fs1,feature_1572,0.0002266247756779194
xgb_fs1,feature_0211,0.00022582618112210184
xgb_fs1,feature_1593,0.00022358231944963336
xgb_fs1,feature_3281,0.00022340005671139807
xgb_fs1,feature_2347,0.0002216229768237099
xgb_fs1,feature_2677,0.00022136142069939524
xgb_fs1,feature_1083,0.00022067147074267268
xgb_fs1,feature_1422,0.00022000558965373784
xgb_fs1,feature_2248,0.00021993450354784727
xgb_fs1,feature_2369,0.0002190478699048981
xgb_fs1,feature_0364,0.00021884586021769792
xgb_fs1,feature_3941,0.00021859060507267714
xgb_fs1,feature_0549,0.0002180959127144888
xgb_fs1,feature_5614,0.00021768648002762347
xgb_fs1,feature_6298,0.00021750229643657804
xgb_fs1,feature_3194,0.0002168407227145508
xgb_fs1,feature_2235,0.00021633449068758637
xgb_fs1,feature_2676,0.0002156915288651362
xgb_fs1,feature_5054,0.00021390336041804403
xgb_fs1,feature_0779,0.00021345385175663978
xgb_fs1,feature_2661,0.00020973954815417528
xgb_fs1,feature_5597,0.00020949047757312655
xgb_fs1,feature_4134,0.000209082369110547
xgb_fs1,feature_2498,0.00020464313274715096
xgb_fs1,feature_1284,0.00020395465253386647
xgb_fs1,feature_2987,0.00020125869195908308
xgb_fs1,feature_2867,0.00020107429008930922
xgb_fs1,feature_6400,0.00019985005201306194
xgb_fs1,feature_2421,0.0001992571633309126
xgb_fs1,feature_0827,0.00019854737911373377
xgb_fs1,feature_1596,0.00019759561109822243
xgb_fs1,feature_3259,0.00019711126515176147
xgb_fs1,feature_4845,0.00019703568250406533
xgb_fs1,feature_2998,0.00019545633404050022
xgb_fs1,feature_0464,0.00019376810814719647
xgb_fs1,feature_1441,0.00019376685668248683
xgb_fs1,feature_2877,0.0001931509468704462
xgb_fs1,feature_2214,0.00019256456289440393
xgb_fs1,feature_4199,0.0001913153100758791
xgb_fs1,feature_1004,0.00019096823234576732
xgb_fs1,feature_3602,0.00019002187764272094
xgb_fs1,feature_6103,0.00018981692846864462
xgb_fs1,feature_5349,0.00018953182734549046
xgb_fs1,feature_4394,0.0001887245016405359
xgb_fs1,feature_5967,0.00018829489999916404
xgb_fs1,feature_5771,0.00018786317377816886
xgb_fs1,feature_5997,0.00018740711675491184
xgb_fs1,feature_5466,0.00018615265435073525
xgb_fs1,feature_2599,0.0001858799223555252
xgb_fs1,feature_4890,0.00018567551160231233
xgb_fs1,feature_6320,0.00018515146803110838
xgb_fs1,feature_2003,0.00018491850642021745
xgb_fs1,feature_2291,0.00018336961511522532
xgb_fs1,feature_6074,0.00018287256534677
xgb_fs1,feature_4104,0.0001822391786845401
xgb_fs1,feature_6234,0.00018166162772104144
xgb_fs1,feature_4112,0.00018132629338651896
xgb_fs1,feature_5984,0.00018087466014549136
xgb_fs1,feature_2366,0.00018074497347697616
xgb_fs1,feature_6196,0.00018029396596830338
xgb_fs1,feature_5420,0.0001802355982363224
xgb_fs1,feature_4703,0.00017911048780661076
xgb_fs1,feature_6043,0.00017904578999150544
xgb_fs1,feature_5360,0.0001789730304153636
xgb_fs1,feature_5279,0.00017884942644741386
xgb_fs1,feature_0269,0.00017796963220462203
xgb_fs1,feature_1518,0.0001779538142727688
xgb_fs1,feature_6035,0.00017472640320193022
xgb_fs1,feature_0895,0.0001742876338539645
xgb_fs1,feature_1335,0.00017167808255180717
xgb_fs1,feature_4277,0.00017150626808870584
xgb_fs1,baseline_egfr_23,0.00017037434736266732
xgb_fs1,feature_6426,0.00017022610700223595
xgb_fs1,feature_1773,0.00016911083366721869
xgb_fs1,feature_0539,0.0001671175705268979
xgb_fs1,feature_1224,0.00016711473290342838
xgb_fs1,feature_3778,0.00016571367450524122
xgb_fs1,feature_3536,0.00016538398631382734
xgb_fs1,feature_1871,0.00016528669220861048
xgb_fs1,feature_5308,0.00016475126903969795
xgb_fs1,feature_0532,0.00016463537758681923
xgb_fs1,feature_4829,0.0001637792884139344
xgb_fs1,feature_5202,0.00016371539095416665
xgb_fs1,feature_3768,0.00016278385010082275
xgb_fs1,feature_1152,0.0001624085271032527
xgb_fs1,feature_0284,0.0001602027186891064
xgb_fs1,feature_0878,0.00016009646060410887
xgb_fs1,feature_3765,0.00015883597370702773
xgb_fs1,feature_2806,0.00015879642160143703
xgb_fs1,feature_0194,0.00015801536210346967
xgb_fs1,feature_0257,0.00015726021956652403
xgb_fs1,feature_2620,0.00015722766693215817
xgb_fs1,feature_5336,0.0001566026039654389
xgb_fs1,feature_3961,0.0001554745831526816
xgb_fs1,feature_1556,0.00015197854372672737
xgb_fs1,feature_2464,0.00015156465815380216
xgb_fs1,feature_4354,0.0001512362068751827
xgb_fs1,feature_5306,0.00015105724742170423
xgb_fs1,feature_4599,0.00015049587818793952
xgb_fs1,feature_1766,0.00015037831326480955
xgb_fs1,feature_5775,0.00015013945812825114
xgb_fs1,feature_0964,0.00014971963537391275
xgb_fs1,feature_4227,0.00014879701484460384
xgb_fs1,feature_5810,0.00014876846398692578
xgb_fs1,feature_6474,0.00014860833471175283
xgb_fs1,feature_6451,0.0001476511242799461
xgb_fs1,feature_3517,0.00014380966604221612
xgb_fs1,feature_3188,0.0001430684933438897
xgb_fs1,feature_5892,0.0001416023587808013
xgb_fs1,feature_4986,0.00014118492254056036
xgb_fs1,feature_0943,0.00014083243149798363
xgb_fs1,feature_4118,0.00014031802129466087
xgb_fs1,feature_6312,0.0001400563050992787
xgb_fs1,feature_0530,0.00013981957454234362
xgb_fs1,feature_2047,0.00013938902702648193
xgb_fs1,feature_0512,0.0001389624085277319
xgb_fs1,feature_5129,0.00013770633086096495
xgb_fs1,feature_4690,0.0001376279251417145
xgb_fs1,feature_5124,0.00013630306057166308
xgb_fs1,feature_0941,0.00013589789159595966
xgb_fs1,feature_2670,0.000135691327159293
xgb_fs1,feature_5879,0.00013223632413428277
xgb_fs1,feature_1090,0.00013045748346485198
xgb_fs1,feature_6263,0.00012967905786354095
xgb_fs1,feature_3002,0.00012966130452696234
xgb_fs1,feature_1472,0.00012801865523215383
xgb_fs1,feature_0723,0.0001280063734157011
xgb_fs1,feature_4950,0.00012671011791098863
xgb_fs1,feature_3330,0.00012342723493929952
xgb_fs1,feature_1608,0.00012204112863400951
xgb_fs1,feature_3203,0.00012162556959083304
xgb_fs1,feature_0795,0.00012070019147358835
xgb_fs1,feature_1014,0.00011727655510185286
xgb_fs1,feature_2215,0.00011541560525074601
xgb_fs1,feature_3687,0.00011505460133776069
xgb_fs1,feature_2138,0.00011353418085491285
xgb_fs1,feature_4102,0.00011339463526383042
xgb_fs1,feature_5773,0.00011327387619530782
xgb_fs1,feature_0630,0.00011204518523300067
xgb_fs1,feature_2717,0.00011091231135651469
xgb_fs1,feature_6575,0.00011076061491621658
xgb_fs1,feature_5149,0.00011068354797316715
xgb_fs1,feature_2654,0.00011016317148460075
xgb_fs1,feature_2217,0.00010742781887529418
xgb_fs1,feature_6448,0.00010129428846994415
xgb_fs1,feature_0654,9.977759327739477e-05
xgb_fs1,feature_2172,9.843731095315889e-05
xgb_fs1,feature_1293,9.665256220614538e-05
xgb_fs1,feature_5805,9.657855844125152e-05
xgb_fs1,feature_2486,9.649145067669451e-05
xgb_fs1,feature_2574,9.180029155686498e-05
xgb_fs1,feature_2755,9.06502828001976e-05
xgb_fs1,feature_0077,8.848426659824327e-05
xgb_fs1,feature_0300,8.675312710693106e-05
xgb_fs1,feature_3389,8.06899624876678e-05
xgb_fs1,feature_5155,8.056203660089523e-05
xgb_fs1,feature_0739,8.011035970412195e-05
xgb_fs1,feature_1043,7.910750719020143e-05
xgb_fs1,feature_0787,7.875489973230287e-05
xgb_fs1,feature_6186,7.864403596613556e-05
xgb_fs1,feature_6592,7.576308416901156e-05
xgb_fs1,feature_4542,7.511821604566649e-05
xgb_fs1,feature_2116,7.44018325349316e-05
xgb_fs1,feature_5123,7.324106991291046e-05
xgb_fs1,feature_5326,6.669881258858368e-05
xgb_fs1,feature_4559,6.653872696915641e-05
xgb_fs1,feature_0806,6.353703065542504e-05
xgb_fs1,feature_0281,6.32135706837289e-05
xgb_fs1,feature_5280,6.143947393866256e-05
xgb_fs1,feature_4058,5.857230644323863e-05
xgb_fs1,feature_6512,5.791731018689461e-05
xgb_fs1,feature_0942,5.2270162996137515e-05
xgb_fs1,feature_2625,5.180016523809172e-05
xgb_fs1,feature_2858,5.0738595746224746e-05
xgb_fs1,feature_0891,4.9656944611342624e-05
xgb_fs1,feature_0093,4.771032035932876e-05
xgb_fs1,feature_0415,4.617860759026371e-05
xgb_fs1,feature_1785,4.592766708810814e-05
xgb_fs1,feature_5671,4.418068056111224e-05
xgb_fs1,feature_4225,4.405605068313889e-05
xgb_fs1,feature_2899,4.3484036723384634e-05
xgb_fs1,feature_4237,4.305041511543095e-05
xgb_fs1,feature_3288,4.110341251362115e-05
xgb_fs1,feature_0350,3.71365349565167e-05
xgb_fs1,feature_1583,3.528708475641906e-05
xgb_fs1,feature_2482,3.507073415676132e-05
xgb_fs1,feature_4278,3.503187690512277e-05
xgb_fs1,feature_4643,3.340663170092739e-05
xgb_fs1,feature_1148,3.260321682319045e-05
xgb_fs1,feature_5968,2.673867675184738e-05
xgb_fs1,feature_2760,2.612510434119031e-05
xgb_fs1,feature_3449,2.534227132855449e-05
xgb_fs1,feature_5862,2.435007809253875e-05
xgb_fs1,feature_5582,2.395105366304051e-05
xgb_fs1,feature_1686,2.2296597308013588e-05
xgb_fs1,feature_1088,2.2006113795214333e-05
xgb_fs1,feature_4246,1.9895594959962182e-05
xgb_fs1,feature_0915,1.8891889340011403e-05
xgb_fs1,feature_3270,1.8659844499779865e-05
xgb_fs1,feature_3116,1.8604119759402238e-05
xgb_fs1,feature_1586,1.782080107659567e-05
xgb_fs1,feature_5217,1.559256088512484e-05
xgb_fs1,feature_5770,1.3164396477804985e-05
xgb_fs1,feature_4534,1.032832278724527e-05
xgb_fs1,feature_2948,6.358216978696873e-06
xgb_fs1,feature_1941,4.9251780183112714e-06
xgb_fs1,feature_4126,4.679963694798062e-06
xgb_fs1,feature_3529,1.0297923154212185e-06
xgb_fs1,feature_5924,5.961176725577388e-07
xgb_fs1,feature_0001,0.0
xgb_fs1,feature_0002,0.0
xgb_fs1,feature_0004,0.0
xgb_fs1,feature_0007,0.0
xgb_fs1,feature_0008,0.0
xgb_fs1,feature_0009,0.0
xgb_fs1,feature_0010,0.0
xgb_fs1,feature_0012,0.0
xgb_fs1,feature_0013,0.0
xgb_fs1,feature_0015,0.0
xgb_fs1,feature_0016,0.0
xgb_fs1,feature_0017,0.0
xgb_fs1,feature_0018,0.0
xgb_fs1,feature_0019,0.0
xgb_fs1,feature_0020,0.0
xgb_fs1,feature_0021,0.0
xgb_fs1,feature_0022,0.0
xgb_fs1,feature_0024,0.0
xgb_fs1,feature_0026,0.0
xgb_fs1,feature_0027,0.0
xgb_fs1,feature_0028,0.0
xgb_fs1,feature_0029,0.0
xgb_fs1,feature_0031,0.0
xgb_fs1,feature_0032,0.0
xgb_fs1,feature_0033,0.0
xgb_fs1,feature_0034,0.0
xgb_fs1,feature_0035,0.0
xgb_fs1,feature_0036,0.0
xgb_fs1,feature_0037,0.0
xgb_fs1,feature_0038,0.0
xgb_fs1,feature_0039,0.0
xgb_fs1,feature_0041,0.0
xgb_fs1,feature_0042,0.0
xgb_fs1,feature_0043,0.0
xgb_fs1,feature_0044,0.0
xgb_fs1,feature_0045,0.0
xgb_fs1,feature_0046,0.0
xgb_fs1,feature_0047,0.0
xgb_fs1,feature_0049,0.0
xgb_fs1,feature_0050,0.0
xgb_fs1,feature_0051,0.0
xgb_fs1,feature_0052,0.0
xgb_fs1,feature_0053,0.0
xgb_fs1,feature_0055,0.0
xgb_fs1,feature_0056,0.0
xgb_fs1,feature_0057,0.0
xgb_fs1,feature_0058,0.0
xgb_fs1,feature_0059,0.0
xgb_fs1,feature_0060,0.0
xgb_fs1,feature_0061,0.0
xgb_fs1,feature_0062,0.0
xgb_fs1,feature_0063,0.0
xgb_fs1,feature_0064,0.0
xgb_fs1,feature_0065,0.0
xgb_fs1,feature_0066,0.0
xgb_fs1,feature_0069,0.0
xgb_fs1,feature_0070,0.0
xgb_fs1,feature_0071,0.0
xgb_fs1,feature_0072,0.0
xgb_fs1,feature_0073,0.0
xgb_fs1,feature_0074,0.0
xgb_fs1,feature_0075,0.0
xgb_fs1,feature_0076,0.0
xgb_fs1,feature_0078,0.0
xgb_fs1,feature_0079,0.0
xgb_fs1,feature_0082,0.0
xgb_fs1,feature_0083,0.0
xgb_fs1,feature_0084,0.0
xgb_fs1,feature_0085,0.0
xgb_fs1,feature_0087,0.0
xgb_fs1,feature_0088,0.0
xgb_fs1,feature_0090,0.0
xgb_fs1,feature_0091,0.0
xgb_fs1,feature_0092,0.0
xgb_fs1,feature_0094,0.0
xgb_fs1,feature_0095,0.0
xgb_fs1,feature_0097,0.0
xgb_fs1,feature_0098,0.0
xgb_fs1,feature_0099,0.0
xgb_fs1,feature_0100,0.0
xgb_fs1,feature_0101,0.0
xgb_fs1,feature_0102,0.0
xgb_fs1,feature_0103,0.0
xgb_fs1,feature_0104,0.0
xgb_fs1,feature_0105,0.0
xgb_fs1,feature_0107,0.0
xgb_fs1,feature_0108,0.0
xgb_fs1,feature_0110,0.0
xgb_fs1,feature_0111,0.0
xgb_fs1,feature_0113,0.0
xgb_fs1,feature_0114,0.0
xgb_fs1,feature_0115,0.0
xgb_fs1,feature_0116,0.0
xgb_fs1,feature_0117,0.0
xgb_fs1,feature_0118,0.0
xgb_fs1,feature_0119,0.0
xgb_fs1,feature_0120,0.0
xgb_fs1,feature_0121,0.0
xgb_fs1,feature_0122,0.0
xgb_fs1,feature_0123,0.0
xgb_fs1,feature_0126,0.0
xgb_fs1,feature_0127,0.0
xgb_fs1,feature_0129,0.0
xgb_fs1,feature_0130,0.0
xgb_fs1,feature_0131,0.0
xgb_fs1,feature_0132,0.0
xgb_fs1,feature_0133,0.0
xgb_fs1,feature_0135,0.0
xgb_fs1,feature_0136,0.0
xgb_fs1,feature_0137,0.0
xgb_fs1,feature_0139,0.0
xgb_fs1,feature_0140,0.0
xgb_fs1,feature_0141,0.0
xgb_fs1,feature_0142,0.0
xgb_fs1,feature_0143,0.0
xgb_fs1,feature_0144,0.0
xgb_fs1,feature_0145,0.0
xgb_fs1,feature_0146,0.0
xgb_fs1,feature_0147,0.0
xgb_fs1,feature_0148,0.0
xgb_fs1,feature_0149,0.0
xgb_fs1,feature_0150,0.0
xgb_fs1,feature_0151,0.0
xgb_fs1,feature_0152,0.0
xgb_fs1,feature_0153,0.0
xgb_fs1,feature_0154,0.0
xgb_fs1,feature_0155,0.0
xgb_fs1,feature_0157,0.0
xgb_fs1,feature_0158,0.0
xgb_fs1,feature_0161,0.0
xgb_fs1,feature_0162,0.0
xgb_fs1,feature_0163,0.0
xgb_fs1,feature_0164,0.0
xgb_fs1,feature_0165,0.0
xgb_fs1,feature_0166,0.0
xgb_fs1,feature_0167,0.0
xgb_fs1,feature_0168,0.0
xgb_fs1,feature_0169,0.0
xgb_fs1,feature_0171,0.0
xgb_fs1,feature_0174,0.0
xgb_fs1,feature_0175,0.0
xgb_fs1,feature_0176,0.0
xgb_fs1,feature_0177,0.0
xgb_fs1,feature_0178,0.0
xgb_fs1,feature_0179,0.0
xgb_fs1,feature_0180,0.0
xgb_fs1,feature_0181,0.0
xgb_fs1,feature_0182,0.0
xgb_fs1,feature_0183,0.0
xgb_fs1,feature_0184,0.0
xgb_fs1,feature_0188,0.0
xgb_fs1,feature_0189,0.0
xgb_fs1,feature_0191,0.0
xgb_fs1,feature_0192,0.0
xgb_fs1,feature_0193,0.0
xgb_fs1,feature_0195,0.0
xgb_fs1,feature_0196,0.0
xgb_fs1,feature_0197,0.0
xgb_fs1,feature_0199,0.0
xgb_fs1,feature_0201,0.0
xgb_fs1,feature_0202,0.0
xgb_fs1,feature_0203,0.0
xgb_fs1,feature_0204,0.0
xgb_fs1,feature_0205,0.0
xgb_fs1,feature_0207,0.0
xgb_fs1,feature_0208,0.0
xgb_fs1,feature_0209,0.0
xgb_fs1,feature_0210,0.0
xgb_fs1,feature_0213,0.0
xgb_fs1,feature_0214,0.0
xgb_fs1,feature_0215,0.0
xgb_fs1,feature_0216,0.0
xgb_fs1,feature_0218,0.0
xgb_fs1,feature_0219,0.0
xgb_fs1,feature_0220,0.0
xgb_fs1,feature_0222,0.0
xgb_fs1,feature_0223,0.0
xgb_fs1,feature_0224,0.0
xgb_fs1,feature_0225,0.0
xgb_fs1,feature_0226,0.0
xgb_fs1,feature_0228,0.0
xgb_fs1,feature_0229,0.0
xgb_fs1,feature_0230,0.0
xgb_fs1,feature_0231,0.0
xgb_fs1,feature_0233,0.0
xgb_fs1,feature_0234,0.0
xgb_fs1,feature_0236,0.0
xgb_fs1,feature_0237,0.0
xgb_fs1,feature_0238,0.0
xgb_fs1,feature_0240,0.0
xgb_fs1,feature_0241,0.0
xgb_fs1,feature_0242,0.0
xgb_fs1,feature_0243,0.0
xgb_fs1,feature_0245,0.0
xgb_fs1,feature_0246,0.0
xgb_fs1,feature_0248,0.0
xgb_fs1,feature_0249,0.0
xgb_fs1,feature_0250,0.0
xgb_fs1,feature_0251,0.0
xgb_fs1,feature_0252,0.0
xgb_fs1,feature_0254,0.0
xgb_fs1,feature_0255,0.0
xgb_fs1,feature_0258,0.0
xgb_fs1,feature_0259,0.0
xgb_fs1,feature_0261,0.0
xgb_fs1,feature_0262,0.0
xgb_fs1,feature_0263,0.0
xgb_fs1,feature_0264,0.0
xgb_fs1,feature_0266,0.0
xgb_fs1,feature_0268,0.0
xgb_fs1,feature_0270,0.0
xgb_fs1,feature_0271,0.0
xgb_fs1,feature_0272,0.0
xgb_fs1,feature_0273,0.0
xgb_fs1,feature_0274,0.0
xgb_fs1,feature_0275,0.0
xgb_fs1,feature_0276,0.0
xgb_fs1,feature_0277,0.0
xgb_fs1,feature_0278,0.0
xgb_fs1,feature_0279,0.0
xgb_fs1,feature_0282,0.0
xgb_fs1,feature_0283,0.0
xgb_fs1,feature_0285,0.0
xgb_fs1,feature_0287,0.0
xgb_fs1,feature_0288,0.0
xgb_fs1,feature_0289,0.0
xgb_fs1,feature_0290,0.0
xgb_fs1,feature_0291,0.0
xgb_fs1,feature_0292,0.0
xgb_fs1,feature_0293,0.0
xgb_fs1,feature_0294,0.0
xgb_fs1,feature_0295,0.0
xgb_fs1,feature_0296,0.0
xgb_fs1,feature_0297,0.0
xgb_fs1,feature_0298,0.0
xgb_fs1,feature_0299,0.0
xgb_fs1,feature_0301,0.0
xgb_fs1,feature_0302,0.0
xgb_fs1,feature_0303,0.0
xgb_fs1,feature_0304,0.0
xgb_fs1,feature_0306,0.0
xgb_fs1,feature_0307,0.0
xgb_fs1,feature_0309,0.0
xgb_fs1,feature_0310,0.0
xgb_fs1,feature_0311,0.0
xgb_fs1,feature_0312,0.0
xgb_fs1,feature_0313,0.0
xgb_fs1,feature_0314,0.0
xgb_fs1,feature_0315,0.0
xgb_fs1,feature_0316,0.0
xgb_fs1,feature_0317,0.0
xgb_fs1,feature_0318,0.0
xgb_fs1,feature_0320,0.0
xgb_fs1,feature_0321,0.0
xgb_fs1,feature_0322,0.0
xgb_fs1,feature_0323,0.0
xgb_fs1,feature_0324,0.0
xgb_fs1,feature_0325,0.0
xgb_fs1,feature_0326,0.0
xgb_fs1,feature_0327,0.0
xgb_fs1,feature_0328,0.0
xgb_fs1,feature_0329,0.0
xgb_fs1,feature_0331,0.0
xgb_fs1,feature_0332,0.0
xgb_fs1,feature_0333,0.0
xgb_fs1,feature_0334,0.0
xgb_fs1,feature_0335,0.0
xgb_fs1,feature_0336,0.0
xgb_fs1,feature_0337,0.0
xgb_fs1,feature_0341,0.0
xgb_fs1,feature_0342,0.0
xgb_fs1,feature_0343,0.0
xgb_fs1,feature_0344,0.0
xgb_fs1,feature_0346,0.0
xgb_fs1,feature_0348,0.0
xgb_fs1,feature_0349,0.0
xgb_fs1,feature_0353,0.0
xgb_fs1,feature_0354,0.0
xgb_fs1,feature_0355,0.0
xgb_fs1,feature_0356,0.0
xgb_fs1,feature_0357,0.0
xgb_fs1,feature_0359,0.0
xgb_fs1,feature_0360,0.0
xgb_fs1,feature_0361,0.0
xgb_fs1,feature_0366,0.0
xgb_fs1,feature_0367,0.0
xgb_fs1,feature_0369,0.0
xgb_fs1,feature_0370,0.0
xgb_fs1,feature_0371,0.0
xgb_fs1,feature_0373,0.0
xgb_fs1,feature_0374,0.0
xgb_fs1,feature_0375,0.0
xgb_fs1,feature_0376,0.0
xgb_fs1,feature_0377,0.0
xgb_fs1,feature_0378,0.0
xgb_fs1,feature_0379,0.0
xgb_fs1,feature_0380,0.0
xgb_fs1,feature_0381,0.0
xgb_fs1,feature_0383,0.0
xgb_fs1,feature_0385,0.0
xgb_fs1,feature_0387,0.0
xgb_fs1,feature_0388,0.0
xgb_fs1,feature_0390,0.0
xgb_fs1,feature_0391,0.0
xgb_fs1,feature_0392,0.0
xgb_fs1,feature_0393,0.0
xgb_fs1,feature_0394,0.0
xgb_fs1,feature_0395,0.0
xgb_fs1,feature_0396,0.0
xgb_fs1,feature_0398,0.0
xgb_fs1,feature_0399,0.0
xgb_fs1,feature_0400,0.0
xgb_fs1,feature_0401,0.0
xgb_fs1,feature_0402,0.0
xgb_fs1,feature_0403,0.0
xgb_fs1,feature_0404,0.0
xgb_fs1,feature_0405,0.0
xgb_fs1,feature_0406,0.0
xgb_fs1,feature_0407,0.0
xgb_fs1,feature_0408,0.0
xgb_fs1,feature_0409,0.0
xgb_fs1,feature_0410,0.0
xgb_fs1,feature_0411,0.0
xgb_fs1,feature_0412,0.0
xgb_fs1,feature_0413,0.0
xgb_fs1,feature_0414,0.0
xgb_fs1,feature_0416,0.0
xgb_fs1,feature_0417,0.0
xgb_fs1,feature_0418,0.0
xgb_fs1,feature_0420,0.0
xgb_fs1,feature_0421,0.0
xgb_fs1,feature_0422,0.0
xgb_fs1,feature_0423,0.0
xgb_fs1,feature_0424,0.0
xgb_fs1,feature_0425,0.0
xgb_fs1,feature_0426,0.0
xgb_fs1,feature_0427,0.0
xgb_fs1,feature_0428,0.0
xgb_fs1,feature_0429,0.0
xgb_fs1,feature_0430,0.0
xgb_fs1,feature_0431,0.0
xgb_fs1,feature_0432,0.0
xgb_fs1,feature_0433,0.0
xgb_fs1,feature_0434,0.0
xgb_fs1,feature_0435,0.0
xgb_fs1,feature_0436,0.0
xgb_fs1,feature_0437,0.0
xgb_fs1,feature_0438,0.0
xgb_fs1,feature_0439,0.0
xgb_fs1,feature_0440,0.0
xgb_fs1,feature_0441,0.0
xgb_fs1,feature_0442,0.0
xgb_fs1,feature_0443,0.0
xgb_fs1,feature_0444,0.0
xgb_fs1,feature_0445,0.0
xgb_fs1,feature_0446,0.0
xgb_fs1,feature_0447,0.0
xgb_fs1,feature_0448,0.0
xgb_fs1,feature_0449,0.0
xgb_fs1,feature_0450,0.0
xgb_fs1,feature_0451,0.0
xgb_fs1,feature_0452,0.0
xgb_fs1,feature_0454,0.0
xgb_fs1,feature_0455,0.0
xgb_fs1,feature_0457,0.0
xgb_fs1,feature_0458,0.0
xgb_fs1,feature_0459,0.0
xgb_fs1,feature_0460,0.0
xgb_fs1,feature_0461,0.0
xgb_fs1,feature_0462,0.0
xgb_fs1,feature_0463,0.0
xgb_fs1,feature_0465,0.0
xgb_fs1,feature_0466,0.0
xgb_fs1,feature_0467,0.0
xgb_fs1,feature_0468,0.0
xgb_fs1,feature_0469,0.0
xgb_fs1,feature_0470,0.0
xgb_fs1,feature_0471,0.0
xgb_fs1,feature_0472,0.0
xgb_fs1,feature_0473,0.0
xgb_fs1,feature_0474,0.0
xgb_fs1,feature_0475,0.0
xgb_fs1,feature_0477,0.0
xgb_fs1,feature_0478,0.0
xgb_fs1,feature_0479,0.0
xgb_fs1,feature_0480,0.0
xgb_fs1,feature_0481,0.0
xgb_fs1,feature_0483,0.0
xgb_fs1,feature_0485,0.0
xgb_fs1,feature_0486,0.0
xgb_fs1,feature_0488,0.0
xgb_fs1,feature_0489,0.0
xgb_fs1,feature_0490,0.0
xgb_fs1,feature_0492,0.0
xgb_fs1,feature_0493,0.0
xgb_fs1,feature_0494,0.0
xgb_fs1,feature_0495,0.0
xgb_fs1,feature_0496,0.0
xgb_fs1,feature_0497,0.0
xgb_fs1,feature_0500,0.0
xgb_fs1,feature_0501,0.0
xgb_fs1,feature_0502,0.0
xgb_fs1,feature_0503,0.0
xgb_fs1,feature_0504,0.0
xgb_fs1,feature_0505,0.0
xgb_fs1,feature_0507,0.0
xgb_fs1,feature_0508,0.0
xgb_fs1,feature_0509,0.0
xgb_fs1,feature_0510,0.0
xgb_fs1,feature_0511,0.0
xgb_fs1,feature_0513,0.0
xgb_fs1,feature_0514,0.0
xgb_fs1,feature_0515,0.0
xgb_fs1,feature_0517,0.0
xgb_fs1,feature_0518,0.0
xgb_fs1,feature_0520,0.0
xgb_fs1,feature_0521,0.0
xgb_fs1,feature_0522,0.0
xgb_fs1,feature_0523,0.0
xgb_fs1,feature_0525,0.0
xgb_fs1,feature_0526,0.0
xgb_fs1,feature_0527,0.0
xgb_fs1,feature_0528,0.0
xgb_fs1,feature_0529,0.0
xgb_fs1,feature_0531,0.0
xgb_fs1,feature_0533,0.0
xgb_fs1,feature_0534,0.0
xgb_fs1,feature_0535,0.0
xgb_fs1,feature_0537,0.0
xgb_fs1,feature_0540,0.0
xgb_fs1,feature_0541,0.0
xgb_fs1,feature_0542,0.0
xgb_fs1,feature_0543,0.0
xgb_fs1,feature_0544,0.0
xgb_fs1,feature_0546,0.0
xgb_fs1,feature_0548,0.0
xgb_fs1,feature_0550,0.0
xgb_fs1,feature_0551,0.0
xgb_fs1,feature_0553,0.0
xgb_fs1,feature_0554,0.0
xgb_fs1,feature_0555,0.0
xgb_fs1,feature_0556,0.0
xgb_fs1,feature_0557,0.0
xgb_fs1,feature_0558,0.0
xgb_fs1,feature_0559,0.0
xgb_fs1,feature_0561,0.0
xgb_fs1,feature_0562,0.0
xgb_fs1,feature_0563,0.0
xgb_fs1,feature_0564,0.0
xgb_fs1,feature_0565,0.0
xgb_fs1,feature_0566,0.0
xgb_fs1,feature_0567,0.0
xgb_fs1,feature_0568,0.0
xgb_fs1,feature_0569,0.0
xgb_fs1,feature_0570,0.0
xgb_fs1,feature_0573,0.0
xgb_fs1,feature_0575,0.0
xgb_fs1,feature_0576,0.0
xgb_fs1,feature_0577,0.0
xgb_fs1,feature_0578,0.0
xgb_fs1,feature_0579,0.0
xgb_fs1,feature_0580,0.0
xgb_fs1,feature_0581,0.0
xgb_fs1,feature_0582,0.0
xgb_fs1,feature_0583,0.0
xgb_fs1,feature_0584,0.0
xgb_fs1,feature_0585,0.0
xgb_fs1,feature_0586,0.0
xgb_fs1,feature_0588,0.0
xgb_fs1,feature_0589,0.0
xgb_fs1,feature_0590,0.0
xgb_fs1,feature_0591,0.0
xgb_fs1,feature_0593,0.0
xgb_fs1,feature_0594,0.0
xgb_fs1,feature_0597,0.0
xgb_fs1,feature_0598,0.0
xgb_fs1,feature_0599,0.0
xgb_fs1,feature_0600,0.0
xgb_fs1,feature_0602,0.0
xgb_fs1,feature_0603,0.0
xgb_fs1,feature_0604,0.0
xgb_fs1,feature_0607,0.0
xgb_fs1,feature_0608,0.0
xgb_fs1,feature_0609,0.0
xgb_fs1,feature_0610,0.0
xgb_fs1,feature_0611,0.0
xgb_fs1,feature_0612,0.0
xgb_fs1,feature_0613,0.0
xgb_fs1,feature_0614,0.0
xgb_fs1,feature_0615,0.0
xgb_fs1,feature_0616,0.0
xgb_fs1,feature_0617,0.0
xgb_fs1,feature_0618,0.0
xgb_fs1,feature_0619,0.0
xgb_fs1,feature_0620,0.0
xgb_fs1,feature_0621,0.0
xgb_fs1,feature_0622,0.0
xgb_fs1,feature_0623,0.0
xgb_fs1,feature_0624,0.0
xgb_fs1,feature_0625,0.0
xgb_fs1,feature_0626,0.0
xgb_fs1,feature_0628,0.0
xgb_fs1,feature_0631,0.0
xgb_fs1,feature_0632,0.0
xgb_fs1,feature_0633,0.0
xgb_fs1,feature_0636,0.0
xgb_fs1,feature_0637,0.0
xgb_fs1,feature_0638,0.0
xgb_fs1,feature_0640,0.0
xgb_fs1,feature_0641,0.0
xgb_fs1,feature_0642,0.0
xgb_fs1,feature_0643,0.0
xgb_fs1,feature_0644,0.0
xgb_fs1,feature_0645,0.0
xgb_fs1,feature_0646,0.0
xgb_fs1,feature_0647,0.0
xgb_fs1,feature_0648,0.0
xgb_fs1,feature_0651,0.0
xgb_fs1,feature_0652,0.0
xgb_fs1,feature_0653,0.0
xgb_fs1,feature_0655,0.0
xgb_fs1,feature_0656,0.0
xgb_fs1,feature_0657,0.0
xgb_fs1,feature_0658,0.0
xgb_fs1,feature_0660,0.0
xgb_fs1,feature_0661,0.0
xgb_fs1,feature_0662,0.0
xgb_fs1,feature_0663,0.0
xgb_fs1,feature_0664,0.0
xgb_fs1,feature_0665,0.0
xgb_fs1,feature_0666,0.0
xgb_fs1,feature_0667,0.0
xgb_fs1,feature_0668,0.0
xgb_fs1,feature_0669,0.0
xgb_fs1,feature_0670,0.0
xgb_fs1,feature_0671,0.0
xgb_fs1,feature_0672,0.0
xgb_fs1,feature_0673,0.0
xgb_fs1,feature_0675,0.0
xgb_fs1,feature_0678,0.0
xgb_fs1,feature_0680,0.0
xgb_fs1,feature_0681,0.0
xgb_fs1,feature_0684,0.0
xgb_fs1,feature_0685,0.0
xgb_fs1,feature_0686,0.0
xgb_fs1,feature_0687,0.0
xgb_fs1,feature_0689,0.0
xgb_fs1,feature_0690,0.0
xgb_fs1,feature_0691,0.0
xgb_fs1,feature_0692,0.0
xgb_fs1,feature_0693,0.0
xgb_fs1,feature_0694,0.0
xgb_fs1,feature_0696,0.0
xgb_fs1,feature_0697,0.0
xgb_fs1,feature_0698,0.0
xgb_fs1,feature_0700,0.0
xgb_fs1,feature_0701,0.0
xgb_fs1,feature_0702,0.0
xgb_fs1,feature_0703,0.0
xgb_fs1,feature_0704,0.0
xgb_fs1,feature_0705,0.0
xgb_fs1,feature_0706,0.0
xgb_fs1,feature_0707,0.0
xgb_fs1,feature_0709,0.0
xgb_fs1,feature_0711,0.0
xgb_fs1,feature_0712,0.0
xgb_fs1,feature_0714,0.0
xgb_fs1,feature_0716,0.0
xgb_fs1,feature_0717,0.0
xgb_fs1,feature_0719,0.0
xgb_fs1,feature_0720,0.0
xgb_fs1,feature_0721,0.0
xgb_fs1,feature_0722,0.0
xgb_fs1,feature_0724,0.0
xgb_fs1,feature_0726,0.0
xgb_fs1,feature_0727,0.0
xgb_fs1,feature_0728,0.0
xgb_fs1,feature_0730,0.0
xgb_fs1,feature_0731,0.0
xgb_fs1,feature_0732,0.0
xgb_fs1,feature_0733,0.0
xgb_fs1,feature_0734,0.0
xgb_fs1,feature_0735,0.0
xgb_fs1,feature_0736,0.0
xgb_fs1,feature_0737,0.0
xgb_fs1,feature_0738,0.0
xgb_fs1,feature_0741,0.0
xgb_fs1,feature_0742,0.0
xgb_fs1,feature_0743,0.0
xgb_fs1,feature_0744,0.0
xgb_fs1,feature_0745,0.0
xgb_fs1,feature_0746,0.0
xgb_fs1,feature_0747,0.0
xgb_fs1,feature_0748,0.0
xgb_fs1,feature_0749,0.0
xgb_fs1,feature_0750,0.0
xgb_fs1,feature_0751,0.0
xgb_fs1,feature_0752,0.0
xgb_fs1,feature_0753,0.0
xgb_fs1,feature_0754,0.0
xgb_fs1,feature_0755,0.0
xgb_fs1,feature_0756,0.0
xgb_fs1,feature_0757,0.0
xgb_fs1,feature_0758,0.0
xgb_fs1,feature_0759,0.0
xgb_fs1,feature_0760,0.0
xgb_fs1,feature_0761,0.0
xgb_fs1,feature_0762,0.0
xgb_fs1,feature_0763,0.0
xgb_fs1,feature_0764,0.0
xgb_fs1,feature_0767,0.0
xgb_fs1,feature_0768,0.0
xgb_fs1,feature_0770,0.0
xgb_fs1,feature_0771,0.0
xgb_fs1,feature_0772,0.0
xgb_fs1,feature_0773,0.0
xgb_fs1,feature_0774,0.0
xgb_fs1,feature_0775,0.0
xgb_fs1,feature_0776,0.0
xgb_fs1,feature_0777,0.0
xgb_fs1,feature_0778,0.0
xgb_fs1,feature_0780,0.0
xgb_fs1,feature_0781,0.0
xgb_fs1,feature_0783,0.0
xgb_fs1,feature_0784,0.0
xgb_fs1,feature_0786,0.0
xgb_fs1,feature_0788,0.0
xgb_fs1,feature_0789,0.0
xgb_fs1,feature_0790,0.0
xgb_fs1,feature_0791,0.0
xgb_fs1,feature_0793,0.0
xgb_fs1,feature_0794,0.0
xgb_fs1,feature_0796,0.0
xgb_fs1,feature_0797,0.0
xgb_fs1,feature_0799,0.0
xgb_fs1,feature_0800,0.0
xgb_fs1,feature_0801,0.0
xgb_fs1,feature_0802,0.0
xgb_fs1,feature_0804,0.0
xgb_fs1,feature_0805,0.0
xgb_fs1,feature_0807,0.0
xgb_fs1,feature_0810,0.0
xgb_fs1,feature_0811,0.0
xgb_fs1,feature_0812,0.0
xgb_fs1,feature_0814,0.0
xgb_fs1,feature_0815,0.0
xgb_fs1,feature_0817,0.0
xgb_fs1,feature_0818,0.0
xgb_fs1,feature_0821,0.0
xgb_fs1,feature_0822,0.0
xgb_fs1,feature_0823,0.0
xgb_fs1,feature_0824,0.0
xgb_fs1,feature_0826,0.0
xgb_fs1,feature_0832,0.0
xgb_fs1,feature_0833,0.0
xgb_fs1,feature_0835,0.0
xgb_fs1,feature_0836,0.0
xgb_fs1,feature_0837,0.0
xgb_fs1,feature_0838,0.0
xgb_fs1,feature_0839,0.0
xgb_fs1,feature_0840,0.0
xgb_fs1,feature_0841,0.0
xgb_fs1,feature_0842,0.0
xgb_fs1,feature_0843,0.0
xgb_fs1,feature_0844,0.0
xgb_fs1,feature_0845,0.0
xgb_fs1,feature_0846,0.0
xgb_fs1,feature_0848,0.0
xgb_fs1,feature_0849,0.0
xgb_fs1,feature_0850,0.0
xgb_fs1,feature_0851,0.0
xgb_fs1,feature_0852,0.0
xgb_fs1,feature_0853,0.0
xgb_fs1,feature_0854,0.0
xgb_fs1,feature_0855,0.0
xgb_fs1,feature_0856,0.0
xgb_fs1,feature_0857,0.0
xgb_fs1,feature_0859,0.0
xgb_fs1,feature_0861,0.0
xgb_fs1,feature_0862,0.0
xgb_fs1,feature_0863,0.0
xgb_fs1,feature_0864,0.0
xgb_fs1,feature_0865,0.0
xgb_fs1,feature_0866,0.0
xgb_fs1,feature_0867,0.0
xgb_fs1,feature_0868,0.0
xgb_fs1,feature_0869,0.0
xgb_fs1,feature_0870,0.0
xgb_fs1,feature_0871,0.0
xgb_fs1,feature_0872,0.0
xgb_fs1,feature_0874,0.0
xgb_fs1,feature_0875,0.0
xgb_fs1,feature_0876,0.0
xgb_fs1,feature_0877,0.0
xgb_fs1,feature_0879,0.0
xgb_fs1,feature_0881,0.0
xgb_fs1,feature_0883,0.0
xgb_fs1,feature_0884,0.0
xgb_fs1,feature_0885,0.0
xgb_fs1,feature_0888,0.0
xgb_fs1,feature_0889,0.0
xgb_fs1,feature_0890,0.0
xgb_fs1,feature_0892,0.0
xgb_fs1,feature_0893,0.0
xgb_fs1,feature_0894,0.0
xgb_fs1,feature_0896,0.0
xgb_fs1,feature_0897,0.0
xgb_fs1,feature_0898,0.0
xgb_fs1,feature_0900,0.0
xgb_fs1,feature_0901,0.0
xgb_fs1,feature_0903,0.0
xgb_fs1,feature_0904,0.0
xgb_fs1,feature_0905,0.0
xgb_fs1,feature_0906,0.0
xgb_fs1,feature_0907,0.0
xgb_fs1,feature_0908,0.0
xgb_fs1,feature_0909,0.0
xgb_fs1,feature_0910,0.0
xgb_fs1,feature_0912,0.0
xgb_fs1,feature_0913,0.0
xgb_fs1,feature_0914,0.0
xgb_fs1,feature_0917,0.0
xgb_fs1,feature_0918,0.0
xgb_fs1,feature_0920,0.0
xgb_fs1,feature_0921,0.0
xgb_fs1,feature_0922,0.0
xgb_fs1,feature_0924,0.0
xgb_fs1,feature_0925,0.0
xgb_fs1,feature_0926,0.0
xgb_fs1,feature_0927,0.0
xgb_fs1,feature_0928,0.0
xgb_fs1,feature_0929,0.0
xgb_fs1,feature_0930,0.0
xgb_fs1,feature_0931,0.0
xgb_fs1,feature_0932,0.0
xgb_fs1,feature_0933,0.0
xgb_fs1,feature_0934,0.0
xgb_fs1,feature_0936,0.0
xgb_fs1,feature_0937,0.0
xgb_fs1,feature_0938,0.0
xgb_fs1,feature_0939,0.0
xgb_fs1,feature_0940,0.0
xgb_fs1,feature_0944,0.0
xgb_fs1,feature_0945,0.0
xgb_fs1,feature_0946,0.0
xgb_fs1,feature_0947,0.0
xgb_fs1,feature_0948,0.0
xgb_fs1,feature_0949,0.0
xgb_fs1,feature_0950,0.0
xgb_fs1,feature_0951,0.0
xgb_fs1,feature_0952,0.0
xgb_fs1,feature_0953,0.0
xgb_fs1,feature_0954,0.0
xgb_fs1,feature_0955,0.0
xgb_fs1,feature_0956,0.0
xgb_fs1,feature_0957,0.0
xgb_fs1,feature_0958,0.0
xgb_fs1,feature_0959,0.0
xgb_fs1,feature_0960,0.0
xgb_fs1,feature_0961,0.0
xgb_fs1,feature_0962,0.0
xgb_fs1,feature_0963,0.0
xgb_fs1,feature_0965,0.0
xgb_fs1,feature_0966,0.0
xgb_fs1,feature_0967,0.0
xgb_fs1,feature_0968,0.0
xgb_fs1,feature_0970,0.0
xgb_fs1,feature_0971,0.0
xgb_fs1,feature_0972,0.0
xgb_fs1,feature_0973,0.0
xgb_fs1,feature_0974,0.0
xgb_fs1,feature_0975,0.0
xgb_fs1,feature_0976,0.0
xgb_fs1,feature_0978,0.0
xgb_fs1,feature_0979,0.0
xgb_fs1,feature_0980,0.0
xgb_fs1,feature_0981,0.0
xgb_fs1,feature_0983,0.0
xgb_fs1,feature_0984,0.0
xgb_fs1,feature_0986,0.0
xgb_fs1,feature_0988,0.0
xgb_fs1,feature_0989,0.0
xgb_fs1,feature_0992,0.0
xgb_fs1,feature_0993,0.0
xgb_fs1,feature_0994,0.0
xgb_fs1,feature_0995,0.0
xgb_fs1,feature_0997,0.0
xgb_fs1,feature_0999,0.0
xgb_fs1,feature_1000,0.0
xgb_fs1,feature_1001,0.0
xgb_fs1,feature_1003,0.0
xgb_fs1,feature_1005,0.0
xgb_fs1,feature_1006,0.0
xgb_fs1,feature_1007,0.0
xgb_fs1,feature_1009,0.0
xgb_fs1,feature_1010,0.0
xgb_fs1,feature_1011,0.0
xgb_fs1,feature_1012,0.0
xgb_fs1,feature_1013,0.0
xgb_fs1,feature_1016,0.0
xgb_fs1,feature_1017,0.0
xgb_fs1,feature_1018,0.0
xgb_fs1,feature_1019,0.0
xgb_fs1,feature_1020,0.0
xgb_fs1,feature_1021,0.0
xgb_fs1,feature_1022,0.0
xgb_fs1,feature_1023,0.0
xgb_fs1,feature_1024,0.0
xgb_fs1,feature_1025,0.0
xgb_fs1,feature_1026,0.0
xgb_fs1,feature_1028,0.0
xgb_fs1,feature_1029,0.0
xgb_fs1,feature_1033,0.0
xgb_fs1,feature_1034,0.0
xgb_fs1,feature_1035,0.0
xgb_fs1,feature_1036,0.0
xgb_fs1,feature_1037,0.0
xgb_fs1,feature_1038,0.0
xgb_fs1,feature_1039,0.0
xgb_fs1,feature_1040,0.0
xgb_fs1,feature_1045,0.0
xgb_fs1,feature_1046,0.0
xgb_fs1,feature_1047,0.0
xgb_fs1,feature_1048,0.0
xgb_fs1,feature_1049,0.0
xgb_fs1,feature_1050,0.0
xgb_fs1,feature_1051,0.0
xgb_fs1,feature_1052,0.0
xgb_fs1,feature_1053,0.0
xgb_fs1,feature_1054,0.0
xgb_fs1,feature_1055,0.0
xgb_fs1,feature_1056,0.0
xgb_fs1,feature_1057,0.0
xgb_fs1,feature_1058,0.0
xgb_fs1,feature_1059,0.0
xgb_fs1,feature_1061,0.0
xgb_fs1,feature_1062,0.0
xgb_fs1,feature_1063,0.0
xgb_fs1,feature_1064,0.0
xgb_fs1,feature_1066,0.0
xgb_fs1,feature_1067,0.0
xgb_fs1,feature_1068,0.0
xgb_fs1,feature_1069,0.0
xgb_fs1,feature_1071,0.0
xgb_fs1,feature_1072,0.0
xgb_fs1,feature_1075,0.0
xgb_fs1,feature_1076,0.0
xgb_fs1,feature_1077,0.0
xgb_fs1,feature_1078,0.0
xgb_fs1,feature_1079,0.0
xgb_fs1,feature_1080,0.0
xgb_fs1,feature_1082,0.0
xgb_fs1,feature_1086,0.0
xgb_fs1,feature_1089,0.0
xgb_fs1,feature_1091,0.0
xgb_fs1,feature_1092,0.0
xgb_fs1,feature_1095,0.0
xgb_fs1,feature_1096,0.0
xgb_fs1,feature_1097,0.0
xgb_fs1,feature_1098,0.0
xgb_fs1,feature_1099,0.0
xgb_fs1,feature_1100,0.0
xgb_fs1,feature_1101,0.0
xgb_fs1,feature_1102,0.0
xgb_fs1,feature_1103,0.0
xgb_fs1,feature_1105,0.0
xgb_fs1,feature_1108,0.0
xgb_fs1,feature_1109,0.0
xgb_fs1,feature_1110,0.0
xgb_fs1,feature_1111,0.0
xgb_fs1,feature_1112,0.0
xgb_fs1,feature_1113,0.0
xgb_fs1,feature_1114,0.0
xgb_fs1,feature_1115,0.0
xgb_fs1,feature_1116,0.0
xgb_fs1,feature_1117,0.0
xgb_fs1,feature_1118,0.0
xgb_fs1,feature_1119,0.0
xgb_fs1,feature_1121,0.0
xgb_fs1,feature_1122,0.0
xgb_fs1,feature_1124,0.0
xgb_fs1,feature_1126,0.0
xgb_fs1,feature_1127,0.0
xgb_fs1,feature_1128,0.0
xgb_fs1,feature_1129,0.0
xgb_fs1,feature_1130,0.0
xgb_fs1,feature_1132,0.0
xgb_fs1,feature_1133,0.0
xgb_fs1,feature_1134,0.0
xgb_fs1,feature_1135,0.0
xgb_fs1,feature_1136,0.0
xgb_fs1,feature_1137,0.0
xgb_fs1,feature_1138,0.0
xgb_fs1,feature_1140,0.0
xgb_fs1,feature_1141,0.0
xgb_fs1,feature_1142,0.0
xgb_fs1,feature_1143,0.0
xgb_fs1,feature_1144,0.0
xgb_fs1,feature_1145,0.0
xgb_fs1,feature_1146,0.0
xgb_fs1,feature_1147,0.0
xgb_fs1,feature_1149,0.0
xgb_fs1,feature_1150,0.0
xgb_fs1,feature_1151,0.0
xgb_fs1,feature_1154,0.0
xgb_fs1,feature_1155,0.0
xgb_fs1,feature_1156,0.0
xgb_fs1,feature_1158,0.0
xgb_fs1,feature_1159,0.0
xgb_fs1,feature_1160,0.0
xgb_fs1,feature_1161,0.0
xgb_fs1,feature_1162,0.0
xgb_fs1,feature_1163,0.0
xgb_fs1,feature_1164,0.0
xgb_fs1,feature_1165,0.0
xgb_fs1,feature_1166,0.0
xgb_fs1,feature_1167,0.0
xgb_fs1,feature_1168,0.0
xgb_fs1,feature_1169,0.0
xgb_fs1,feature_1170,0.0
xgb_fs1,feature_1172,0.0
xgb_fs1,feature_1173,0.0
xgb_fs1,feature_1174,0.0
xgb_fs1,feature_1175,0.0
xgb_fs1,feature_1176,0.0
xgb_fs1,feature_1178,0.0
xgb_fs1,feature_1179,0.0
xgb_fs1,feature_1180,0.0
xgb_fs1,feature_1181,0.0
xgb_fs1,feature_1182,0.0
xgb_fs1,feature_1183,0.0
xgb_fs1,feature_1184,0.0
xgb_fs1,feature_1185,0.0
xgb_fs1,feature_1186,0.0
xgb_fs1,feature_1188,0.0
xgb_fs1,feature_1189,0.0
xgb_fs1,feature_1190,0.0
xgb_fs1,feature_1191,0.0
xgb_fs1,feature_1192,0.0
xgb_fs1,feature_1193,0.0
xgb_fs1,feature_1194,0.0
xgb_fs1,feature_1195,0.0
xgb_fs1,feature_1196,0.0
xgb_fs1,feature_1197,0.0
xgb_fs1,feature_1198,0.0
xgb_fs1,feature_1199,0.0
xgb_fs1,feature_1200,0.0
xgb_fs1,feature_1201,0.0
xgb_fs1,feature_1202,0.0
xgb_fs1,feature_1203,0.0
xgb_fs1,feature_1204,0.0
xgb_fs1,feature_1205,0.0
xgb_fs1,feature_1206,0.0
xgb_fs1,feature_1207,0.0
xgb_fs1,feature_1208,0.0
xgb_fs1,feature_1209,0.0
xgb_fs1,feature_1210,0.0
xgb_fs1,feature_1211,0.0
xgb_fs1,feature_1212,0.0
xgb_fs1,feature_1213,0.0
xgb_fs1,feature_1214,0.0
xgb_fs1,feature_1216,0.0
xgb_fs1,feature_1217,0.0
xgb_fs1,feature_1218,0.0
xgb_fs1,feature_1219,0.0
xgb_fs1,feature_1220,0.0
xgb_fs1,feature_1221,0.0
xgb_fs1,feature_1222,0.0
xgb_fs1,feature_1225,0.0
xgb_fs1,feature_1226,0.0
xgb_fs1,feature_1227,0.0
xgb_fs1,feature_1228,0.0
xgb_fs1,feature_1229,0.0
xgb_fs1,feature_1230,0.0
xgb_fs1,feature_1231,0.0
xgb_fs1,feature_1232,0.0
xgb_fs1,feature_1233,0.0
xgb_fs1,feature_1234,0.0
xgb_fs1,feature_1235,0.0
xgb_fs1,feature_1236,0.0
xgb_fs1,feature_1238,0.0
xgb_fs1,feature_1239,0.0
xgb_fs1,feature_1240,0.0
xgb_fs1,feature_1241,0.0
xgb_fs1,feature_1242,0.0
xgb_fs1,feature_1243,0.0
xgb_fs1,feature_1244,0.0
xgb_fs1,feature_1245,0.0
xgb_fs1,feature_1246,0.0
xgb_fs1,feature_1247,0.0
xgb_fs1,feature_1248,0.0
xgb_fs1,feature_1250,0.0
xgb_fs1,feature_1251,0.0
xgb_fs1,feature_1254,0.0
xgb_fs1,feature_1255,0.0
xgb_fs1,feature_1256,0.0
xgb_fs1,feature_1257,0.0
xgb_fs1,feature_1258,0.0
xgb_fs1,feature_1261,0.0
xgb_fs1,feature_1262,0.0
xgb_fs1,feature_1263,0.0
xgb_fs1,feature_1264,0.0
xgb_fs1,feature_1265,0.0
xgb_fs1,feature_1266,0.0
xgb_fs1,feature_1267,0.0
xgb_fs1,feature_1268,0.0
xgb_fs1,feature_1269,0.0
xgb_fs1,feature_1270,0.0
xgb_fs1,feature_1271,0.0
xgb_fs1,feature_1272,0.0
xgb_fs1,feature_1273,0.0
xgb_fs1,feature_1274,0.0
xgb_fs1,feature_1275,0.0
xgb_fs1,feature_1276,0.0
xgb_fs1,feature_1277,0.0
xgb_fs1,feature_1278,0.0
xgb_fs1,feature_1280,0.0
xgb_fs1,feature_1282,0.0
xgb_fs1,feature_1283,0.0
xgb_fs1,feature_1287,0.0
xgb_fs1,feature_1288,0.0
xgb_fs1,feature_1289,0.0
xgb_fs1,feature_1290,0.0
xgb_fs1,feature_1291,0.0
xgb_fs1,feature_1292,0.0
xgb_fs1,feature_1294,0.0
xgb_fs1,feature_1295,0.0
xgb_fs1,feature_1296,0.0
xgb_fs1,feature_1297,0.0
xgb_fs1,feature_1298,0.0
xgb_fs1,feature_1300,0.0
xgb_fs1,feature_1301,0.0
xgb_fs1,feature_1302,0.0
xgb_fs1,feature_1303,0.0
xgb_fs1,feature_1304,0.0
xgb_fs1,feature_1305,0.0
xgb_fs1,feature_1306,0.0
xgb_fs1,feature_1307,0.0
xgb_fs1,feature_1308,0.0
xgb_fs1,feature_1309,0.0
xgb_fs1,feature_1310,0.0
xgb_fs1,feature_1311,0.0
xgb_fs1,feature_1312,0.0
xgb_fs1,feature_1313,0.0
xgb_fs1,feature_1314,0.0
xgb_fs1,feature_1315,0.0
xgb_fs1,feature_1316,0.0
xgb_fs1,feature_1317,0.0
xgb_fs1,feature_1318,0.0
xgb_fs1,feature_1319,0.0
xgb_fs1,feature_1320,0.0
xgb_fs1,feature_1321,0.0
xgb_fs1,feature_1322,0.0
xgb_fs1,feature_1323,0.0
xgb_fs1,feature_1324,0.0
xgb_fs1,feature_1325,0.0
xgb_fs1,feature_1326,0.0
xgb_fs1,feature_1327,0.0
xgb_fs1,feature_1328,0.0
xgb_fs1,feature_1329,0.0
xgb_fs1,feature_1330,0.0
xgb_fs1,feature_1331,0.0
xgb_fs1,feature_1332,0.0
xgb_fs1,feature_1333,0.0
xgb_fs1,feature_1334,0.0
xgb_fs1,feature_1336,0.0
xgb_fs1,feature_1338,0.0
xgb_fs1,feature_1339,0.0
xgb_fs1,feature_1340,0.0
xgb_fs1,feature_1342,0.0
xgb_fs1,feature_1344,0.0
xgb_fs1,feature_1345,0.0
xgb_fs1,feature_1347,0.0
xgb_fs1,feature_1348,0.0
xgb_fs1,feature_1349,0.0
xgb_fs1,feature_1350,0.0
xgb_fs1,feature_1351,0.0
xgb_fs1,feature_1352,0.0
xgb_fs1,feature_1353,0.0
xgb_fs1,feature_1354,0.0
xgb_fs1,feature_1355,0.0
xgb_fs1,feature_1356,0.0
xgb_fs1,feature_1359,0.0
xgb_fs1,feature_1360,0.0
xgb_fs1,feature_1361,0.0
xgb_fs1,feature_1362,0.0
xgb_fs1,feature_1363,0.0
xgb_fs1,feature_1364,0.0
xgb_fs1,feature_1365,0.0
xgb_fs1,feature_1366,0.0
xgb_fs1,feature_1367,0.0
xgb_fs1,feature_1368,0.0
xgb_fs1,feature_1370,0.0
xgb_fs1,feature_1372,0.0
xgb_fs1,feature_1373,0.0
xgb_fs1,feature_1374,0.0
xgb_fs1,feature_1375,0.0
xgb_fs1,feature_1376,0.0
xgb_fs1,feature_1377,0.0
xgb_fs1,feature_1378,0.0
xgb_fs1,feature_1379,0.0
xgb_fs1,feature_1380,0.0
xgb_fs1,feature_1381,0.0
xgb_fs1,feature_1383,0.0
xgb_fs1,feature_1384,0.0
xgb_fs1,feature_1385,0.0
xgb_fs1,feature_1387,0.0
xgb_fs1,feature_1388,0.0
xgb_fs1,feature_1389,0.0
xgb_fs1,feature_1390,0.0
xgb_fs1,feature_1391,0.0
xgb_fs1,feature_1392,0.0
xgb_fs1,feature_1393,0.0
xgb_fs1,feature_1394,0.0
xgb_fs1,feature_1396,0.0
xgb_fs1,feature_1397,0.0
xgb_fs1,feature_1398,0.0
xgb_fs1,feature_1400,0.0
xgb_fs1,feature_1402,0.0
xgb_fs1,feature_1404,0.0
xgb_fs1,feature_1405,0.0
xgb_fs1,feature_1406,0.0
xgb_fs1,feature_1408,0.0
xgb_fs1,feature_1410,0.0
xgb_fs1,feature_1411,0.0
xgb_fs1,feature_1413,0.0
xgb_fs1,feature_1414,0.0
xgb_fs1,feature_1416,0.0
xgb_fs1,feature_1417,0.0
xgb_fs1,feature_1418,0.0
xgb_fs1,feature_1419,0.0
xgb_fs1,feature_1421,0.0
xgb_fs1,feature_1423,0.0
xgb_fs1,feature_1424,0.0
xgb_fs1,feature_1425,0.0
xgb_fs1,feature_1426,0.0
xgb_fs1,feature_1427,0.0
xgb_fs1,feature_1428,0.0
xgb_fs1,feature_1429,0.0
xgb_fs1,feature_1430,0.0
xgb_fs1,feature_1431,0.0
xgb_fs1,feature_1432,0.0
xgb_fs1,feature_1433,0.0
xgb_fs1,feature_1434,0.0
xgb_fs1,feature_1437,0.0
xgb_fs1,feature_1439,0.0
xgb_fs1,feature_1440,0.0
xgb_fs1,feature_1442,0.0
xgb_fs1,feature_1444,0.0
xgb_fs1,feature_1445,0.0
xgb_fs1,feature_1446,0.0
xgb_fs1,feature_1448,0.0
xgb_fs1,feature_1450,0.0
xgb_fs1,feature_1451,0.0
xgb_fs1,feature_1452,0.0
xgb_fs1,feature_1454,0.0
xgb_fs1,feature_1455,0.0
xgb_fs1,feature_1456,0.0
xgb_fs1,feature_1457,0.0
xgb_fs1,feature_1458,0.0
xgb_fs1,feature_1459,0.0
xgb_fs1,feature_1460,0.0
xgb_fs1,feature_1461,0.0
xgb_fs1,feature_1462,0.0
xgb_fs1,feature_1463,0.0
xgb_fs1,feature_1464,0.0
xgb_fs1,feature_1465,0.0
xgb_fs1,feature_1467,0.0
xgb_fs1,feature_1468,0.0
xgb_fs1,feature_1470,0.0
xgb_fs1,feature_1471,0.0
xgb_fs1,feature_1473,0.0
xgb_fs1,feature_1474,0.0
xgb_fs1,feature_1475,0.0
xgb_fs1,feature_1476,0.0
xgb_fs1,feature_1477,0.0
xgb_fs1,feature_1479,0.0
xgb_fs1,feature_1480,0.0
xgb_fs1,feature_1481,0.0
xgb_fs1,feature_1482,0.0
xgb_fs1,feature_1483,0.0
xgb_fs1,feature_1484,0.0
xgb_fs1,feature_1485,0.0
xgb_fs1,feature_1486,0.0
xgb_fs1,feature_1487,0.0
xgb_fs1,feature_1488,0.0
xgb_fs1,feature_1489,0.0
xgb_fs1,feature_1490,0.0
xgb_fs1,feature_1491,0.0
xgb_fs1,feature_1492,0.0
xgb_fs1,feature_1493,0.0
xgb_fs1,feature_1495,0.0
xgb_fs1,feature_1496,0.0
xgb_fs1,feature_1497,0.0
xgb_fs1,feature_1498,0.0
xgb_fs1,feature_1499,0.0
xgb_fs1,feature_1502,0.0
xgb_fs1,feature_1503,0.0
xgb_fs1,feature_1504,0.0
xgb_fs1,feature_1506,0.0
xgb_fs1,feature_1508,0.0
xgb_fs1,feature_1509,0.0
xgb_fs1,feature_1510,0.0
xgb_fs1,feature_1513,0.0
xgb_fs1,feature_1514,0.0
xgb_fs1,feature_1515,0.0
xgb_fs1,feature_1517,0.0
xgb_fs1,feature_1519,0.0
xgb_fs1,feature_1520,0.0
xgb_fs1,feature_1521,0.0
xgb_fs1,feature_1522,0.0
xgb_fs1,feature_1523,0.0
xgb_fs1,feature_1524,0.0
xgb_fs1,feature_1525,0.0
xgb_fs1,feature_1526,0.0
xgb_fs1,feature_1527,0.0
xgb_fs1,feature_1528,0.0
xgb_fs1,feature_1529,0.0
xgb_fs1,feature_1531,0.0
xgb_fs1,feature_1532,0.0
xgb_fs1,feature_1534,0.0
xgb_fs1,feature_1535,0.0
xgb_fs1,feature_1536,0.0
xgb_fs1,feature_1537,0.0
xgb_fs1,feature_1538,0.0
xgb_fs1,feature_1539,0.0
xgb_fs1,feature_1540,0.0
xgb_fs1,feature_1544,0.0
xgb_fs1,feature_1545,0.0
xgb_fs1,feature_1546,0.0
xgb_fs1,feature_1547,0.0
xgb_fs1,feature_1549,0.0
xgb_fs1,feature_1550,0.0
xgb_fs1,feature_1552,0.0
xgb_fs1,feature_1553,0.0
xgb_fs1,feature_1554,0.0
xgb_fs1,feature_1555,0.0
xgb_fs1,feature_1557,0.0
xgb_fs1,feature_1558,0.0
xgb_fs1,feature_1559,0.0
xgb_fs1,feature_1561,0.0
xgb_fs1,feature_1562,0.0
xgb_fs1,feature_1563,0.0
xgb_fs1,feature_1564,0.0
xgb_fs1,feature_1565,0.0
xgb_fs1,feature_1566,0.0
xgb_fs1,feature_1567,0.0
xgb_fs1,feature_1568,0.0
xgb_fs1,feature_1569,0.0
xgb_fs1,feature_1570,0.0
xgb_fs1,feature_1571,0.0
xgb_fs1,feature_1573,0.0
xgb_fs1,feature_1574,0.0
xgb_fs1,feature_1575,0.0
xgb_fs1,feature_1576,0.0
xgb_fs1,feature_1577,0.0
xgb_fs1,feature_1578,0.0
xgb_fs1,feature_1579,0.0
xgb_fs1,feature_1580,0.0
xgb_fs1,feature_1582,0.0
xgb_fs1,feature_1585,0.0
xgb_fs1,feature_1588,0.0
xgb_fs1,feature_1590,0.0
xgb_fs1,feature_1591,0.0
xgb_fs1,feature_1594,0.0
xgb_fs1,feature_1595,0.0
xgb_fs1,feature_1600,0.0
xgb_fs1,feature_1601,0.0
xgb_fs1,feature_1602,0.0
xgb_fs1,feature_1603,0.0
xgb_fs1,feature_1604,0.0
xgb_fs1,feature_1605,0.0
xgb_fs1,feature_1606,0.0
xgb_fs1,feature_1607,0.0
xgb_fs1,feature_1609,0.0
xgb_fs1,feature_1610,0.0
xgb_fs1,feature_1611,0.0
xgb_fs1,feature_1612,0.0
xgb_fs1,feature_1613,0.0
xgb_fs1,feature_1614,0.0
xgb_fs1,feature_1615,0.0
xgb_fs1,feature_1616,0.0
xgb_fs1,feature_1618,0.0
xgb_fs1,feature_1619,0.0
xgb_fs1,feature_1620,0.0
xgb_fs1,feature_1622,0.0
xgb_fs1,feature_1623,0.0
xgb_fs1,feature_1624,0.0
xgb_fs1,feature_1625,0.0
xgb_fs1,feature_1626,0.0
xgb_fs1,feature_1627,0.0
xgb_fs1,feature_1628,0.0
xgb_fs1,feature_1629,0.0
xgb_fs1,feature_1631,0.0
xgb_fs1,feature_1632,0.0
xgb_fs1,feature_1635,0.0
xgb_fs1,feature_1636,0.0
xgb_fs1,feature_1637,0.0
xgb_fs1,feature_1638,0.0
xgb_fs1,feature_1639,0.0
xgb_fs1,feature_1640,0.0
xgb_fs1,feature_1641,0.0
xgb_fs1,feature_1642,0.0
xgb_fs1,feature_1643,0.0
xgb_fs1,feature_1644,0.0
xgb_fs1,feature_1645,0.0
xgb_fs1,feature_1646,0.0
xgb_fs1,feature_1647,0.0
xgb_fs1,feature_1648,0.0
xgb_fs1,feature_1649,0.0
xgb_fs1,feature_1650,0.0
xgb_fs1,feature_1652,0.0
xgb_fs1,feature_1653,0.0
xgb_fs1,feature_1654,0.0
xgb_fs1,feature_1655,0.0
xgb_fs1,feature_1657,0.0
xgb_fs1,feature_1658,0.0
xgb_fs1,feature_1659,0.0
xgb_fs1,feature_1660,0.0
xgb_fs1,feature_1661,0.0
xgb_fs1,feature_1662,0.0
xgb_fs1,feature_1663,0.0
xgb_fs1,feature_1664,0.0
xgb_fs1,feature_1666,0.0
xgb_fs1,feature_1668,0.0
xgb_fs1,feature_1669,0.0
xgb_fs1,feature_1670,0.0
xgb_fs1,feature_1671,0.0
xgb_fs1,feature_1672,0.0
xgb_fs1,feature_1674,0.0
xgb_fs1,feature_1675,0.0
xgb_fs1,feature_1676,0.0
xgb_fs1,feature_1677,0.0
xgb_fs1,feature_1678,0.0
xgb_fs1,feature_1679,0.0
xgb_fs1,feature_1680,0.0
xgb_fs1,feature_1681,0.0
xgb_fs1,feature_1682,0.0
xgb_fs1,feature_1683,0.0
xgb_fs1,feature_1684,0.0
xgb_fs1,feature_1685,0.0
xgb_fs1,feature_1688,0.0
xgb_fs1,feature_1689,0.0
xgb_fs1,feature_1690,0.0
xgb_fs1,feature_1691,0.0
xgb_fs1,feature_1692,0.0
xgb_fs1,feature_1694,0.0
xgb_fs1,feature_1695,0.0
xgb_fs1,feature_1696,0.0
xgb_fs1,feature_1697,0.0
xgb_fs1,feature_1699,0.0
xgb_fs1,feature_1700,0.0
xgb_fs1,feature_1702,0.0
xgb_fs1,feature_1703,0.0
xgb_fs1,feature_1704,0.0
xgb_fs1,feature_1706,0.0
xgb_fs1,feature_1707,0.0
xgb_fs1,feature_1708,0.0
xgb_fs1,feature_1709,0.0
xgb_fs1,feature_1710,0.0
xgb_fs1,feature_1711,0.0
xgb_fs1,feature_1712,0.0
xgb_fs1,feature_1713,0.0
xgb_fs1,feature_1714,0.0
xgb_fs1,feature_1715,0.0
xgb_fs1,feature_1717,0.0
xgb_fs1,feature_1718,0.0
xgb_fs1,feature_1719,0.0
xgb_fs1,feature_1720,0.0
xgb_fs1,feature_1721,0.0
xgb_fs1,feature_1722,0.0
xgb_fs1,feature_1723,0.0
xgb_fs1,feature_1724,0.0
xgb_fs1,feature_1725,0.0
xgb_fs1,feature_1727,0.0
xgb_fs1,feature_1728,0.0
xgb_fs1,feature_1730,0.0
xgb_fs1,feature_1731,0.0
xgb_fs1,feature_1734,0.0
xgb_fs1,feature_1735,0.0
xgb_fs1,feature_1736,0.0
xgb_fs1,feature_1737,0.0
xgb_fs1,feature_1739,0.0
xgb_fs1,feature_1740,0.0
xgb_fs1,feature_1742,0.0
xgb_fs1,feature_1743,0.0
xgb_fs1,feature_1744,0.0
xgb_fs1,feature_1745,0.0
xgb_fs1,feature_1746,0.0
xgb_fs1,feature_1749,0.0
xgb_fs1,feature_1750,0.0
xgb_fs1,feature_1751,0.0
xgb_fs1,feature_1752,0.0
xgb_fs1,feature_1754,0.0
xgb_fs1,feature_1755,0.0
xgb_fs1,feature_1756,0.0
xgb_fs1,feature_1757,0.0
xgb_fs1,feature_1758,0.0
xgb_fs1,feature_1759,0.0
xgb_fs1,feature_1760,0.0
xgb_fs1,feature_1761,0.0
xgb_fs1,feature_1762,0.0
xgb_fs1,feature_1763,0.0
xgb_fs1,feature_1764,0.0
xgb_fs1,feature_1765,0.0
xgb_fs1,feature_1768,0.0
xgb_fs1,feature_1769,0.0
xgb_fs1,feature_1770,0.0
xgb_fs1,feature_1772,0.0
xgb_fs1,feature_1775,0.0
xgb_fs1,feature_1777,0.0
xgb_fs1,feature_1778,0.0
xgb_fs1,feature_1779,0.0
xgb_fs1,feature_1780,0.0
xgb_fs1,feature_1781,0.0
xgb_fs1,feature_1782,0.0
xgb_fs1,feature_1784,0.0
xgb_fs1,feature_1786,0.0
xgb_fs1,feature_1787,0.0
xgb_fs1,feature_1788,0.0
xgb_fs1,feature_1789,0.0
xgb_fs1,feature_1790,0.0
xgb_fs1,feature_1791,0.0
xgb_fs1,feature_1793,0.0
xgb_fs1,feature_1794,0.0
xgb_fs1,feature_1796,0.0
xgb_fs1,feature_1797,0.0
xgb_fs1,feature_1798,0.0
xgb_fs1,feature_1799,0.0
xgb_fs1,feature_1800,0.0
xgb_fs1,feature_1801,0.0
xgb_fs1,feature_1802,0.0
xgb_fs1,feature_1803,0.0
xgb_fs1,feature_1804,0.0
xgb_fs1,feature_1805,0.0
xgb_fs1,feature_1806,0.0
xgb_fs1,feature_1807,0.0
xgb_fs1,feature_1808,0.0
xgb_fs1,feature_1809,0.0
xgb_fs1,feature_1811,0.0
xgb_fs1,feature_1812,0.0
xgb_fs1,feature_1813,0.0
xgb_fs1,feature_1814,0.0
xgb_fs1,feature_1815,0.0
xgb_fs1,feature_1816,0.0
xgb_fs1,feature_1817,0.0
xgb_fs1,feature_1820,0.0
xgb_fs1,feature_1821,0.0
xgb_fs1,feature_1822,0.0
xgb_fs1,feature_1823,0.0
xgb_fs1,feature_1824,0.0
xgb_fs1,feature_1826,0.0
xgb_fs1,feature_1827,0.0
xgb_fs1,feature_1828,0.0
xgb_fs1,feature_1829,0.0
xgb_fs1,feature_1830,0.0
xgb_fs1,feature_1831,0.0
xgb_fs1,feature_1832,0.0
xgb_fs1,feature_1833,0.0
xgb_fs1,feature_1834,0.0
xgb_fs1,feature_1835,0.0
xgb_fs1,feature_1837,0.0
xgb_fs1,feature_1838,0.0
xgb_fs1,feature_1839,0.0
xgb_fs1,feature_1840,0.0
xgb_fs1,feature_1842,0.0
xgb_fs1,feature_1843,0.0
xgb_fs1,feature_1844,0.0
xgb_fs1,feature_1845,0.0
xgb_fs1,feature_1847,0.0
xgb_fs1,feature_1848,0.0
xgb_fs1,feature_1849,0.0
xgb_fs1,feature_1850,0.0
xgb_fs1,feature_1851,0.0
xgb_fs1,feature_1852,0.0
xgb_fs1,feature_1853,0.0
xgb_fs1,feature_1854,0.0
xgb_fs1,feature_1856,0.0
xgb_fs1,feature_1857,0.0
xgb_fs1,feature_1858,0.0
xgb_fs1,feature_1859,0.0
xgb_fs1,feature_1861,0.0
xgb_fs1,feature_1862,0.0
xgb_fs1,feature_1863,0.0
xgb_fs1,feature_1864,0.0
xgb_fs1,feature_1865,0.0
xgb_fs1,feature_1867,0.0
xgb_fs1,feature_1868,0.0
xgb_fs1,feature_1869,0.0
xgb_fs1,feature_1872,0.0
xgb_fs1,feature_1873,0.0
xgb_fs1,feature_1874,0.0
xgb_fs1,feature_1876,0.0
xgb_fs1,feature_1877,0.0
xgb_fs1,feature_1878,0.0
xgb_fs1,feature_1880,0.0
xgb_fs1,feature_1881,0.0
xgb_fs1,feature_1883,0.0
xgb_fs1,feature_1884,0.0
xgb_fs1,feature_1885,0.0
xgb_fs1,feature_1886,0.0
xgb_fs1,feature_1887,0.0
xgb_fs1,feature_1888,0.0
xgb_fs1,feature_1889,0.0
xgb_fs1,feature_1891,0.0
xgb_fs1,feature_1892,0.0
xgb_fs1,feature_1893,0.0
xgb_fs1,feature_1895,0.0
xgb_fs1,feature_1896,0.0
xgb_fs1,feature_1897,0.0
xgb_fs1,feature_1898,0.0
xgb_fs1,feature_1900,0.0
xgb_fs1,feature_1901,0.0
xgb_fs1,feature_1902,0.0
xgb_fs1,feature_1903,0.0
xgb_fs1,feature_1904,0.0
xgb_fs1,feature_1905,0.0
xgb_fs1,feature_1907,0.0
xgb_fs1,feature_1908,0.0
xgb_fs1,feature_1909,0.0
xgb_fs1,feature_1910,0.0
xgb_fs1,feature_1911,0.0
xgb_fs1,feature_1913,0.0
xgb_fs1,feature_1914,0.0
xgb_fs1,feature_1915,0.0
xgb_fs1,feature_1916,0.0
xgb_fs1,feature_1917,0.0
xgb_fs1,feature_1918,0.0
xgb_fs1,feature_1919,0.0
xgb_fs1,feature_1920,0.0
xgb_fs1,feature_1922,0.0
xgb_fs1,feature_1924,0.0
xgb_fs1,feature_1925,0.0
xgb_fs1,feature_1926,0.0
xgb_fs1,feature_1927,0.0
xgb_fs1,feature_1928,0.0
xgb_fs1,feature_1929,0.0
xgb_fs1,feature_1930,0.0
xgb_fs1,feature_1931,0.0
xgb_fs1,feature_1933,0.0
xgb_fs1,feature_1934,0.0
xgb_fs1,feature_1935,0.0
xgb_fs1,feature_1936,0.0
xgb_fs1,feature_1938,0.0
xgb_fs1,feature_1940,0.0
xgb_fs1,feature_1942,0.0
xgb_fs1,feature_1943,0.0
xgb_fs1,feature_1944,0.0
xgb_fs1,feature_1945,0.0
xgb_fs1,feature_1946,0.0
xgb_fs1,feature_1948,0.0
xgb_fs1,feature_1950,0.0
xgb_fs1,feature_1951,0.0
xgb_fs1,feature_1952,0.0
xgb_fs1,feature_1953,0.0
xgb_fs1,feature_1954,0.0
xgb_fs1,feature_1955,0.0
xgb_fs1,feature_1957,0.0
xgb_fs1,feature_1958,0.0
xgb_fs1,feature_1959,0.0
xgb_fs1,feature_1960,0.0
xgb_fs1,feature_1961,0.0
xgb_fs1,feature_1962,0.0
xgb_fs1,feature_1964,0.0
xgb_fs1,feature_1965,0.0
xgb_fs1,feature_1966,0.0
xgb_fs1,feature_1968,0.0
xgb_fs1,feature_1969,0.0
xgb_fs1,feature_1971,0.0
xgb_fs1,feature_1972,0.0
xgb_fs1,feature_1973,0.0
xgb_fs1,feature_1974,0.0
xgb_fs1,feature_1975,0.0
xgb_fs1,feature_1976,0.0
xgb_fs1,feature_1977,0.0
xgb_fs1,feature_1979,0.0
xgb_fs1,feature_1980,0.0
xgb_fs1,feature_1981,0.0
xgb_fs1,feature_1982,0.0
xgb_fs1,feature_1983,0.0
xgb_fs1,feature_1984,0.0
xgb_fs1,feature_1985,0.0
xgb_fs1,feature_1986,0.0
xgb_fs1,feature_1987,0.0
xgb_fs1,feature_1988,0.0
xgb_fs1,feature_1989,0.0
xgb_fs1,feature_1990,0.0
xgb_fs1,feature_1991,0.0
xgb_fs1,feature_1993,0.0
xgb_fs1,feature_1994,0.0
xgb_fs1,feature_1995,0.0
xgb_fs1,feature_1996,0.0
xgb_fs1,feature_1997,0.0
xgb_fs1,feature_1998,0.0
xgb_fs1,feature_1999,0.0
xgb_fs1,feature_2000,0.0
xgb_fs1,feature_2001,0.0
xgb_fs1,feature_2002,0.0
xgb_fs1,feature_2004,0.0
xgb_fs1,feature_2005,0.0
xgb_fs1,feature_2006,0.0
xgb_fs1,feature_2007,0.0
xgb_fs1,feature_2008,0.0
xgb_fs1,feature_2009,0.0
xgb_fs1,feature_2012,0.0
xgb_fs1,feature_2014,0.0
xgb_fs1,feature_2015,0.0
xgb_fs1,feature_2016,0.0
xgb_fs1,feature_2017,0.0
xgb_fs1,feature_2018,0.0
xgb_fs1,feature_2020,0.0
xgb_fs1,feature_2021,0.0
xgb_fs1,feature_2022,0.0
xgb_fs1,feature_2024,0.0
xgb_fs1,feature_2025,0.0
xgb_fs1,feature_2027,0.0
xgb_fs1,feature_2028,0.0
xgb_fs1,feature_2029,0.0
xgb_fs1,feature_2030,0.0
xgb_fs1,feature_2031,0.0
xgb_fs1,feature_2032,0.0
xgb_fs1,feature_2033,0.0
xgb_fs1,feature_2035,0.0
xgb_fs1,feature_2036,0.0
xgb_fs1,feature_2037,0.0
xgb_fs1,feature_2038,0.0
xgb_fs1,feature_2039,0.0
xgb_fs1,feature_2041,0.0
xgb_fs1,feature_2042,0.0
xgb_fs1,feature_2043,0.0
xgb_fs1,feature_2044,0.0
xgb_fs1,feature_2045,0.0
xgb_fs1,feature_2049,0.0
xgb_fs1,feature_2050,0.0
xgb_fs1,feature_2051,0.0
xgb_fs1,feature_2052,0.0
xgb_fs1,feature_2053,0.0
xgb_fs1,feature_2054,0.0
xgb_fs1,feature_2055,0.0
xgb_fs1,feature_2056,0.0
xgb_fs1,feature_2057,0.0
xgb_fs1,feature_2058,0.0
xgb_fs1,feature_2061,0.0
xgb_fs1,feature_2062,0.0
xgb_fs1,feature_2065,0.0
xgb_fs1,feature_2067,0.0
xgb_fs1,feature_2068,0.0
xgb_fs1,feature_2070,0.0
xgb_fs1,feature_2071,0.0
xgb_fs1,feature_2072,0.0
xgb_fs1,feature_2073,0.0
xgb_fs1,feature_2074,0.0
xgb_fs1,feature_2076,0.0
xgb_fs1,feature_2077,0.0
xgb_fs1,feature_2078,0.0
xgb_fs1,feature_2080,0.0
xgb_fs1,feature_2081,0.0
xgb_fs1,feature_2082,0.0
xgb_fs1,feature_2083,0.0
xgb_fs1,feature_2084,0.0
xgb_fs1,feature_2085,0.0
xgb_fs1,feature_2086,0.0
xgb_fs1,feature_2087,0.0
xgb_fs1,feature_2088,0.0
xgb_fs1,feature_2089,0.0
xgb_fs1,feature_2090,0.0
xgb_fs1,feature_2091,0.0
xgb_fs1,feature_2094,0.0
xgb_fs1,feature_2095,0.0
xgb_fs1,feature_2097,0.0
xgb_fs1,feature_2098,0.0
xgb_fs1,feature_2099,0.0
xgb_fs1,feature_2101,0.0
xgb_fs1,feature_2102,0.0
xgb_fs1,feature_2103,0.0
xgb_fs1,feature_2104,0.0
xgb_fs1,feature_2106,0.0
xgb_fs1,feature_2107,0.0
xgb_fs1,feature_2108,0.0
xgb_fs1,feature_2109,0.0
xgb_fs1,feature_2111,0.0
xgb_fs1,feature_2112,0.0
xgb_fs1,feature_2113,0.0
xgb_fs1,feature_2114,0.0
xgb_fs1,feature_2115,0.0
xgb_fs1,feature_2117,0.0
xgb_fs1,feature_2118,0.0
xgb_fs1,feature_2119,0.0
xgb_fs1,feature_2120,0.0
xgb_fs1,feature_2121,0.0
xgb_fs1,feature_2123,0.0
xgb_fs1,feature_2125,0.0
xgb_fs1,feature_2126,0.0
xgb_fs1,feature_2127,0.0
xgb_fs1,feature_2128,0.0
xgb_fs1,feature_2129,0.0
xgb_fs1,feature_2130,0.0
xgb_fs1,feature_2131,0.0
xgb_fs1,feature_2132,0.0
xgb_fs1,feature_2133,0.0
xgb_fs1,feature_2135,0.0
xgb_fs1,feature_2136,0.0
xgb_fs1,feature_2137,0.0
xgb_fs1,feature_2139,0.0
xgb_fs1,feature_2140,0.0
xgb_fs1,feature_2141,0.0
xgb_fs1,feature_2144,0.0
xgb_fs1,feature_2145,0.0
xgb_fs1,feature_2146,0.0
xgb_fs1,feature_2147,0.0
xgb_fs1,feature_2148,0.0
xgb_fs1,feature_2149,0.0
xgb_fs1,feature_2150,0.0
xgb_fs1,feature_2152,0.0
xgb_fs1,feature_2153,0.0
xgb_fs1,feature_2154,0.0
xgb_fs1,feature_2155,0.0
xgb_fs1,feature_2157,0.0
xgb_fs1,feature_2158,0.0
xgb_fs1,feature_2159,0.0
xgb_fs1,feature_2160,0.0
xgb_fs1,feature_2161,0.0
xgb_fs1,feature_2162,0.0
xgb_fs1,feature_2163,0.0
xgb_fs1,feature_2164,0.0
xgb_fs1,feature_2165,0.0
xgb_fs1,feature_2167,0.0
xgb_fs1,feature_2169,0.0
xgb_fs1,feature_2170,0.0
xgb_fs1,feature_2173,0.0
xgb_fs1,feature_2174,0.0
xgb_fs1,feature_2175,0.0
xgb_fs1,feature_2176,0.0
xgb_fs1,feature_2177,0.0
xgb_fs1,feature_2178,0.0
xgb_fs1,feature_2179,0.0
xgb_fs1,feature_2180,0.0
xgb_fs1,feature_2181,0.0
xgb_fs1,feature_2182,0.0
xgb_fs1,feature_2184,0.0
xgb_fs1,feature_2185,0.0
xgb_fs1,feature_2188,0.0
xgb_fs1,feature_2189,0.0
xgb_fs1,feature_2190,0.0
xgb_fs1,feature_2191,0.0
xgb_fs1,feature_2192,0.0
xgb_fs1,feature_2193,0.0
xgb_fs1,feature_2194,0.0
xgb_fs1,feature_2195,0.0
xgb_fs1,feature_2196,0.0
xgb_fs1,feature_2197,0.0
xgb_fs1,feature_2198,0.0
xgb_fs1,feature_2200,0.0
xgb_fs1,feature_2201,0.0
xgb_fs1,feature_2202,0.0
xgb_fs1,feature_2203,0.0
xgb_fs1,feature_2204,0.0
xgb_fs1,feature_2205,0.0
xgb_fs1,feature_2206,0.0
xgb_fs1,feature_2208,0.0
xgb_fs1,feature_2209,0.0
xgb_fs1,feature_2210,0.0
xgb_fs1,feature_2211,0.0
xgb_fs1,feature_2213,0.0
xgb_fs1,feature_2216,0.0
xgb_fs1,feature_2218,0.0
xgb_fs1,feature_2222,0.0
xgb_fs1,feature_2223,0.0
xgb_fs1,feature_2224,0.0
xgb_fs1,feature_2226,0.0
xgb_fs1,feature_2227,0.0
xgb_fs1,feature_2228,0.0
xgb_fs1,feature_2229,0.0
xgb_fs1,feature_2230,0.0
xgb_fs1,feature_2231,0.0
xgb_fs1,feature_2232,0.0
xgb_fs1,feature_2233,0.0
xgb_fs1,feature_2234,0.0
xgb_fs1,feature_2236,0.0
xgb_fs1,feature_2237,0.0
xgb_fs1,feature_2238,0.0
xgb_fs1,feature_2239,0.0
xgb_fs1,feature_2240,0.0
xgb_fs1,feature_2241,0.0
xgb_fs1,feature_2242,0.0
xgb_fs1,feature_2243,0.0
xgb_fs1,feature_2244,0.0
xgb_fs1,feature_2245,0.0
xgb_fs1,feature_2247,0.0
xgb_fs1,feature_2250,0.0
xgb_fs1,feature_2251,0.0
xgb_fs1,feature_2252,0.0
xgb_fs1,feature_2254,0.0
xgb_fs1,feature_2255,0.0
xgb_fs1,feature_2256,0.0
xgb_fs1,feature_2258,0.0
xgb_fs1,feature_2260,0.0
xgb_fs1,feature_2261,0.0
xgb_fs1,feature_2262,0.0
xgb_fs1,feature_2263,0.0
xgb_fs1,feature_2264,0.0
xgb_fs1,feature_2265,0.0
xgb_fs1,feature_2266,0.0
xgb_fs1,feature_2267,0.0
xgb_fs1,feature_2268,0.0
xgb_fs1,feature_2269,0.0
xgb_fs1,feature_2270,0.0
xgb_fs1,feature_2271,0.0
xgb_fs1,feature_2272,0.0
xgb_fs1,feature_2273,0.0
xgb_fs1,feature_2277,0.0
xgb_fs1,feature_2278,0.0
xgb_fs1,feature_2279,0.0
xgb_fs1,feature_2280,0.0
xgb_fs1,feature_2281,0.0
xgb_fs1,feature_2282,0.0
xgb_fs1,feature_2283,0.0
xgb_fs1,feature_2284,0.0
xgb_fs1,feature_2285,0.0
xgb_fs1,feature_2286,0.0
xgb_fs1,feature_2287,0.0
xgb_fs1,feature_2289,0.0
xgb_fs1,feature_2290,0.0
xgb_fs1,feature_2292,0.0
xgb_fs1,feature_2293,0.0
xgb_fs1,feature_2294,0.0
xgb_fs1,feature_2295,0.0
xgb_fs1,feature_2296,0.0
xgb_fs1,feature_2297,0.0
xgb_fs1,feature_2298,0.0
xgb_fs1,feature_2299,0.0
xgb_fs1,feature_2300,0.0
xgb_fs1,feature_2303,0.0
xgb_fs1,feature_2304,0.0
xgb_fs1,feature_2305,0.0
xgb_fs1,feature_2306,0.0
xgb_fs1,feature_2307,0.0
xgb_fs1,feature_2308,0.0
xgb_fs1,feature_2309,0.0
xgb_fs1,feature_2310,0.0
xgb_fs1,feature_2311,0.0
xgb_fs1,feature_2312,0.0
xgb_fs1,feature_2314,0.0
xgb_fs1,feature_2315,0.0
xgb_fs1,feature_2316,0.0
xgb_fs1,feature_2317,0.0
xgb_fs1,feature_2318,0.0
xgb_fs1,feature_2319,0.0
xgb_fs1,feature_2320,0.0
xgb_fs1,feature_2321,0.0
xgb_fs1,feature_2324,0.0
xgb_fs1,feature_2325,0.0
xgb_fs1,feature_2326,0.0
xgb_fs1,feature_2327,0.0
xgb_fs1,feature_2328,0.0
xgb_fs1,feature_2330,0.0
xgb_fs1,feature_2331,0.0
xgb_fs1,feature_2332,0.0
xgb_fs1,feature_2335,0.0
xgb_fs1,feature_2337,0.0
xgb_fs1,feature_2339,0.0
xgb_fs1,feature_2340,0.0
xgb_fs1,feature_2343,0.0
xgb_fs1,feature_2344,0.0
xgb_fs1,feature_2345,0.0
xgb_fs1,feature_2346,0.0
xgb_fs1,feature_2349,0.0
xgb_fs1,feature_2350,0.0
xgb_fs1,feature_2351,0.0
xgb_fs1,feature_2352,0.0
xgb_fs1,feature_2353,0.0
xgb_fs1,feature_2354,0.0
xgb_fs1,feature_2358,0.0
xgb_fs1,feature_2359,0.0
xgb_fs1,feature_2360,0.0
xgb_fs1,feature_2361,0.0
xgb_fs1,feature_2362,0.0
xgb_fs1,feature_2364,0.0
xgb_fs1,feature_2365,0.0
xgb_fs1,feature_2367,0.0
xgb_fs1,feature_2368,0.0
xgb_fs1,feature_2370,0.0
xgb_fs1,feature_2371,0.0
xgb_fs1,feature_2372,0.0
xgb_fs1,feature_2373,0.0
xgb_fs1,feature_2374,0.0
xgb_fs1,feature_2375,0.0
xgb_fs1,feature_2376,0.0
xgb_fs1,feature_2378,0.0
xgb_fs1,feature_2379,0.0
xgb_fs1,feature_2381,0.0
xgb_fs1,feature_2383,0.0
xgb_fs1,feature_2384,0.0
xgb_fs1,feature_2385,0.0
xgb_fs1,feature_2387,0.0
xgb_fs1,feature_2388,0.0
xgb_fs1,feature_2389,0.0
xgb_fs1,feature_2391,0.0
xgb_fs1,feature_2392,0.0
xgb_fs1,feature_2393,0.0
xgb_fs1,feature_2394,0.0
xgb_fs1,feature_2396,0.0
xgb_fs1,feature_2398,0.0
xgb_fs1,feature_2399,0.0
xgb_fs1,feature_2401,0.0
xgb_fs1,feature_2402,0.0
xgb_fs1,feature_2403,0.0
xgb_fs1,feature_2404,0.0
xgb_fs1,feature_2405,0.0
xgb_fs1,feature_2407,0.0
xgb_fs1,feature_2408,0.0
xgb_fs1,feature_2409,0.0
xgb_fs1,feature_2411,0.0
xgb_fs1,feature_2412,0.0
xgb_fs1,feature_2413,0.0
xgb_fs1,feature_2415,0.0
xgb_fs1,feature_2416,0.0
xgb_fs1,feature_2417,0.0
xgb_fs1,feature_2418,0.0
xgb_fs1,feature_2419,0.0
xgb_fs1,feature_2422,0.0
xgb_fs1,feature_2423,0.0
xgb_fs1,feature_2424,0.0
xgb_fs1,feature_2429,0.0
xgb_fs1,feature_2430,0.0
xgb_fs1,feature_2431,0.0
xgb_fs1,feature_2434,0.0
xgb_fs1,feature_2435,0.0
xgb_fs1,feature_2436,0.0
xgb_fs1,feature_2437,0.0
xgb_fs1,feature_2438,0.0
xgb_fs1,feature_2439,0.0
xgb_fs1,feature_2440,0.0
xgb_fs1,feature_2442,0.0
xgb_fs1,feature_2443,0.0
xgb_fs1,feature_2444,0.0
xgb_fs1,feature_2445,0.0
xgb_fs1,feature_2447,0.0
xgb_fs1,feature_2448,0.0
xgb_fs1,feature_2449,0.0
xgb_fs1,feature_2450,0.0
xgb_fs1,feature_2451,0.0
xgb_fs1,feature_2452,0.0
xgb_fs1,feature_2453,0.0
xgb_fs1,feature_2454,0.0
xgb_fs1,feature_2455,0.0
xgb_fs1,feature_2456,0.0
xgb_fs1,feature_2458,0.0
xgb_fs1,feature_2459,0.0
xgb_fs1,feature_2460,0.0
xgb_fs1,feature_2461,0.0
xgb_fs1,feature_2462,0.0
xgb_fs1,feature_2463,0.0
xgb_fs1,feature_2465,0.0
xgb_fs1,feature_2466,0.0
xgb_fs1,feature_2467,0.0
xgb_fs1,feature_2468,0.0
xgb_fs1,feature_2469,0.0
xgb_fs1,feature_2470,0.0
xgb_fs1,feature_2471,0.0
xgb_fs1,feature_2472,0.0
xgb_fs1,feature_2473,0.0
xgb_fs1,feature_2475,0.0
xgb_fs1,feature_2476,0.0
xgb_fs1,feature_2477,0.0
xgb_fs1,feature_2478,0.0
xgb_fs1,feature_2479,0.0
xgb_fs1,feature_2480,0.0
xgb_fs1,feature_2481,0.0
xgb_fs1,feature_2484,0.0
xgb_fs1,feature_2485,0.0
xgb_fs1,feature_2487,0.0
xgb_fs1,feature_2488,0.0
xgb_fs1,feature_2489,0.0
xgb_fs1,feature_2490,0.0
xgb_fs1,feature_2491,0.0
xgb_fs1,feature_2492,0.0
xgb_fs1,feature_2493,0.0
xgb_fs1,feature_2494,0.0
xgb_fs1,feature_2495,0.0
xgb_fs1,feature_2497,0.0
xgb_fs1,feature_2501,0.0
xgb_fs1,feature_2502,0.0
xgb_fs1,feature_2504,0.0
xgb_fs1,feature_2505,0.0
xgb_fs1,feature_2506,0.0
xgb_fs1,feature_2508,0.0
xgb_fs1,feature_2510,0.0
xgb_fs1,feature_2511,0.0
xgb_fs1,feature_2512,0.0
xgb_fs1,feature_2514,0.0
xgb_fs1,feature_2516,0.0
xgb_fs1,feature_2518,0.0
xgb_fs1,feature_2519,0.0
xgb_fs1,feature_2520,0.0
xgb_fs1,feature_2521,0.0
xgb_fs1,feature_2522,0.0
xgb_fs1,feature_2523,0.0
xgb_fs1,feature_2525,0.0
xgb_fs1,feature_2526,0.0
xgb_fs1,feature_2527,0.0
xgb_fs1,feature_2528,0.0
xgb_fs1,feature_2529,0.0
xgb_fs1,feature_2530,0.0
xgb_fs1,feature_2531,0.0
xgb_fs1,feature_2533,0.0
xgb_fs1,feature_2534,0.0
xgb_fs1,feature_2535,0.0
xgb_fs1,feature_2536,0.0
xgb_fs1,feature_2537,0.0
xgb_fs1,feature_2539,0.0
xgb_fs1,feature_2540,0.0
xgb_fs1,feature_2541,0.0
xgb_fs1,feature_2542,0.0
xgb_fs1,feature_2543,0.0
xgb_fs1,feature_2544,0.0
xgb_fs1,feature_2545,0.0
xgb_fs1,feature_2546,0.0
xgb_fs1,feature_2548,0.0
xgb_fs1,feature_2549,0.0
xgb_fs1,feature_2550,0.0
xgb_fs1,feature_2552,0.0
xgb_fs1,feature_2553,0.0
xgb_fs1,feature_2555,0.0
xgb_fs1,feature_2556,0.0
xgb_fs1,feature_2557,0.0
xgb_fs1,feature_2558,0.0
xgb_fs1,feature_2559,0.0
xgb_fs1,feature_2562,0.0
xgb_fs1,feature_2565,0.0
xgb_fs1,feature_2567,0.0
xgb_fs1,feature_2568,0.0
xgb_fs1,feature_2570,0.0
xgb_fs1,feature_2572,0.0
xgb_fs1,feature_2573,0.0
xgb_fs1,feature_2575,0.0
xgb_fs1,feature_2577,0.0
xgb_fs1,feature_2578,0.0
xgb_fs1,feature_2579,0.0
xgb_fs1,feature_2580,0.0
xgb_fs1,feature_2581,0.0
xgb_fs1,feature_2582,0.0
xgb_fs1,feature_2583,0.0
xgb_fs1,feature_2584,0.0
xgb_fs1,feature_2585,0.0
xgb_fs1,feature_2586,0.0
xgb_fs1,feature_2587,0.0
xgb_fs1,feature_2588,0.0
xgb_fs1,feature_2589,0.0
xgb_fs1,feature_2590,0.0
xgb_fs1,feature_2591,0.0
xgb_fs1,feature_2593,0.0
xgb_fs1,feature_2594,0.0
xgb_fs1,feature_2595,0.0
xgb_fs1,feature_2596,0.0
xgb_fs1,feature_2598,0.0
xgb_fs1,feature_2600,0.0
xgb_fs1,feature_2601,0.0
xgb_fs1,feature_2603,0.0
xgb_fs1,feature_2605,0.0
xgb_fs1,feature_2606,0.0
xgb_fs1,feature_2607,0.0
xgb_fs1,feature_2608,0.0
xgb_fs1,feature_2609,0.0
xgb_fs1,feature_2611,0.0
xgb_fs1,feature_2612,0.0
xgb_fs1,feature_2613,0.0
xgb_fs1,feature_2614,0.0
xgb_fs1,feature_2615,0.0
xgb_fs1,feature_2616,0.0
xgb_fs1,feature_2617,0.0
xgb_fs1,feature_2619,0.0
xgb_fs1,feature_2621,0.0
xgb_fs1,feature_2622,0.0
xgb_fs1,feature_2623,0.0
xgb_fs1,feature_2624,0.0
xgb_fs1,feature_2626,0.0
xgb_fs1,feature_2627,0.0
xgb_fs1,feature_2628,0.0
xgb_fs1,feature_2629,0.0
xgb_fs1,feature_2630,0.0
xgb_fs1,feature_2631,0.0
xgb_fs1,feature_2632,0.0
xgb_fs1,feature_2633,0.0
xgb_fs1,feature_2634,0.0
xgb_fs1,feature_2635,0.0
xgb_fs1,feature_2636,0.0
xgb_fs1,feature_2637,0.0
xgb_fs1,feature_2638,0.0
xgb_fs1,feature_2639,0.0
xgb_fs1,feature_2640,0.0
xgb_fs1,feature_2641,0.0
xgb_fs1,feature_2643,0.0
xgb_fs1,feature_2644,0.0
xgb_fs1,feature_2645,0.0
xgb_fs1,feature_2646,0.0
xgb_fs1,feature_2648,0.0
xgb_fs1,feature_2649,0.0
xgb_fs1,feature_2651,0.0
xgb_fs1,feature_2652,0.0
xgb_fs1,feature_2653,0.0
xgb_fs1,feature_2655,0.0
xgb_fs1,feature_2657,0.0
xgb_fs1,feature_2658,0.0
xgb_fs1,feature_2659,0.0
xgb_fs1,feature_2660,0.0
xgb_fs1,feature_2663,0.0
xgb_fs1,feature_2664,0.0
xgb_fs1,feature_2665,0.0
xgb_fs1,feature_2667,0.0
xgb_fs1,feature_2668,0.0
xgb_fs1,feature_2669,0.0
xgb_fs1,feature_2671,0.0
xgb_fs1,feature_2672,0.0
xgb_fs1,feature_2674,0.0
xgb_fs1,feature_2675,0.0
xgb_fs1,feature_2678,0.0
xgb_fs1,feature_2679,0.0
xgb_fs1,feature_2680,0.0
xgb_fs1,feature_2682,0.0
xgb_fs1,feature_2683,0.0
xgb_fs1,feature_2684,0.0
xgb_fs1,feature_2685,0.0
xgb_fs1,feature_2686,0.0
xgb_fs1,feature_2687,0.0
xgb_fs1,feature_2688,0.0
xgb_fs1,feature_2690,0.0
xgb_fs1,feature_2691,0.0
xgb_fs1,feature_2692,0.0
xgb_fs1,feature_2693,0.0
xgb_fs1,feature_2695,0.0
xgb_fs1,feature_2696,0.0
xgb_fs1,feature_2697,0.0
xgb_fs1,feature_2698,0.0
xgb_fs1,feature_2699,0.0
xgb_fs1,feature_2700,0.0
xgb_fs1,feature_2701,0.0
xgb_fs1,feature_2702,0.0
xgb_fs1,feature_2703,0.0
xgb_fs1,feature_2704,0.0
xgb_fs1,feature_2705,0.0
xgb_fs1,feature_2707,0.0
xgb_fs1,feature_2708,0.0
xgb_fs1,feature_2709,0.0
xgb_fs1,feature_2711,0.0
xgb_fs1,feature_2712,0.0
xgb_fs1,feature_2713,0.0
xgb_fs1,feature_2716,0.0
xgb_fs1,feature_2719,0.0
xgb_fs1,feature_2720,0.0
xgb_fs1,feature_2721,0.0
xgb_fs1,feature_2722,0.0
xgb_fs1,feature_2724,0.0
xgb_fs1,feature_2726,0.0
xgb_fs1,feature_2728,0.0
xgb_fs1,feature_2729,0.0
xgb_fs1,feature_2730,0.0
xgb_fs1,feature_2731,0.0
xgb_fs1,feature_2732,0.0
xgb_fs1,feature_2733,0.0
xgb_fs1,feature_2735,0.0
xgb_fs1,feature_2738,0.0
xgb_fs1,feature_2739,0.0
xgb_fs1,feature_2740,0.0
xgb_fs1,feature_2742,0.0
xgb_fs1,feature_2743,0.0
xgb_fs1,feature_2744,0.0
xgb_fs1,feature_2745,0.0
xgb_fs1,feature_2747,0.0
xgb_fs1,feature_2749,0.0
xgb_fs1,feature_2750,0.0
xgb_fs1,feature_2754,0.0
xgb_fs1,feature_2756,0.0
xgb_fs1,feature_2757,0.0
xgb_fs1,feature_2759,0.0
xgb_fs1,feature_2763,0.0
xgb_fs1,feature_2765,0.0
xgb_fs1,feature_2766,0.0
xgb_fs1,feature_2767,0.0
xgb_fs1,feature_2768,0.0
xgb_fs1,feature_2769,0.0
xgb_fs1,feature_2772,0.0
xgb_fs1,feature_2774,0.0
xgb_fs1,feature_2775,0.0
xgb_fs1,feature_2777,0.0
xgb_fs1,feature_2778,0.0
xgb_fs1,feature_2780,0.0
xgb_fs1,feature_2781,0.0
xgb_fs1,feature_2782,0.0
xgb_fs1,feature_2783,0.0
xgb_fs1,feature_2785,0.0
xgb_fs1,feature_2786,0.0
xgb_fs1,feature_2787,0.0
xgb_fs1,feature_2788,0.0
xgb_fs1,feature_2789,0.0
xgb_fs1,feature_2790,0.0
xgb_fs1,feature_2791,0.0
xgb_fs1,feature_2792,0.0
xgb_fs1,feature_2793,0.0
xgb_fs1,feature_2794,0.0
xgb_fs1,feature_2796,0.0
xgb_fs1,feature_2797,0.0
xgb_fs1,feature_2799,0.0
xgb_fs1,feature_2800,0.0
xgb_fs1,feature_2801,0.0
xgb_fs1,feature_2802,0.0
xgb_fs1,feature_2803,0.0
xgb_fs1,feature_2805,0.0
xgb_fs1,feature_2808,0.0
xgb_fs1,feature_2809,0.0
xgb_fs1,feature_2810,0.0
xgb_fs1,feature_2811,0.0
xgb_fs1,feature_2812,0.0
xgb_fs1,feature_2813,0.0
xgb_fs1,feature_2814,0.0
xgb_fs1,feature_2816,0.0
xgb_fs1,feature_2817,0.0
xgb_fs1,feature_2819,0.0
xgb_fs1,feature_2820,0.0
xgb_fs1,feature_2821,0.0
xgb_fs1,feature_2822,0.0
xgb_fs1,feature_2824,0.0
xgb_fs1,feature_2825,0.0
xgb_fs1,feature_2826,0.0
xgb_fs1,feature_2827,0.0
xgb_fs1,feature_2828,0.0
xgb_fs1,feature_2829,0.0
xgb_fs1,feature_2830,0.0
xgb_fs1,feature_2832,0.0
xgb_fs1,feature_2834,0.0
xgb_fs1,feature_2835,0.0
xgb_fs1,feature_2836,0.0
xgb_fs1,feature_2837,0.0
xgb_fs1,feature_2838,0.0
xgb_fs1,feature_2839,0.0
xgb_fs1,feature_2842,0.0
xgb_fs1,feature_2843,0.0
xgb_fs1,feature_2844,0.0
xgb_fs1,feature_2845,0.0
xgb_fs1,feature_2847,0.0
xgb_fs1,feature_2848,0.0
xgb_fs1,feature_2849,0.0
xgb_fs1,feature_2852,0.0
xgb_fs1,feature_2854,0.0
xgb_fs1,feature_2855,0.0
xgb_fs1,feature_2856,0.0
xgb_fs1,feature_2857,0.0
xgb_fs1,feature_2861,0.0
xgb_fs1,feature_2862,0.0
xgb_fs1,feature_2863,0.0
xgb_fs1,feature_2864,0.0
xgb_fs1,feature_2865,0.0
xgb_fs1,feature_2866,0.0
xgb_fs1,feature_2868,0.0
xgb_fs1,feature_2869,0.0
xgb_fs1,feature_2870,0.0
xgb_fs1,feature_2872,0.0
xgb_fs1,feature_2873,0.0
xgb_fs1,feature_2875,0.0
xgb_fs1,feature_2876,0.0
xgb_fs1,feature_2878,0.0
xgb_fs1,feature_2879,0.0
xgb_fs1,feature_2881,0.0
xgb_fs1,feature_2882,0.0
xgb_fs1,feature_2883,0.0
xgb_fs1,feature_2884,0.0
xgb_fs1,feature_2885,0.0
xgb_fs1,feature_2886,0.0
xgb_fs1,feature_2887,0.0
xgb_fs1,feature_2888,0.0
xgb_fs1,feature_2889,0.0
xgb_fs1,feature_2890,0.0
xgb_fs1,feature_2891,0.0
xgb_fs1,feature_2892,0.0
xgb_fs1,feature_2893,0.0
xgb_fs1,feature_2895,0.0
xgb_fs1,feature_2896,0.0
xgb_fs1,feature_2898,0.0
xgb_fs1,feature_2900,0.0
xgb_fs1,feature_2902,0.0
xgb_fs1,feature_2903,0.0
xgb_fs1,feature_2904,0.0
xgb_fs1,feature_2906,0.0
xgb_fs1,feature_2907,0.0
xgb_fs1,feature_2908,0.0
xgb_fs1,feature_2909,0.0
xgb_fs1,feature_2910,0.0
xgb_fs1,feature_2911,0.0
xgb_fs1,feature_2912,0.0
xgb_fs1,feature_2913,0.0
xgb_fs1,feature_2914,0.0
xgb_fs1,feature_2915,0.0
xgb_fs1,feature_2916,0.0
xgb_fs1,feature_2917,0.0
xgb_fs1,feature_2919,0.0
xgb_fs1,feature_2920,0.0
xgb_fs1,feature_2921,0.0
xgb_fs1,feature_2922,0.0
xgb_fs1,feature_2923,0.0
xgb_fs1,feature_2924,0.0
xgb_fs1,feature_2926,0.0
xgb_fs1,feature_2927,0.0
xgb_fs1,feature_2928,0.0
xgb_fs1,feature_2929,0.0
xgb_fs1,feature_2930,0.0
xgb_fs1,feature_2932,0.0
xgb_fs1,feature_2933,0.0
xgb_fs1,feature_2934,0.0
xgb_fs1,feature_2935,0.0
xgb_fs1,feature_2937,0.0
xgb_fs1,feature_2938,0.0
xgb_fs1,feature_2939,0.0
xgb_fs1,feature_2940,0.0
xgb_fs1,feature_2941,0.0
xgb_fs1,feature_2942,0.0
xgb_fs1,feature_2943,0.0
xgb_fs1,feature_2944,0.0
xgb_fs1,feature_2945,0.0
xgb_fs1,feature_2946,0.0
xgb_fs1,feature_2947,0.0
xgb_fs1,feature_2949,0.0
xgb_fs1,feature_2950,0.0
xgb_fs1,feature_2951,0.0
xgb_fs1,feature_2953,0.0
xgb_fs1,feature_2954,0.0
xgb_fs1,feature_2955,0.0
xgb_fs1,feature_2956,0.0
xgb_fs1,feature_2957,0.0
xgb_fs1,feature_2958,0.0
xgb_fs1,feature_2959,0.0
xgb_fs1,feature_2960,0.0
xgb_fs1,feature_2961,0.0
xgb_fs1,feature_2962,0.0
xgb_fs1,feature_2963,0.0
xgb_fs1,feature_2964,0.0
xgb_fs1,feature_2965,0.0
xgb_fs1,feature_2966,0.0
xgb_fs1,feature_2967,0.0
xgb_fs1,feature_2969,0.0
xgb_fs1,feature_2970,0.0
xgb_fs1,feature_2971,0.0
xgb_fs1,feature_2972,0.0
xgb_fs1,feature_2973,0.0
xgb_fs1,feature_2974,0.0
xgb_fs1,feature_2975,0.0
xgb_fs1,feature_2976,0.0
xgb_fs1,feature_2977,0.0
xgb_fs1,feature_2979,0.0
xgb_fs1,feature_2980,0.0
xgb_fs1,feature_2981,0.0
xgb_fs1,feature_2982,0.0
xgb_fs1,feature_2983,0.0
xgb_fs1,feature_2984,0.0
xgb_fs1,feature_2985,0.0
xgb_fs1,feature_2988,0.0
xgb_fs1,feature_2990,0.0
xgb_fs1,feature_2991,0.0
xgb_fs1,feature_2992,0.0
xgb_fs1,feature_2993,0.0
xgb_fs1,feature_2994,0.0
xgb_fs1,feature_2995,0.0
xgb_fs1,feature_2997,0.0
xgb_fs1,feature_2999,0.0
xgb_fs1,feature_3000,0.0
xgb_fs1,feature_3001,0.0
xgb_fs1,feature_3003,0.0
xgb_fs1,feature_3004,0.0
xgb_fs1,feature_3005,0.0
xgb_fs1,feature_3006,0.0
xgb_fs1,feature_3008,0.0
xgb_fs1,feature_3009,0.0
xgb_fs1,feature_3010,0.0
xgb_fs1,feature_3011,0.0
xgb_fs1,feature_3012,0.0
xgb_fs1,feature_3013,0.0
xgb_fs1,feature_3015,0.0
xgb_fs1,feature_3016,0.0
xgb_fs1,feature_3017,0.0
xgb_fs1,feature_3018,0.0
xgb_fs1,feature_3019,0.0
xgb_fs1,feature_3021,0.0
xgb_fs1,feature_3022,0.0
xgb_fs1,feature_3023,0.0
xgb_fs1,feature_3024,0.0
xgb_fs1,feature_3025,0.0
xgb_fs1,feature_3026,0.0
xgb_fs1,feature_3028,0.0
xgb_fs1,feature_3029,0.0
xgb_fs1,feature_3030,0.0
xgb_fs1,feature_3031,0.0
xgb_fs1,feature_3032,0.0
xgb_fs1,feature_3033,0.0
xgb_fs1,feature_3034,0.0
xgb_fs1,feature_3035,0.0
xgb_fs1,feature_3036,0.0
xgb_fs1,feature_3037,0.0
xgb_fs1,feature_3039,0.0
xgb_fs1,feature_3041,0.0
xgb_fs1,feature_3042,0.0
xgb_fs1,feature_3043,0.0
xgb_fs1,feature_3044,0.0
xgb_fs1,feature_3045,0.0
xgb_fs1,feature_3046,0.0
xgb_fs1,feature_3047,0.0
xgb_fs1,feature_3048,0.0
xgb_fs1,feature_3049,0.0
xgb_fs1,feature_3050,0.0
xgb_fs1,feature_3053,0.0
xgb_fs1,feature_3055,0.0
xgb_fs1,feature_3056,0.0
xgb_fs1,feature_3057,0.0
xgb_fs1,feature_3058,0.0
xgb_fs1,feature_3059,0.0
xgb_fs1,feature_3060,0.0
xgb_fs1,feature_3061,0.0
xgb_fs1,feature_3062,0.0
xgb_fs1,feature_3065,0.0
xgb_fs1,feature_3066,0.0
xgb_fs1,feature_3068,0.0
xgb_fs1,feature_3070,0.0
xgb_fs1,feature_3071,0.0
xgb_fs1,feature_3072,0.0
xgb_fs1,feature_3073,0.0
xgb_fs1,feature_3074,0.0
xgb_fs1,feature_3075,0.0
xgb_fs1,feature_3077,0.0
xgb_fs1,feature_3079,0.0
xgb_fs1,feature_3080,0.0
xgb_fs1,feature_3081,0.0
xgb_fs1,feature_3083,0.0
xgb_fs1,feature_3084,0.0
xgb_fs1,feature_3085,0.0
xgb_fs1,feature_3086,0.0
xgb_fs1,feature_3087,0.0
xgb_fs1,feature_3088,0.0
xgb_fs1,feature_3089,0.0
xgb_fs1,feature_3091,0.0
xgb_fs1,feature_3092,0.0
xgb_fs1,feature_3093,0.0
xgb_fs1,feature_3094,0.0
xgb_fs1,feature_3095,0.0
xgb_fs1,feature_3096,0.0
xgb_fs1,feature_3098,0.0
xgb_fs1,feature_3099,0.0
xgb_fs1,feature_3100,0.0
xgb_fs1,feature_3101,0.0
xgb_fs1,feature_3102,0.0
xgb_fs1,feature_3103,0.0
xgb_fs1,feature_3106,0.0
xgb_fs1,feature_3107,0.0
xgb_fs1,feature_3108,0.0
xgb_fs1,feature_3109,0.0
xgb_fs1,feature_3110,0.0
xgb_fs1,feature_3112,0.0
xgb_fs1,feature_3114,0.0
xgb_fs1,feature_3115,0.0
xgb_fs1,feature_3117,0.0
xgb_fs1,feature_3118,0.0
xgb_fs1,feature_3119,0.0
xgb_fs1,feature_3120,0.0
xgb_fs1,feature_3121,0.0
xgb_fs1,feature_3122,0.0
xgb_fs1,feature_3123,0.0
xgb_fs1,feature_3124,0.0
xgb_fs1,feature_3125,0.0
xgb_fs1,feature_3127,0.0
xgb_fs1,feature_3128,0.0
xgb_fs1,feature_3129,0.0
xgb_fs1,feature_3130,0.0
xgb_fs1,feature_3131,0.0
xgb_fs1,feature_3132,0.0
xgb_fs1,feature_3133,0.0
xgb_fs1,feature_3135,0.0
xgb_fs1,feature_3137,0.0
xgb_fs1,feature_3138,0.0
xgb_fs1,feature_3139,0.0
xgb_fs1,feature_3140,0.0
xgb_fs1,feature_3141,0.0
xgb_fs1,feature_3142,0.0
xgb_fs1,feature_3143,0.0
xgb_fs1,feature_3146,0.0
xgb_fs1,feature_3147,0.0
xgb_fs1,feature_3148,0.0
xgb_fs1,feature_3149,0.0
xgb_fs1,feature_3150,0.0
xgb_fs1,feature_3151,0.0
xgb_fs1,feature_3153,0.0
xgb_fs1,feature_3154,0.0
xgb_fs1,feature_3155,0.0
xgb_fs1,feature_3156,0.0
xgb_fs1,feature_3157,0.0
xgb_fs1,feature_3158,0.0
xgb_fs1,feature_3159,0.0
xgb_fs1,feature_3161,0.0
xgb_fs1,feature_3162,0.0
xgb_fs1,feature_3163,0.0
xgb_fs1,feature_3164,0.0
xgb_fs1,feature_3165,0.0
xgb_fs1,feature_3166,0.0
xgb_fs1,feature_3168,0.0
xgb_fs1,feature_3169,0.0
xgb_fs1,feature_3171,0.0
xgb_fs1,feature_3172,0.0
xgb_fs1,feature_3173,0.0
xgb_fs1,feature_3174,0.0
xgb_fs1,feature_3175,0.0
xgb_fs1,feature_3176,0.0
xgb_fs1,feature_3177,0.0
xgb_fs1,feature_3178,0.0
xgb_fs1,feature_3179,0.0
xgb_fs1,feature_3180,0.0
xgb_fs1,feature_3181,0.0
xgb_fs1,feature_3182,0.0
xgb_fs1,feature_3183,0.0
xgb_fs1,feature_3185,0.0
xgb_fs1,feature_3186,0.0
xgb_fs1,feature_3187,0.0
xgb_fs1,feature_3189,0.0
xgb_fs1,feature_3190,0.0
xgb_fs1,feature_3191,0.0
xgb_fs1,feature_3192,0.0
xgb_fs1,feature_3193,0.0
xgb_fs1,feature_3195,0.0
xgb_fs1,feature_3196,0.0
xgb_fs1,feature_3198,0.0
xgb_fs1,feature_3199,0.0
xgb_fs1,feature_3201,0.0
xgb_fs1,feature_3202,0.0
xgb_fs1,feature_3204,0.0
xgb_fs1,feature_3205,0.0
xgb_fs1,feature_3206,0.0
xgb_fs1,feature_3207,0.0
xgb_fs1,feature_3208,0.0
xgb_fs1,feature_3210,0.0
xgb_fs1,feature_3212,0.0
xgb_fs1,feature_3214,0.0
xgb_fs1,feature_3215,0.0
xgb_fs1,feature_3216,0.0
xgb_fs1,feature_3217,0.0
xgb_fs1,feature_3218,0.0
xgb_fs1,feature_3219,0.0
xgb_fs1,feature_3220,0.0
xgb_fs1,feature_3221,0.0
xgb_fs1,feature_3222,0.0
xgb_fs1,feature_3223,0.0
xgb_fs1,feature_3224,0.0
xgb_fs1,feature_3225,0.0
xgb_fs1,feature_3226,0.0
xgb_fs1,feature_3228,0.0
xgb_fs1,feature_3229,0.0
xgb_fs1,feature_3230,0.0
xgb_fs1,feature_3231,0.0
xgb_fs1,feature_3233,0.0
xgb_fs1,feature_3234,0.0
xgb_fs1,feature_3235,0.0
xgb_fs1,feature_3236,0.0
xgb_fs1,feature_3237,0.0
xgb_fs1,feature_3238,0.0
xgb_fs1,feature_3239,0.0
xgb_fs1,feature_3240,0.0
xgb_fs1,feature_3241,0.0
xgb_fs1,feature_3242,0.0
xgb_fs1,feature_3243,0.0
xgb_fs1,feature_3244,0.0
xgb_fs1,feature_3245,0.0
xgb_fs1,feature_3247,0.0
xgb_fs1,feature_3248,0.0
xgb_fs1,feature_3249,0.0
xgb_fs1,feature_3250,0.0
xgb_fs1,feature_3252,0.0
xgb_fs1,feature_3253,0.0
xgb_fs1,feature_3254,0.0
xgb_fs1,feature_3256,0.0
xgb_fs1,feature_3258,0.0
xgb_fs1,feature_3261,0.0
xgb_fs1,feature_3263,0.0
xgb_fs1,feature_3264,0.0
xgb_fs1,feature_3265,0.0
xgb_fs1,feature_3266,0.0
xgb_fs1,feature_3268,0.0
xgb_fs1,feature_3269,0.0
xgb_fs1,feature_3271,0.0
xgb_fs1,feature_3272,0.0
xgb_fs1,feature_3273,0.0
xgb_fs1,feature_3274,0.0
xgb_fs1,feature_3275,0.0
xgb_fs1,feature_3276,0.0
xgb_fs1,feature_3277,0.0
xgb_fs1,feature_3279,0.0
xgb_fs1,feature_3280,0.0
xgb_fs1,feature_3282,0.0
xgb_fs1,feature_3283,0.0
xgb_fs1,feature_3285,0.0
xgb_fs1,feature_3286,0.0
xgb_fs1,feature_3287,0.0
xgb_fs1,feature_3290,0.0
xgb_fs1,feature_3292,0.0
xgb_fs1,feature_3293,0.0
xgb_fs1,feature_3294,0.0
xgb_fs1,feature_3295,0.0
xgb_fs1,feature_3296,0.0
xgb_fs1,feature_3297,0.0
xgb_fs1,feature_3299,0.0
xgb_fs1,feature_3300,0.0
xgb_fs1,feature_3301,0.0
xgb_fs1,feature_3302,0.0
xgb_fs1,feature_3303,0.0
xgb_fs1,feature_3304,0.0
xgb_fs1,feature_3305,0.0
xgb_fs1,feature_3306,0.0
xgb_fs1,feature_3307,0.0
xgb_fs1,feature_3308,0.0
xgb_fs1,feature_3309,0.0
xgb_fs1,feature_3310,0.0
xgb_fs1,feature_3311,0.0
xgb_fs1,feature_3312,0.0
xgb_fs1,feature_3313,0.0
xgb_fs1,feature_3314,0.0
xgb_fs1,feature_3315,0.0
xgb_fs1,feature_3316,0.0
xgb_fs1,feature_3317,0.0
xgb_fs1,feature_3318,0.0
xgb_fs1,feature_3320,0.0
xgb_fs1,feature_3322,0.0
xgb_fs1,feature_3323,0.0
xgb_fs1,feature_3324,0.0
xgb_fs1,feature_3325,0.0
xgb_fs1,feature_3327,0.0
xgb_fs1,feature_3328,0.0
xgb_fs1,feature_3331,0.0
xgb_fs1,feature_3332,0.0
xgb_fs1,feature_3333,0.0
xgb_fs1,feature_3334,0.0
xgb_fs1,feature_3335,0.0
xgb_fs1,feature_3336,0.0
xgb_fs1,feature_3337,0.0
xgb_fs1,feature_3338,0.0
xgb_fs1,feature_3339,0.0
xgb_fs1,feature_3340,0.0
xgb_fs1,feature_3341,0.0
xgb_fs1,feature_3342,0.0
xgb_fs1,feature_3344,0.0
xgb_fs1,feature_3345,0.0
xgb_fs1,feature_3348,0.0
xgb_fs1,feature_3349,0.0
xgb_fs1,feature_3350,0.0
xgb_fs1,feature_3351,0.0
xgb_fs1,feature_3353,0.0
xgb_fs1,feature_3354,0.0
xgb_fs1,feature_3355,0.0
xgb_fs1,feature_3356,0.0
xgb_fs1,feature_3357,0.0
xgb_fs1,feature_3360,0.0
xgb_fs1,feature_3362,0.0
xgb_fs1,feature_3363,0.0
xgb_fs1,feature_3364,0.0
xgb_fs1,feature_3365,0.0
xgb_fs1,feature_3366,0.0
xgb_fs1,feature_3367,0.0
xgb_fs1,feature_3369,0.0
xgb_fs1,feature_3370,0.0
xgb_fs1,feature_3371,0.0
xgb_fs1,feature_3372,0.0
xgb_fs1,feature_3373,0.0
xgb_fs1,feature_3374,0.0
xgb_fs1,feature_3375,0.0
xgb_fs1,feature_3376,0.0
xgb_fs1,feature_3377,0.0
xgb_fs1,feature_3378,0.0
xgb_fs1,feature_3379,0.0
xgb_fs1,feature_3380,0.0
xgb_fs1,feature_3381,0.0
xgb_fs1,feature_3382,0.0
xgb_fs1,feature_3383,0.0
xgb_fs1,feature_3384,0.0
xgb_fs1,feature_3386,0.0
xgb_fs1,feature_3387,0.0
xgb_fs1,feature_3388,0.0
xgb_fs1,feature_3391,0.0
xgb_fs1,feature_3392,0.0
xgb_fs1,feature_3393,0.0
xgb_fs1,feature_3394,0.0
xgb_fs1,feature_3395,0.0
xgb_fs1,feature_3397,0.0
xgb_fs1,feature_3398,0.0
xgb_fs1,feature_3399,0.0
xgb_fs1,feature_3401,0.0
xgb_fs1,feature_3402,0.0
xgb_fs1,feature_3403,0.0
xgb_fs1,feature_3404,0.0
xgb_fs1,feature_3408,0.0
xgb_fs1,feature_3409,0.0
xgb_fs1,feature_3410,0.0
xgb_fs1,feature_3411,0.0
xgb_fs1,feature_3412,0.0
xgb_fs1,feature_3413,0.0
xgb_fs1,feature_3414,0.0
xgb_fs1,feature_3415,0.0
xgb_fs1,feature_3416,0.0
xgb_fs1,feature_3417,0.0
xgb_fs1,feature_3418,0.0
xgb_fs1,feature_3419,0.0
xgb_fs1,feature_3420,0.0
xgb_fs1,feature_3421,0.0
xgb_fs1,feature_3422,0.0
xgb_fs1,feature_3423,0.0
xgb_fs1,feature_3424,0.0
xgb_fs1,feature_3425,0.0
xgb_fs1,feature_3426,0.0
xgb_fs1,feature_3427,0.0
xgb_fs1,feature_3429,0.0
xgb_fs1,feature_3431,0.0
xgb_fs1,feature_3432,0.0
xgb_fs1,feature_3434,0.0
xgb_fs1,feature_3435,0.0
xgb_fs1,feature_3436,0.0
xgb_fs1,feature_3437,0.0
xgb_fs1,feature_3438,0.0
xgb_fs1,feature_3439,0.0
xgb_fs1,feature_3440,0.0
xgb_fs1,feature_3441,0.0
xgb_fs1,feature_3442,0.0
xgb_fs1,feature_3443,0.0
xgb_fs1,feature_3444,0.0
xgb_fs1,feature_3445,0.0
xgb_fs1,feature_3446,0.0
xgb_fs1,feature_3447,0.0
xgb_fs1,feature_3450,0.0
xgb_fs1,feature_3451,0.0
xgb_fs1,feature_3452,0.0
xgb_fs1,feature_3454,0.0
xgb_fs1,feature_3455,0.0
xgb_fs1,feature_3456,0.0
xgb_fs1,feature_3457,0.0
xgb_fs1,feature_3458,0.0
xgb_fs1,feature_3459,0.0
xgb_fs1,feature_3461,0.0
xgb_fs1,feature_3462,0.0
xgb_fs1,feature_3463,0.0
xgb_fs1,feature_3464,0.0
xgb_fs1,feature_3466,0.0
xgb_fs1,feature_3467,0.0
xgb_fs1,feature_3468,0.0
xgb_fs1,feature_3469,0.0
xgb_fs1,feature_3471,0.0
xgb_fs1,feature_3473,0.0
xgb_fs1,feature_3474,0.0
xgb_fs1,feature_3475,0.0
xgb_fs1,feature_3476,0.0
xgb_fs1,feature_3477,0.0
xgb_fs1,feature_3478,0.0
xgb_fs1,feature_3479,0.0
xgb_fs1,feature_3480,0.0
xgb_fs1,feature_3481,0.0
xgb_fs1,feature_3482,0.0
xgb_fs1,feature_3483,0.0
xgb_fs1,feature_3484,0.0
xgb_fs1,feature_3485,0.0
xgb_fs1,feature_3486,0.0
xgb_fs1,feature_3487,0.0
xgb_fs1,feature_3488,0.0
xgb_fs1,feature_3489,0.0
xgb_fs1,feature_3491,0.0
xgb_fs1,feature_3493,0.0
xgb_fs1,feature_3494,0.0
xgb_fs1,feature_3495,0.0
xgb_fs1,feature_3496,0.0
xgb_fs1,feature_3497,0.0
xgb_fs1,feature_3498,0.0
xgb_fs1,feature_3499,0.0
xgb_fs1,feature_3500,0.0
xgb_fs1,feature_3501,0.0
xgb_fs1,feature_3502,0.0
xgb_fs1,feature_3505,0.0
xgb_fs1,feature_3506,0.0
xgb_fs1,feature_3508,0.0
xgb_fs1,feature_3509,0.0
xgb_fs1,feature_3510,0.0
xgb_fs1,feature_3511,0.0
xgb_fs1,feature_3512,0.0
xgb_fs1,feature_3513,0.0
xgb_fs1,feature_3514,0.0
xgb_fs1,feature_3515,0.0
xgb_fs1,feature_3516,0.0
xgb_fs1,feature_3518,0.0
xgb_fs1,feature_3521,0.0
xgb_fs1,feature_3522,0.0
xgb_fs1,feature_3524,0.0
xgb_fs1,feature_3526,0.0
xgb_fs1,feature_3527,0.0
xgb_fs1,feature_3528,0.0
xgb_fs1,feature_3530,0.0
xgb_fs1,feature_3531,0.0
xgb_fs1,feature_3533,0.0
xgb_fs1,feature_3534,0.0
xgb_fs1,feature_3535,0.0
xgb_fs1,feature_3537,0.0
xgb_fs1,feature_3538,0.0
xgb_fs1,feature_3539,0.0
xgb_fs1,feature_3540,0.0
xgb_fs1,feature_3541,0.0
xgb_fs1,feature_3542,0.0
xgb_fs1,feature_3543,0.0
xgb_fs1,feature_3544,0.0
xgb_fs1,feature_3546,0.0
xgb_fs1,feature_3547,0.0
xgb_fs1,feature_3549,0.0
xgb_fs1,feature_3550,0.0
xgb_fs1,feature_3551,0.0
xgb_fs1,feature_3553,0.0
xgb_fs1,feature_3554,0.0
xgb_fs1,feature_3555,0.0
xgb_fs1,feature_3556,0.0
xgb_fs1,feature_3557,0.0
xgb_fs1,feature_3559,0.0
xgb_fs1,feature_3560,0.0
xgb_fs1,feature_3561,0.0
xgb_fs1,feature_3562,0.0
xgb_fs1,feature_3563,0.0
xgb_fs1,feature_3564,0.0
xgb_fs1,feature_3565,0.0
xgb_fs1,feature_3567,0.0
xgb_fs1,feature_3568,0.0
xgb_fs1,feature_3569,0.0
xgb_fs1,feature_3570,0.0
xgb_fs1,feature_3571,0.0
xgb_fs1,feature_3572,0.0
xgb_fs1,feature_3573,0.0
xgb_fs1,feature_3574,0.0
xgb_fs1,feature_3576,0.0
xgb_fs1,feature_3577,0.0
xgb_fs1,feature_3578,0.0
xgb_fs1,feature_3579,0.0
xgb_fs1,feature_3580,0.0
xgb_fs1,feature_3581,0.0
xgb_fs1,feature_3582,0.0
xgb_fs1,feature_3583,0.0
xgb_fs1,feature_3584,0.0
xgb_fs1,feature_3585,0.0
xgb_fs1,feature_3587,0.0
xgb_fs1,feature_3588,0.0
xgb_fs1,feature_3589,0.0
xgb_fs1,feature_3590,0.0
xgb_fs1,feature_3591,0.0
xgb_fs1,feature_3592,0.0
xgb_fs1,feature_3593,0.0
xgb_fs1,feature_3594,0.0
xgb_fs1,feature_3595,0.0
xgb_fs1,feature_3596,0.0
xgb_fs1,feature_3597,0.0
xgb_fs1,feature_3599,0.0
xgb_fs1,feature_3600,0.0
xgb_fs1,feature_3601,0.0
xgb_fs1,feature_3603,0.0
xgb_fs1,feature_3604,0.0
xgb_fs1,feature_3605,0.0
xgb_fs1,feature_3606,0.0
xgb_fs1,feature_3607,0.0
xgb_fs1,feature_3608,0.0
xgb_fs1,feature_3609,0.0
xgb_fs1,feature_3610,0.0
xgb_fs1,feature_3611,0.0
xgb_fs1,feature_3612,0.0
xgb_fs1,feature_3613,0.0
xgb_fs1,feature_3614,0.0
xgb_fs1,feature_3615,0.0
xgb_fs1,feature_3616,0.0
xgb_fs1,feature_3617,0.0
xgb_fs1,feature_3618,0.0
xgb_fs1,feature_3620,0.0
xgb_fs1,feature_3621,0.0
xgb_fs1,feature_3622,0.0
xgb_fs1,feature_3625,0.0
xgb_fs1,feature_3626,0.0
xgb_fs1,feature_3627,0.0
xgb_fs1,feature_3628,0.0
xgb_fs1,feature_3629,0.0
xgb_fs1,feature_3630,0.0
xgb_fs1,feature_3632,0.0
xgb_fs1,feature_3633,0.0
xgb_fs1,feature_3634,0.0
xgb_fs1,feature_3635,0.0
xgb_fs1,feature_3637,0.0
xgb_fs1,feature_3638,0.0
xgb_fs1,feature_3639,0.0
xgb_fs1,feature_3640,0.0
xgb_fs1,feature_3641,0.0
xgb_fs1,feature_3643,0.0
xgb_fs1,feature_3644,0.0
xgb_fs1,feature_3645,0.0
xgb_fs1,feature_3646,0.0
xgb_fs1,feature_3647,0.0
xgb_fs1,feature_3649,0.0
xgb_fs1,feature_3650,0.0
xgb_fs1,feature_3651,0.0
xgb_fs1,feature_3652,0.0
xgb_fs1,feature_3653,0.0
xgb_fs1,feature_3654,0.0
xgb_fs1,feature_3655,0.0
xgb_fs1,feature_3656,0.0
xgb_fs1,feature_3657,0.0
xgb_fs1,feature_3658,0.0
xgb_fs1,feature_3659,0.0
xgb_fs1,feature_3660,0.0
xgb_fs1,feature_3661,0.0
xgb_fs1,feature_3662,0.0
xgb_fs1,feature_3663,0.0
xgb_fs1,feature_3664,0.0
xgb_fs1,feature_3665,0.0
xgb_fs1,feature_3666,0.0
xgb_fs1,feature_3668,0.0
xgb_fs1,feature_3669,0.0
xgb_fs1,feature_3670,0.0
xgb_fs1,feature_3671,0.0
xgb_fs1,feature_3672,0.0
xgb_fs1,feature_3673,0.0
xgb_fs1,feature_3674,0.0
xgb_fs1,feature_3675,0.0
xgb_fs1,feature_3676,0.0
xgb_fs1,feature_3677,0.0
xgb_fs1,feature_3678,0.0
xgb_fs1,feature_3679,0.0
xgb_fs1,feature_3680,0.0
xgb_fs1,feature_3681,0.0
xgb_fs1,feature_3682,0.0
xgb_fs1,feature_3684,0.0
xgb_fs1,feature_3685,0.0
xgb_fs1,feature_3686,0.0
xgb_fs1,feature_3688,0.0
xgb_fs1,feature_3690,0.0
xgb_fs1,feature_3691,0.0
xgb_fs1,feature_3692,0.0
xgb_fs1,feature_3694,0.0
xgb_fs1,feature_3695,0.0
xgb_fs1,feature_3696,0.0
xgb_fs1,feature_3698,0.0
xgb_fs1,feature_3699,0.0
xgb_fs1,feature_3700,0.0
xgb_fs1,feature_3701,0.0
xgb_fs1,feature_3702,0.0
xgb_fs1,feature_3704,0.0
xgb_fs1,feature_3705,0.0
xgb_fs1,feature_3706,0.0
xgb_fs1,feature_3707,0.0
xgb_fs1,feature_3709,0.0
xgb_fs1,feature_3711,0.0
xgb_fs1,feature_3712,0.0
xgb_fs1,feature_3713,0.0
xgb_fs1,feature_3714,0.0
xgb_fs1,feature_3715,0.0
xgb_fs1,feature_3717,0.0
xgb_fs1,feature_3718,0.0
xgb_fs1,feature_3719,0.0
xgb_fs1,feature_3721,0.0
xgb_fs1,feature_3722,0.0
xgb_fs1,feature_3725,0.0
xgb_fs1,feature_3726,0.0
xgb_fs1,feature_3727,0.0
xgb_fs1,feature_3728,0.0
xgb_fs1,feature_3729,0.0
xgb_fs1,feature_3730,0.0
xgb_fs1,feature_3731,0.0
xgb_fs1,feature_3732,0.0
xgb_fs1,feature_3734,0.0
xgb_fs1,feature_3735,0.0
xgb_fs1,feature_3737,0.0
xgb_fs1,feature_3738,0.0
xgb_fs1,feature_3739,0.0
xgb_fs1,feature_3740,0.0
xgb_fs1,feature_3742,0.0
xgb_fs1,feature_3744,0.0
xgb_fs1,feature_3746,0.0
xgb_fs1,feature_3747,0.0
xgb_fs1,feature_3748,0.0
xgb_fs1,feature_3749,0.0
xgb_fs1,feature_3751,0.0
xgb_fs1,feature_3753,0.0
xgb_fs1,feature_3755,0.0
xgb_fs1,feature_3756,0.0
xgb_fs1,feature_3757,0.0
xgb_fs1,feature_3758,0.0
xgb_fs1,feature_3761,0.0
xgb_fs1,feature_3762,0.0
xgb_fs1,feature_3763,0.0
xgb_fs1,feature_3767,0.0
xgb_fs1,feature_3769,0.0
xgb_fs1,feature_3770,0.0
xgb_fs1,feature_3772,0.0
xgb_fs1,feature_3774,0.0
xgb_fs1,feature_3775,0.0
xgb_fs1,feature_3776,0.0
xgb_fs1,feature_3777,0.0
xgb_fs1,feature_3779,0.0
xgb_fs1,feature_3780,0.0
xgb_fs1,feature_3781,0.0
xgb_fs1,feature_3782,0.0
xgb_fs1,feature_3783,0.0
xgb_fs1,feature_3784,0.0
xgb_fs1,feature_3786,0.0
xgb_fs1,feature_3787,0.0
xgb_fs1,feature_3789,0.0
xgb_fs1,feature_3790,0.0
xgb_fs1,feature_3791,0.0
xgb_fs1,feature_3792,0.0
xgb_fs1,feature_3793,0.0
xgb_fs1,feature_3794,0.0
xgb_fs1,feature_3795,0.0
xgb_fs1,feature_3796,0.0
xgb_fs1,feature_3797,0.0
xgb_fs1,feature_3798,0.0
xgb_fs1,feature_3799,0.0
xgb_fs1,feature_3805,0.0
xgb_fs1,feature_3806,0.0
xgb_fs1,feature_3807,0.0
xgb_fs1,feature_3808,0.0
xgb_fs1,feature_3810,0.0
xgb_fs1,feature_3811,0.0
xgb_fs1,feature_3812,0.0
xgb_fs1,feature_3815,0.0
xgb_fs1,feature_3816,0.0
xgb_fs1,feature_3817,0.0
xgb_fs1,feature_3818,0.0
xgb_fs1,feature_3819,0.0
xgb_fs1,feature_3822,0.0
xgb_fs1,feature_3824,0.0
xgb_fs1,feature_3825,0.0
xgb_fs1,feature_3826,0.0
xgb_fs1,feature_3827,0.0
xgb_fs1,feature_3829,0.0
xgb_fs1,feature_3830,0.0
xgb_fs1,feature_3832,0.0
xgb_fs1,feature_3833,0.0
xgb_fs1,feature_3834,0.0
xgb_fs1,feature_3836,0.0
xgb_fs1,feature_3838,0.0
xgb_fs1,feature_3839,0.0
xgb_fs1,feature_3840,0.0
xgb_fs1,feature_3841,0.0
xgb_fs1,feature_3842,0.0
xgb_fs1,feature_3845,0.0
xgb_fs1,feature_3846,0.0
xgb_fs1,feature_3847,0.0
xgb_fs1,feature_3848,0.0
xgb_fs1,feature_3850,0.0
xgb_fs1,feature_3852,0.0
xgb_fs1,feature_3855,0.0
xgb_fs1,feature_3856,0.0
xgb_fs1,feature_3857,0.0
xgb_fs1,feature_3858,0.0
xgb_fs1,feature_3859,0.0
xgb_fs1,feature_3860,0.0
xgb_fs1,feature_3862,0.0
xgb_fs1,feature_3863,0.0
xgb_fs1,feature_3867,0.0
xgb_fs1,feature_3868,0.0
xgb_fs1,feature_3869,0.0
xgb_fs1,feature_3870,0.0
xgb_fs1,feature_3871,0.0
xgb_fs1,feature_3872,0.0
xgb_fs1,feature_3873,0.0
xgb_fs1,feature_3874,0.0
xgb_fs1,feature_3875,0.0
xgb_fs1,feature_3876,0.0
xgb_fs1,feature_3877,0.0
xgb_fs1,feature_3878,0.0
xgb_fs1,feature_3879,0.0
xgb_fs1,feature_3880,0.0
xgb_fs1,feature_3882,0.0
xgb_fs1,feature_3883,0.0
xgb_fs1,feature_3884,0.0
xgb_fs1,feature_3887,0.0
xgb_fs1,feature_3888,0.0
xgb_fs1,feature_3890,0.0
xgb_fs1,feature_3892,0.0
xgb_fs1,feature_3893,0.0
xgb_fs1,feature_3894,0.0
xgb_fs1,feature_3895,0.0
xgb_fs1,feature_3896,0.0
xgb_fs1,feature_3898,0.0
xgb_fs1,feature_3899,0.0
xgb_fs1,feature_3900,0.0
xgb_fs1,feature_3901,0.0
xgb_fs1,feature_3902,0.0
xgb_fs1,feature_3903,0.0
xgb_fs1,feature_3904,0.0
xgb_fs1,feature_3905,0.0
xgb_fs1,feature_3906,0.0
xgb_fs1,feature_3907,0.0
xgb_fs1,feature_3908,0.0
xgb_fs1,feature_3909,0.0
xgb_fs1,feature_3910,0.0
xgb_fs1,feature_3911,0.0
xgb_fs1,feature_3912,0.0
xgb_fs1,feature_3913,0.0
xgb_fs1,feature_3914,0.0
xgb_fs1,feature_3915,0.0
xgb_fs1,feature_3917,0.0
xgb_fs1,feature_3919,0.0
xgb_fs1,feature_3921,0.0
xgb_fs1,feature_3922,0.0
xgb_fs1,feature_3924,0.0
xgb_fs1,feature_3926,0.0
xgb_fs1,feature_3927,0.0
xgb_fs1,feature_3928,0.0
xgb_fs1,feature_3929,0.0
xgb_fs1,feature_3930,0.0
xgb_fs1,feature_3931,0.0
xgb_fs1,feature_3932,0.0
xgb_fs1,feature_3933,0.0
xgb_fs1,feature_3935,0.0
xgb_fs1,feature_3936,0.0
xgb_fs1,feature_3937,0.0
xgb_fs1,feature_3939,0.0
xgb_fs1,feature_3940,0.0
xgb_fs1,feature_3942,0.0
xgb_fs1,feature_3944,0.0
xgb_fs1,feature_3945,0.0
xgb_fs1,feature_3946,0.0
xgb_fs1,feature_3947,0.0
xgb_fs1,feature_3948,0.0
xgb_fs1,feature_3949,0.0
xgb_fs1,feature_3950,0.0
xgb_fs1,feature_3951,0.0
xgb_fs1,feature_3952,0.0
xgb_fs1,feature_3953,0.0
xgb_fs1,feature_3954,0.0
xgb_fs1,feature_3955,0.0
xgb_fs1,feature_3958,0.0
xgb_fs1,feature_3960,0.0
xgb_fs1,feature_3962,0.0
xgb_fs1,feature_3963,0.0
xgb_fs1,feature_3964,0.0
xgb_fs1,feature_3965,0.0
xgb_fs1,feature_3966,0.0
xgb_fs1,feature_3969,0.0
xgb_fs1,feature_3971,0.0
xgb_fs1,feature_3972,0.0
xgb_fs1,feature_3974,0.0
xgb_fs1,feature_3977,0.0
xgb_fs1,feature_3978,0.0
xgb_fs1,feature_3979,0.0
xgb_fs1,feature_3981,0.0
xgb_fs1,feature_3982,0.0
xgb_fs1,feature_3984,0.0
xgb_fs1,feature_3985,0.0
xgb_fs1,feature_3986,0.0
xgb_fs1,feature_3987,0.0
xgb_fs1,feature_3988,0.0
xgb_fs1,feature_3989,0.0
xgb_fs1,feature_3990,0.0
xgb_fs1,feature_3992,0.0
xgb_fs1,feature_3993,0.0
xgb_fs1,feature_3994,0.0
xgb_fs1,feature_3995,0.0
xgb_fs1,feature_3996,0.0
xgb_fs1,feature_3997,0.0
xgb_fs1,feature_3999,0.0
xgb_fs1,feature_4001,0.0
xgb_fs1,feature_4002,0.0
xgb_fs1,feature_4003,0.0
xgb_fs1,feature_4004,0.0
xgb_fs1,feature_4005,0.0
xgb_fs1,feature_4007,0.0
xgb_fs1,feature_4009,0.0
xgb_fs1,feature_4011,0.0
xgb_fs1,feature_4012,0.0
xgb_fs1,feature_4013,0.0
xgb_fs1,feature_4015,0.0
xgb_fs1,feature_4016,0.0
xgb_fs1,feature_4017,0.0
xgb_fs1,feature_4018,0.0
xgb_fs1,feature_4019,0.0
xgb_fs1,feature_4020,0.0
xgb_fs1,feature_4021,0.0
xgb_fs1,feature_4022,0.0
xgb_fs1,feature_4023,0.0
xgb_fs1,feature_4024,0.0
xgb_fs1,feature_4025,0.0
xgb_fs1,feature_4027,0.0
xgb_fs1,feature_4028,0.0
xgb_fs1,feature_4029,0.0
xgb_fs1,feature_4030,0.0
xgb_fs1,feature_4031,0.0
xgb_fs1,feature_4032,0.0
xgb_fs1,feature_4033,0.0
xgb_fs1,feature_4034,0.0
xgb_fs1,feature_4035,0.0
xgb_fs1,feature_4036,0.0
xgb_fs1,feature_4037,0.0
xgb_fs1,feature_4039,0.0
xgb_fs1,feature_4040,0.0
xgb_fs1,feature_4041,0.0
xgb_fs1,feature_4042,0.0
xgb_fs1,feature_4043,0.0
xgb_fs1,feature_4044,0.0
xgb_fs1,feature_4045,0.0
xgb_fs1,feature_4046,0.0
xgb_fs1,feature_4047,0.0
xgb_fs1,feature_4048,0.0
xgb_fs1,feature_4049,0.0
xgb_fs1,feature_4050,0.0
xgb_fs1,feature_4051,0.0
xgb_fs1,feature_4052,0.0
xgb_fs1,feature_4054,0.0
xgb_fs1,feature_4056,0.0
xgb_fs1,feature_4061,0.0
xgb_fs1,feature_4062,0.0
xgb_fs1,feature_4063,0.0
xgb_fs1,feature_4064,0.0
xgb_fs1,feature_4065,0.0
xgb_fs1,feature_4066,0.0
xgb_fs1,feature_4067,0.0
xgb_fs1,feature_4068,0.0
xgb_fs1,feature_4069,0.0
xgb_fs1,feature_4071,0.0
xgb_fs1,feature_4072,0.0
xgb_fs1,feature_4073,0.0
xgb_fs1,feature_4074,0.0
xgb_fs1,feature_4075,0.0
xgb_fs1,feature_4077,0.0
xgb_fs1,feature_4079,0.0
xgb_fs1,feature_4080,0.0
xgb_fs1,feature_4081,0.0
xgb_fs1,feature_4082,0.0
xgb_fs1,feature_4083,0.0
xgb_fs1,feature_4084,0.0
xgb_fs1,feature_4085,0.0
xgb_fs1,feature_4086,0.0
xgb_fs1,feature_4087,0.0
xgb_fs1,feature_4088,0.0
xgb_fs1,feature_4089,0.0
xgb_fs1,feature_4090,0.0
xgb_fs1,feature_4091,0.0
xgb_fs1,feature_4092,0.0
xgb_fs1,feature_4093,0.0
xgb_fs1,feature_4095,0.0
xgb_fs1,feature_4096,0.0
xgb_fs1,feature_4098,0.0
xgb_fs1,feature_4099,0.0
xgb_fs1,feature_4103,0.0
xgb_fs1,feature_4105,0.0
xgb_fs1,feature_4106,0.0
xgb_fs1,feature_4107,0.0
xgb_fs1,feature_4108,0.0
xgb_fs1,feature_4109,0.0
xgb_fs1,feature_4110,0.0
xgb_fs1,feature_4111,0.0
xgb_fs1,feature_4113,0.0
xgb_fs1,feature_4114,0.0
xgb_fs1,feature_4115,0.0
xgb_fs1,feature_4116,0.0
xgb_fs1,feature_4117,0.0
xgb_fs1,feature_4119,0.0
xgb_fs1,feature_4121,0.0
xgb_fs1,feature_4122,0.0
xgb_fs1,feature_4123,0.0
xgb_fs1,feature_4124,0.0
xgb_fs1,feature_4125,0.0
xgb_fs1,feature_4127,0.0
xgb_fs1,feature_4128,0.0
xgb_fs1,feature_4129,0.0
xgb_fs1,feature_4130,0.0
xgb_fs1,feature_4131,0.0
xgb_fs1,feature_4132,0.0
xgb_fs1,feature_4133,0.0
xgb_fs1,feature_4135,0.0
xgb_fs1,feature_4136,0.0
xgb_fs1,feature_4137,0.0
xgb_fs1,feature_4138,0.0
xgb_fs1,feature_4140,0.0
xgb_fs1,feature_4141,0.0
xgb_fs1,feature_4142,0.0
xgb_fs1,feature_4143,0.0
xgb_fs1,feature_4144,0.0
xgb_fs1,feature_4145,0.0
xgb_fs1,feature_4146,0.0
xgb_fs1,feature_4147,0.0
xgb_fs1,feature_4148,0.0
xgb_fs1,feature_4149,0.0
xgb_fs1,feature_4150,0.0
xgb_fs1,feature_4151,0.0
xgb_fs1,feature_4152,0.0
xgb_fs1,feature_4153,0.0
xgb_fs1,feature_4154,0.0
xgb_fs1,feature_4155,0.0
xgb_fs1,feature_4156,0.0
xgb_fs1,feature_4157,0.0
xgb_fs1,feature_4158,0.0
xgb_fs1,feature_4160,0.0
xgb_fs1,feature_4161,0.0
xgb_fs1,feature_4162,0.0
xgb_fs1,feature_4163,0.0
xgb_fs1,feature_4164,0.0
xgb_fs1,feature_4165,0.0
xgb_fs1,feature_4166,0.0
xgb_fs1,feature_4167,0.0
xgb_fs1,feature_4168,0.0
xgb_fs1,feature_4169,0.0
xgb_fs1,feature_4170,0.0
xgb_fs1,feature_4171,0.0
xgb_fs1,feature_4172,0.0
xgb_fs1,feature_4173,0.0
xgb_fs1,feature_4174,0.0
xgb_fs1,feature_4175,0.0
xgb_fs1,feature_4178,0.0
xgb_fs1,feature_4179,0.0
xgb_fs1,feature_4180,0.0
xgb_fs1,feature_4181,0.0
xgb_fs1,feature_4182,0.0
xgb_fs1,feature_4183,0.0
xgb_fs1,feature_4185,0.0
xgb_fs1,feature_4187,0.0
xgb_fs1,feature_4188,0.0
xgb_fs1,feature_4189,0.0
xgb_fs1,feature_4190,0.0
xgb_fs1,feature_4191,0.0
xgb_fs1,feature_4192,0.0
xgb_fs1,feature_4193,0.0
xgb_fs1,feature_4194,0.0
xgb_fs1,feature_4195,0.0
xgb_fs1,feature_4197,0.0
xgb_fs1,feature_4198,0.0
xgb_fs1,feature_4200,0.0
xgb_fs1,feature_4201,0.0
xgb_fs1,feature_4203,0.0
xgb_fs1,feature_4204,0.0
xgb_fs1,feature_4205,0.0
xgb_fs1,feature_4206,0.0
xgb_fs1,feature_4207,0.0
xgb_fs1,feature_4208,0.0
xgb_fs1,feature_4209,0.0
xgb_fs1,feature_4211,0.0
xgb_fs1,feature_4212,0.0
xgb_fs1,feature_4214,0.0
xgb_fs1,feature_4215,0.0
xgb_fs1,feature_4216,0.0
xgb_fs1,feature_4217,0.0
xgb_fs1,feature_4218,0.0
xgb_fs1,feature_4219,0.0
xgb_fs1,feature_4220,0.0
xgb_fs1,feature_4221,0.0
xgb_fs1,feature_4222,0.0
xgb_fs1,feature_4223,0.0
xgb_fs1,feature_4228,0.0
xgb_fs1,feature_4229,0.0
xgb_fs1,feature_4230,0.0
xgb_fs1,feature_4231,0.0
xgb_fs1,feature_4232,0.0
xgb_fs1,feature_4233,0.0
xgb_fs1,feature_4235,0.0
xgb_fs1,feature_4236,0.0
xgb_fs1,feature_4239,0.0
xgb_fs1,feature_4240,0.0
xgb_fs1,feature_4241,0.0
xgb_fs1,feature_4242,0.0
xgb_fs1,feature_4243,0.0
xgb_fs1,feature_4244,0.0
xgb_fs1,feature_4245,0.0
xgb_fs1,feature_4247,0.0
xgb_fs1,feature_4248,0.0
xgb_fs1,feature_4249,0.0
xgb_fs1,feature_4250,0.0
xgb_fs1,feature_4253,0.0
xgb_fs1,feature_4254,0.0
xgb_fs1,feature_4255,0.0
xgb_fs1,feature_4257,0.0
xgb_fs1,feature_4258,0.0
xgb_fs1,feature_4259,0.0
xgb_fs1,feature_4261,0.0
xgb_fs1,feature_4263,0.0
xgb_fs1,feature_4264,0.0
xgb_fs1,feature_4265,0.0
xgb_fs1,feature_4266,0.0
xgb_fs1,feature_4267,0.0
xgb_fs1,feature_4268,0.0
xgb_fs1,feature_4269,0.0
xgb_fs1,feature_4270,0.0
xgb_fs1,feature_4271,0.0
xgb_fs1,feature_4272,0.0
xgb_fs1,feature_4274,0.0
xgb_fs1,feature_4275,0.0
xgb_fs1,feature_4276,0.0
xgb_fs1,feature_4279,0.0
xgb_fs1,feature_4280,0.0
xgb_fs1,feature_4281,0.0
xgb_fs1,feature_4282,0.0
xgb_fs1,feature_4283,0.0
xgb_fs1,feature_4284,0.0
xgb_fs1,feature_4285,0.0
xgb_fs1,feature_4286,0.0
xgb_fs1,feature_4287,0.0
xgb_fs1,feature_4288,0.0
xgb_fs1,feature_4291,0.0
xgb_fs1,feature_4292,0.0
xgb_fs1,feature_4293,0.0
xgb_fs1,feature_4294,0.0
xgb_fs1,feature_4295,0.0
xgb_fs1,feature_4296,0.0
xgb_fs1,feature_4297,0.0
xgb_fs1,feature_4298,0.0
xgb_fs1,feature_4299,0.0
xgb_fs1,feature_4301,0.0
xgb_fs1,feature_4302,0.0
xgb_fs1,feature_4303,0.0
xgb_fs1,feature_4304,0.0
xgb_fs1,feature_4305,0.0
xgb_fs1,feature_4306,0.0
xgb_fs1,feature_4307,0.0
xgb_fs1,feature_4308,0.0
xgb_fs1,feature_4309,0.0
xgb_fs1,feature_4313,0.0
xgb_fs1,feature_4314,0.0
xgb_fs1,feature_4315,0.0
xgb_fs1,feature_4317,0.0
xgb_fs1,feature_4318,0.0
xgb_fs1,feature_4319,0.0
xgb_fs1,feature_4320,0.0
xgb_fs1,feature_4321,0.0
xgb_fs1,feature_4322,0.0
xgb_fs1,feature_4324,0.0
xgb_fs1,feature_4325,0.0
xgb_fs1,feature_4327,0.0
xgb_fs1,feature_4328,0.0
xgb_fs1,feature_4329,0.0
xgb_fs1,feature_4330,0.0
xgb_fs1,feature_4333,0.0
xgb_fs1,feature_4334,0.0
xgb_fs1,feature_4335,0.0
xgb_fs1,feature_4336,0.0
xgb_fs1,feature_4337,0.0
xgb_fs1,feature_4338,0.0
xgb_fs1,feature_4339,0.0
xgb_fs1,feature_4341,0.0
xgb_fs1,feature_4342,0.0
xgb_fs1,feature_4343,0.0
xgb_fs1,feature_4344,0.0
xgb_fs1,feature_4345,0.0
xgb_fs1,feature_4347,0.0
xgb_fs1,feature_4348,0.0
xgb_fs1,feature_4349,0.0
xgb_fs1,feature_4350,0.0
xgb_fs1,feature_4351,0.0
xgb_fs1,feature_4352,0.0
xgb_fs1,feature_4353,0.0
xgb_fs1,feature_4355,0.0
xgb_fs1,feature_4356,0.0
xgb_fs1,feature_4357,0.0
xgb_fs1,feature_4358,0.0
xgb_fs1,feature_4359,0.0
xgb_fs1,feature_4360,0.0
xgb_fs1,feature_4361,0.0
xgb_fs1,feature_4362,0.0
xgb_fs1,feature_4364,0.0
xgb_fs1,feature_4365,0.0
xgb_fs1,feature_4367,0.0
xgb_fs1,feature_4368,0.0
xgb_fs1,feature_4370,0.0
xgb_fs1,feature_4371,0.0
xgb_fs1,feature_4372,0.0
xgb_fs1,feature_4373,0.0
xgb_fs1,feature_4374,0.0
xgb_fs1,feature_4375,0.0
xgb_fs1,feature_4376,0.0
xgb_fs1,feature_4377,0.0
xgb_fs1,feature_4378,0.0
xgb_fs1,feature_4379,0.0
xgb_fs1,feature_4380,0.0
xgb_fs1,feature_4382,0.0
xgb_fs1,feature_4383,0.0
xgb_fs1,feature_4384,0.0
xgb_fs1,feature_4385,0.0
xgb_fs1,feature_4386,0.0
xgb_fs1,feature_4388,0.0
xgb_fs1,feature_4389,0.0
xgb_fs1,feature_4390,0.0
xgb_fs1,feature_4392,0.0
xgb_fs1,feature_4393,0.0
xgb_fs1,feature_4395,0.0
xgb_fs1,feature_4396,0.0
xgb_fs1,feature_4397,0.0
xgb_fs1,feature_4398,0.0
xgb_fs1,feature_4399,0.0
xgb_fs1,feature_4400,0.0
xgb_fs1,feature_4401,0.0
xgb_fs1,feature_4403,0.0
xgb_fs1,feature_4404,0.0
xgb_fs1,feature_4405,0.0
xgb_fs1,feature_4406,0.0
xgb_fs1,feature_4409,0.0
xgb_fs1,feature_4410,0.0
xgb_fs1,feature_4411,0.0
xgb_fs1,feature_4412,0.0
xgb_fs1,feature_4413,0.0
xgb_fs1,feature_4414,0.0
xgb_fs1,feature_4415,0.0
xgb_fs1,feature_4416,0.0
xgb_fs1,feature_4417,0.0
xgb_fs1,feature_4418,0.0
xgb_fs1,feature_4419,0.0
xgb_fs1,feature_4423,0.0
xgb_fs1,feature_4424,0.0
xgb_fs1,feature_4425,0.0
xgb_fs1,feature_4426,0.0
xgb_fs1,feature_4428,0.0
xgb_fs1,feature_4429,0.0
xgb_fs1,feature_4430,0.0
xgb_fs1,feature_4431,0.0
xgb_fs1,feature_4432,0.0
xgb_fs1,feature_4433,0.0
xgb_fs1,feature_4434,0.0
xgb_fs1,feature_4435,0.0
xgb_fs1,feature_4436,0.0
xgb_fs1,feature_4438,0.0
xgb_fs1,feature_4440,0.0
xgb_fs1,feature_4441,0.0
xgb_fs1,feature_4442,0.0
xgb_fs1,feature_4443,0.0
xgb_fs1,feature_4445,0.0
xgb_fs1,feature_4447,0.0
xgb_fs1,feature_4450,0.0
xgb_fs1,feature_4451,0.0
xgb_fs1,feature_4452,0.0
xgb_fs1,feature_4453,0.0
xgb_fs1,feature_4454,0.0
xgb_fs1,feature_4455,0.0
xgb_fs1,feature_4456,0.0
xgb_fs1,feature_4458,0.0
xgb_fs1,feature_4459,0.0
xgb_fs1,feature_4460,0.0
xgb_fs1,feature_4462,0.0
xgb_fs1,feature_4463,0.0
xgb_fs1,feature_4464,0.0
xgb_fs1,feature_4465,0.0
xgb_fs1,feature_4466,0.0
xgb_fs1,feature_4467,0.0
xgb_fs1,feature_4468,0.0
xgb_fs1,feature_4469,0.0
xgb_fs1,feature_4470,0.0
xgb_fs1,feature_4471,0.0
xgb_fs1,feature_4472,0.0
xgb_fs1,feature_4473,0.0
xgb_fs1,feature_4474,0.0
xgb_fs1,feature_4476,0.0
xgb_fs1,feature_4477,0.0
xgb_fs1,feature_4478,0.0
xgb_fs1,feature_4479,0.0
xgb_fs1,feature_4481,0.0
xgb_fs1,feature_4483,0.0
xgb_fs1,feature_4484,0.0
xgb_fs1,feature_4486,0.0
xgb_fs1,feature_4487,0.0
xgb_fs1,feature_4488,0.0
xgb_fs1,feature_4491,0.0
xgb_fs1,feature_4492,0.0
xgb_fs1,feature_4496,0.0
xgb_fs1,feature_4498,0.0
xgb_fs1,feature_4499,0.0
xgb_fs1,feature_4500,0.0
xgb_fs1,feature_4501,0.0
xgb_fs1,feature_4502,0.0
xgb_fs1,feature_4503,0.0
xgb_fs1,feature_4504,0.0
xgb_fs1,feature_4505,0.0
xgb_fs1,feature_4506,0.0
xgb_fs1,feature_4507,0.0
xgb_fs1,feature_4508,0.0
xgb_fs1,feature_4509,0.0
xgb_fs1,feature_4510,0.0
xgb_fs1,feature_4511,0.0
xgb_fs1,feature_4512,0.0
xgb_fs1,feature_4513,0.0
xgb_fs1,feature_4516,0.0
xgb_fs1,feature_4517,0.0
xgb_fs1,feature_4518,0.0
xgb_fs1,feature_4519,0.0
xgb_fs1,feature_4520,0.0
xgb_fs1,feature_4521,0.0
xgb_fs1,feature_4522,0.0
xgb_fs1,feature_4523,0.0
xgb_fs1,feature_4525,0.0
xgb_fs1,feature_4527,0.0
xgb_fs1,feature_4528,0.0
xgb_fs1,feature_4529,0.0
xgb_fs1,feature_4530,0.0
xgb_fs1,feature_4531,0.0
xgb_fs1,feature_4533,0.0
xgb_fs1,feature_4535,0.0
xgb_fs1,feature_4536,0.0
xgb_fs1,feature_4537,0.0
xgb_fs1,feature_4538,0.0
xgb_fs1,feature_4539,0.0
xgb_fs1,feature_4540,0.0
xgb_fs1,feature_4541,0.0
xgb_fs1,feature_4543,0.0
xgb_fs1,feature_4544,0.0
xgb_fs1,feature_4545,0.0
xgb_fs1,feature_4546,0.0
xgb_fs1,feature_4547,0.0
xgb_fs1,feature_4548,0.0
xgb_fs1,feature_4549,0.0
xgb_fs1,feature_4550,0.0
xgb_fs1,feature_4551,0.0
xgb_fs1,feature_4552,0.0
xgb_fs1,feature_4553,0.0
xgb_fs1,feature_4554,0.0
xgb_fs1,feature_4556,0.0
xgb_fs1,feature_4557,0.0
xgb_fs1,feature_4558,0.0
xgb_fs1,feature_4560,0.0
xgb_fs1,feature_4561,0.0
xgb_fs1,feature_4562,0.0
xgb_fs1,feature_4563,0.0
xgb_fs1,feature_4566,0.0
xgb_fs1,feature_4567,0.0
xgb_fs1,feature_4571,0.0
xgb_fs1,feature_4572,0.0
xgb_fs1,feature_4573,0.0
xgb_fs1,feature_4574,0.0
xgb_fs1,feature_4575,0.0
xgb_fs1,feature_4576,0.0
xgb_fs1,feature_4577,0.0
xgb_fs1,feature_4578,0.0
xgb_fs1,feature_4579,0.0
xgb_fs1,feature_4580,0.0
xgb_fs1,feature_4581,0.0
xgb_fs1,feature_4582,0.0
xgb_fs1,feature_4583,0.0
xgb_fs1,feature_4584,0.0
xgb_fs1,feature_4586,0.0
xgb_fs1,feature_4587,0.0
xgb_fs1,feature_4588,0.0
xgb_fs1,feature_4589,0.0
xgb_fs1,feature_4590,0.0
xgb_fs1,feature_4591,0.0
xgb_fs1,feature_4592,0.0
xgb_fs1,feature_4593,0.0
xgb_fs1,feature_4594,0.0
xgb_fs1,feature_4595,0.0
xgb_fs1,feature_4596,0.0
xgb_fs1,feature_4597,0.0
xgb_fs1,feature_4598,0.0
xgb_fs1,feature_4600,0.0
xgb_fs1,feature_4601,0.0
xgb_fs1,feature_4602,0.0
xgb_fs1,feature_4603,0.0
xgb_fs1,feature_4604,0.0
xgb_fs1,feature_4606,0.0
xgb_fs1,feature_4607,0.0
xgb_fs1,feature_4608,0.0
xgb_fs1,feature_4609,0.0
xgb_fs1,feature_4610,0.0
xgb_fs1,feature_4612,0.0
xgb_fs1,feature_4613,0.0
xgb_fs1,feature_4614,0.0
xgb_fs1,feature_4615,0.0
xgb_fs1,feature_4616,0.0
xgb_fs1,feature_4617,0.0
xgb_fs1,feature_4618,0.0
xgb_fs1,feature_4619,0.0
xgb_fs1,feature_4622,0.0
xgb_fs1,feature_4623,0.0
xgb_fs1,feature_4625,0.0
xgb_fs1,feature_4626,0.0
xgb_fs1,feature_4628,0.0
xgb_fs1,feature_4630,0.0
xgb_fs1,feature_4631,0.0
xgb_fs1,feature_4632,0.0
xgb_fs1,feature_4633,0.0
xgb_fs1,feature_4634,0.0
xgb_fs1,feature_4635,0.0
xgb_fs1,feature_4636,0.0
xgb_fs1,feature_4637,0.0
xgb_fs1,feature_4638,0.0
xgb_fs1,feature_4640,0.0
xgb_fs1,feature_4641,0.0
xgb_fs1,feature_4644,0.0
xgb_fs1,feature_4646,0.0
xgb_fs1,feature_4647,0.0
xgb_fs1,feature_4649,0.0
xgb_fs1,feature_4650,0.0
xgb_fs1,feature_4651,0.0
xgb_fs1,feature_4652,0.0
xgb_fs1,feature_4653,0.0
xgb_fs1,feature_4654,0.0
xgb_fs1,feature_4655,0.0
xgb_fs1,feature_4656,0.0
xgb_fs1,feature_4657,0.0
xgb_fs1,feature_4658,0.0
xgb_fs1,feature_4659,0.0
xgb_fs1,feature_4660,0.0
xgb_fs1,feature_4661,0.0
xgb_fs1,feature_4662,0.0
xgb_fs1,feature_4663,0.0
xgb_fs1,feature_4665,0.0
xgb_fs1,feature_4666,0.0
xgb_fs1,feature_4668,0.0
xgb_fs1,feature_4669,0.0
xgb_fs1,feature_4670,0.0
xgb_fs1,feature_4671,0.0
xgb_fs1,feature_4673,0.0
xgb_fs1,feature_4674,0.0
xgb_fs1,feature_4675,0.0
xgb_fs1,feature_4676,0.0
xgb_fs1,feature_4677,0.0
xgb_fs1,feature_4678,0.0
xgb_fs1,feature_4682,0.0
xgb_fs1,feature_4683,0.0
xgb_fs1,feature_4684,0.0
xgb_fs1,feature_4685,0.0
xgb_fs1,feature_4686,0.0
xgb_fs1,feature_4687,0.0
xgb_fs1,feature_4688,0.0
xgb_fs1,feature_4689,0.0
xgb_fs1,feature_4692,0.0
xgb_fs1,feature_4693,0.0
xgb_fs1,feature_4694,0.0
xgb_fs1,feature_4696,0.0
xgb_fs1,feature_4697,0.0
xgb_fs1,feature_4698,0.0
xgb_fs1,feature_4699,0.0
xgb_fs1,feature_4700,0.0
xgb_fs1,feature_4701,0.0
xgb_fs1,feature_4702,0.0
xgb_fs1,feature_4704,0.0
xgb_fs1,feature_4705,0.0
xgb_fs1,feature_4706,0.0
xgb_fs1,feature_4707,0.0
xgb_fs1,feature_4708,0.0
xgb_fs1,feature_4710,0.0
xgb_fs1,feature_4711,0.0
xgb_fs1,feature_4712,0.0
xgb_fs1,feature_4713,0.0
xgb_fs1,feature_4714,0.0
xgb_fs1,feature_4715,0.0
xgb_fs1,feature_4716,0.0
xgb_fs1,feature_4717,0.0
xgb_fs1,feature_4719,0.0
xgb_fs1,feature_4720,0.0
xgb_fs1,feature_4721,0.0
xgb_fs1,feature_4722,0.0
xgb_fs1,feature_4723,0.0
xgb_fs1,feature_4724,0.0
xgb_fs1,feature_4725,0.0
xgb_fs1,feature_4726,0.0
xgb_fs1,feature_4727,0.0
xgb_fs1,feature_4728,0.0
xgb_fs1,feature_4729,0.0
xgb_fs1,feature_4730,0.0
xgb_fs1,feature_4731,0.0
xgb_fs1,feature_4732,0.0
xgb_fs1,feature_4735,0.0
xgb_fs1,feature_4736,0.0
xgb_fs1,feature_4737,0.0
xgb_fs1,feature_4738,0.0
xgb_fs1,feature_4739,0.0
xgb_fs1,feature_4740,0.0
xgb_fs1,feature_4741,0.0
xgb_fs1,feature_4747,0.0
xgb_fs1,feature_4748,0.0
xgb_fs1,feature_4749,0.0
xgb_fs1,feature_4750,0.0
xgb_fs1,feature_4751,0.0
xgb_fs1,feature_4752,0.0
xgb_fs1,feature_4753,0.0
xgb_fs1,feature_4754,0.0
xgb_fs1,feature_4755,0.0
xgb_fs1,feature_4756,0.0
xgb_fs1,feature_4757,0.0
xgb_fs1,feature_4758,0.0
xgb_fs1,feature_4759,0.0
xgb_fs1,feature_4761,0.0
xgb_fs1,feature_4762,0.0
xgb_fs1,feature_4766,0.0
xgb_fs1,feature_4767,0.0
xgb_fs1,feature_4768,0.0
xgb_fs1,feature_4769,0.0
xgb_fs1,feature_4770,0.0
xgb_fs1,feature_4771,0.0
xgb_fs1,feature_4772,0.0
xgb_fs1,feature_4773,0.0
xgb_fs1,feature_4774,0.0
xgb_fs1,feature_4776,0.0
xgb_fs1,feature_4778,0.0
xgb_fs1,feature_4779,0.0
xgb_fs1,feature_4780,0.0
xgb_fs1,feature_4782,0.0
xgb_fs1,feature_4783,0.0
xgb_fs1,feature_4784,0.0
xgb_fs1,feature_4786,0.0
xgb_fs1,feature_4787,0.0
xgb_fs1,feature_4788,0.0
xgb_fs1,feature_4789,0.0
xgb_fs1,feature_4790,0.0
xgb_fs1,feature_4791,0.0
xgb_fs1,feature_4792,0.0
xgb_fs1,feature_4793,0.0
xgb_fs1,feature_4794,0.0
xgb_fs1,feature_4795,0.0
xgb_fs1,feature_4796,0.0
xgb_fs1,feature_4797,0.0
xgb_fs1,feature_4798,0.0
xgb_fs1,feature_4799,0.0
xgb_fs1,feature_4800,0.0
xgb_fs1,feature_4801,0.0
xgb_fs1,feature_4802,0.0
xgb_fs1,feature_4803,0.0
xgb_fs1,feature_4806,0.0
xgb_fs1,feature_4807,0.0
xgb_fs1,feature_4808,0.0
xgb_fs1,feature_4809,0.0
xgb_fs1,feature_4810,0.0
xgb_fs1,feature_4811,0.0
xgb_fs1,feature_4812,0.0
xgb_fs1,feature_4813,0.0
xgb_fs1,feature_4814,0.0
xgb_fs1,feature_4817,0.0
xgb_fs1,feature_4818,0.0
xgb_fs1,feature_4819,0.0
xgb_fs1,feature_4820,0.0
xgb_fs1,feature_4821,0.0
xgb_fs1,feature_4822,0.0
xgb_fs1,feature_4823,0.0
xgb_fs1,feature_4824,0.0
xgb_fs1,feature_4825,0.0
xgb_fs1,feature_4827,0.0
xgb_fs1,feature_4832,0.0
xgb_fs1,feature_4833,0.0
xgb_fs1,feature_4834,0.0
xgb_fs1,feature_4835,0.0
xgb_fs1,feature_4836,0.0
xgb_fs1,feature_4837,0.0
xgb_fs1,feature_4838,0.0
xgb_fs1,feature_4839,0.0
xgb_fs1,feature_4840,0.0
xgb_fs1,feature_4841,0.0
xgb_fs1,feature_4842,0.0
xgb_fs1,feature_4843,0.0
xgb_fs1,feature_4844,0.0
xgb_fs1,feature_4846,0.0
xgb_fs1,feature_4847,0.0
xgb_fs1,feature_4848,0.0
xgb_fs1,feature_4849,0.0
xgb_fs1,feature_4850,0.0
xgb_fs1,feature_4851,0.0
xgb_fs1,feature_4853,0.0
xgb_fs1,feature_4855,0.0
xgb_fs1,feature_4856,0.0
xgb_fs1,feature_4857,0.0
xgb_fs1,feature_4859,0.0
xgb_fs1,feature_4860,0.0
xgb_fs1,feature_4861,0.0
xgb_fs1,feature_4862,0.0
xgb_fs1,feature_4863,0.0
xgb_fs1,feature_4864,0.0
xgb_fs1,feature_4865,0.0
xgb_fs1,feature_4867,0.0
xgb_fs1,feature_4868,0.0
xgb_fs1,feature_4870,0.0
xgb_fs1,feature_4871,0.0
xgb_fs1,feature_4872,0.0
xgb_fs1,feature_4874,0.0
xgb_fs1,feature_4875,0.0
xgb_fs1,feature_4876,0.0
xgb_fs1,feature_4877,0.0
xgb_fs1,feature_4879,0.0
xgb_fs1,feature_4880,0.0
xgb_fs1,feature_4881,0.0
xgb_fs1,feature_4882,0.0
xgb_fs1,feature_4883,0.0
xgb_fs1,feature_4884,0.0
xgb_fs1,feature_4885,0.0
xgb_fs1,feature_4886,0.0
xgb_fs1,feature_4887,0.0
xgb_fs1,feature_4888,0.0
xgb_fs1,feature_4889,0.0
xgb_fs1,feature_4891,0.0
xgb_fs1,feature_4893,0.0
xgb_fs1,feature_4894,0.0
xgb_fs1,feature_4895,0.0
xgb_fs1,feature_4896,0.0
xgb_fs1,feature_4897,0.0
xgb_fs1,feature_4898,0.0
xgb_fs1,feature_4899,0.0
xgb_fs1,feature_4900,0.0
xgb_fs1,feature_4901,0.0
xgb_fs1,feature_4903,0.0
xgb_fs1,feature_4906,0.0
xgb_fs1,feature_4907,0.0
xgb_fs1,feature_4908,0.0
xgb_fs1,feature_4909,0.0
xgb_fs1,feature_4910,0.0
xgb_fs1,feature_4911,0.0
xgb_fs1,feature_4912,0.0
xgb_fs1,feature_4913,0.0
xgb_fs1,feature_4914,0.0
xgb_fs1,feature_4915,0.0
xgb_fs1,feature_4916,0.0
xgb_fs1,feature_4917,0.0
xgb_fs1,feature_4918,0.0
xgb_fs1,feature_4919,0.0
xgb_fs1,feature_4920,0.0
xgb_fs1,feature_4921,0.0
xgb_fs1,feature_4922,0.0
xgb_fs1,feature_4923,0.0
xgb_fs1,feature_4924,0.0
xgb_fs1,feature_4925,0.0
xgb_fs1,feature_4926,0.0
xgb_fs1,feature_4927,0.0
xgb_fs1,feature_4930,0.0
xgb_fs1,feature_4931,0.0
xgb_fs1,feature_4932,0.0
xgb_fs1,feature_4933,0.0
xgb_fs1,feature_4934,0.0
xgb_fs1,feature_4935,0.0
xgb_fs1,feature_4936,0.0
xgb_fs1,feature_4937,0.0
xgb_fs1,feature_4938,0.0
xgb_fs1,feature_4939,0.0
xgb_fs1,feature_4940,0.0
xgb_fs1,feature_4941,0.0
xgb_fs1,feature_4942,0.0
xgb_fs1,feature_4943,0.0
xgb_fs1,feature_4944,0.0
xgb_fs1,feature_4945,0.0
xgb_fs1,feature_4946,0.0
xgb_fs1,feature_4947,0.0
xgb_fs1,feature_4948,0.0
xgb_fs1,feature_4949,0.0
xgb_fs1,feature_4951,0.0
xgb_fs1,feature_4952,0.0
xgb_fs1,feature_4953,0.0
xgb_fs1,feature_4954,0.0
xgb_fs1,feature_4957,0.0
xgb_fs1,feature_4959,0.0
xgb_fs1,feature_4960,0.0
xgb_fs1,feature_4961,0.0
xgb_fs1,feature_4962,0.0
xgb_fs1,feature_4963,0.0
xgb_fs1,feature_4964,0.0
xgb_fs1,feature_4965,0.0
xgb_fs1,feature_4966,0.0
xgb_fs1,feature_4967,0.0
xgb_fs1,feature_4968,0.0
xgb_fs1,feature_4970,0.0
xgb_fs1,feature_4971,0.0
xgb_fs1,feature_4972,0.0
xgb_fs1,feature_4973,0.0
xgb_fs1,feature_4974,0.0
xgb_fs1,feature_4975,0.0
xgb_fs1,feature_4976,0.0
xgb_fs1,feature_4977,0.0
xgb_fs1,feature_4978,0.0
xgb_fs1,feature_4979,0.0
xgb_fs1,feature_4980,0.0
xgb_fs1,feature_4981,0.0
xgb_fs1,feature_4983,0.0
xgb_fs1,feature_4984,0.0
xgb_fs1,feature_4985,0.0
xgb_fs1,feature_4987,0.0
xgb_fs1,feature_4988,0.0
xgb_fs1,feature_4989,0.0
xgb_fs1,feature_4990,0.0
xgb_fs1,feature_4991,0.0
xgb_fs1,feature_4992,0.0
xgb_fs1,feature_4993,0.0
xgb_fs1,feature_4994,0.0
xgb_fs1,feature_4995,0.0
xgb_fs1,feature_4996,0.0
xgb_fs1,feature_4997,0.0
xgb_fs1,feature_4998,0.0
xgb_fs1,feature_4999,0.0
xgb_fs1,feature_5001,0.0
xgb_fs1,feature_5002,0.0
xgb_fs1,feature_5003,0.0
xgb_fs1,feature_5004,0.0
xgb_fs1,feature_5005,0.0
xgb_fs1,feature_5006,0.0
xgb_fs1,feature_5007,0.0
xgb_fs1,feature_5008,0.0
xgb_fs1,feature_5009,0.0
xgb_fs1,feature_5010,0.0
xgb_fs1,feature_5011,0.0
xgb_fs1,feature_5012,0.0
xgb_fs1,feature_5013,0.0
xgb_fs1,feature_5014,0.0
xgb_fs1,feature_5015,0.0
xgb_fs1,feature_5016,0.0
xgb_fs1,feature_5017,0.0
xgb_fs1,feature_5018,0.0
xgb_fs1,feature_5019,0.0
xgb_fs1,feature_5020,0.0
xgb_fs1,feature_5021,0.0
xgb_fs1,feature_5022,0.0
xgb_fs1,feature_5023,0.0
xgb_fs1,feature_5024,0.0
xgb_fs1,feature_5025,0.0
xgb_fs1,feature_5027,0.0
xgb_fs1,feature_5028,0.0
xgb_fs1,feature_5029,0.0
xgb_fs1,feature_5030,0.0
xgb_fs1,feature_5031,0.0
xgb_fs1,feature_5032,0.0
xgb_fs1,feature_5033,0.0
xgb_fs1,feature_5034,0.0
xgb_fs1,feature_5035,0.0
xgb_fs1,feature_5036,0.0
xgb_fs1,feature_5038,0.0
xgb_fs1,feature_5039,0.0
xgb_fs1,feature_5043,0.0
xgb_fs1,feature_5044,0.0
xgb_fs1,feature_5045,0.0
xgb_fs1,feature_5046,0.0
xgb_fs1,feature_5048,0.0
xgb_fs1,feature_5049,0.0
xgb_fs1,feature_5050,0.0
xgb_fs1,feature_5051,0.0
xgb_fs1,feature_5052,0.0
xgb_fs1,feature_5053,0.0
xgb_fs1,feature_5055,0.0
xgb_fs1,feature_5056,0.0
xgb_fs1,feature_5057,0.0
xgb_fs1,feature_5058,0.0
xgb_fs1,feature_5060,0.0
xgb_fs1,feature_5061,0.0
xgb_fs1,feature_5063,0.0
xgb_fs1,feature_5065,0.0
xgb_fs1,feature_5066,0.0
xgb_fs1,feature_5068,0.0
xgb_fs1,feature_5069,0.0
xgb_fs1,feature_5070,0.0
xgb_fs1,feature_5072,0.0
xgb_fs1,feature_5073,0.0
xgb_fs1,feature_5074,0.0
xgb_fs1,feature_5075,0.0
xgb_fs1,feature_5076,0.0
xgb_fs1,feature_5078,0.0
xgb_fs1,feature_5079,0.0
xgb_fs1,feature_5080,0.0
xgb_fs1,feature_5081,0.0
xgb_fs1,feature_5082,0.0
xgb_fs1,feature_5083,0.0
xgb_fs1,feature_5084,0.0
xgb_fs1,feature_5085,0.0
xgb_fs1,feature_5086,0.0
xgb_fs1,feature_5087,0.0
xgb_fs1,feature_5088,0.0
xgb_fs1,feature_5089,0.0
xgb_fs1,feature_5090,0.0
xgb_fs1,feature_5092,0.0
xgb_fs1,feature_5093,0.0
xgb_fs1,feature_5094,0.0
xgb_fs1,feature_5095,0.0
xgb_fs1,feature_5097,0.0
xgb_fs1,feature_5098,0.0
xgb_fs1,feature_5100,0.0
xgb_fs1,feature_5101,0.0
xgb_fs1,feature_5102,0.0
xgb_fs1,feature_5103,0.0
xgb_fs1,feature_5104,0.0
xgb_fs1,feature_5105,0.0
xgb_fs1,feature_5106,0.0
xgb_fs1,feature_5107,0.0
xgb_fs1,feature_5108,0.0
xgb_fs1,feature_5111,0.0
xgb_fs1,feature_5113,0.0
xgb_fs1,feature_5114,0.0
xgb_fs1,feature_5116,0.0
xgb_fs1,feature_5117,0.0
xgb_fs1,feature_5118,0.0
xgb_fs1,feature_5119,0.0
xgb_fs1,feature_5120,0.0
xgb_fs1,feature_5121,0.0
xgb_fs1,feature_5122,0.0
xgb_fs1,feature_5125,0.0
xgb_fs1,feature_5126,0.0
xgb_fs1,feature_5130,0.0
xgb_fs1,feature_5133,0.0
xgb_fs1,feature_5134,0.0
xgb_fs1,feature_5135,0.0
xgb_fs1,feature_5136,0.0
xgb_fs1,feature_5137,0.0
xgb_fs1,feature_5138,0.0
xgb_fs1,feature_5140,0.0
xgb_fs1,feature_5142,0.0
xgb_fs1,feature_5143,0.0
xgb_fs1,feature_5144,0.0
xgb_fs1,feature_5145,0.0
xgb_fs1,feature_5146,0.0
xgb_fs1,feature_5147,0.0
xgb_fs1,feature_5148,0.0
xgb_fs1,feature_5150,0.0
xgb_fs1,feature_5151,0.0
xgb_fs1,feature_5152,0.0
xgb_fs1,feature_5153,0.0
xgb_fs1,feature_5154,0.0
xgb_fs1,feature_5156,0.0
xgb_fs1,feature_5157,0.0
xgb_fs1,feature_5158,0.0
xgb_fs1,feature_5159,0.0
xgb_fs1,feature_5160,0.0
xgb_fs1,feature_5162,0.0
xgb_fs1,feature_5163,0.0
xgb_fs1,feature_5164,0.0
xgb_fs1,feature_5165,0.0
xgb_fs1,feature_5167,0.0
xgb_fs1,feature_5168,0.0
xgb_fs1,feature_5169,0.0
xgb_fs1,feature_5170,0.0
xgb_fs1,feature_5171,0.0
xgb_fs1,feature_5172,0.0
xgb_fs1,feature_5173,0.0
xgb_fs1,feature_5174,0.0
xgb_fs1,feature_5175,0.0
xgb_fs1,feature_5178,0.0
xgb_fs1,feature_5179,0.0
xgb_fs1,feature_5180,0.0
xgb_fs1,feature_5181,0.0
xgb_fs1,feature_5182,0.0
xgb_fs1,feature_5183,0.0
xgb_fs1,feature_5185,0.0
xgb_fs1,feature_5186,0.0
xgb_fs1,feature_5187,0.0
xgb_fs1,feature_5188,0.0
xgb_fs1,feature_5189,0.0
xgb_fs1,feature_5190,0.0
xgb_fs1,feature_5191,0.0
xgb_fs1,feature_5192,0.0
xgb_fs1,feature_5193,0.0
xgb_fs1,feature_5194,0.0
xgb_fs1,feature_5195,0.0
xgb_fs1,feature_5196,0.0
xgb_fs1,feature_5197,0.0
xgb_fs1,feature_5198,0.0
xgb_fs1,feature_5199,0.0
xgb_fs1,feature_5200,0.0
xgb_fs1,feature_5203,0.0
xgb_fs1,feature_5204,0.0
xgb_fs1,feature_5205,0.0
xgb_fs1,feature_5206,0.0
xgb_fs1,feature_5207,0.0
xgb_fs1,feature_5208,0.0
xgb_fs1,feature_5209,0.0
xgb_fs1,feature_5210,0.0
xgb_fs1,feature_5211,0.0
xgb_fs1,feature_5212,0.0
xgb_fs1,feature_5213,0.0
xgb_fs1,feature_5214,0.0
xgb_fs1,feature_5215,0.0
xgb_fs1,feature_5218,0.0
xgb_fs1,feature_5219,0.0
xgb_fs1,feature_5220,0.0
xgb_fs1,feature_5221,0.0
xgb_fs1,feature_5222,0.0
xgb_fs1,feature_5224,0.0
xgb_fs1,feature_5225,0.0
xgb_fs1,feature_5226,0.0
xgb_fs1,feature_5228,0.0
xgb_fs1,feature_5229,0.0
xgb_fs1,feature_5230,0.0
xgb_fs1,feature_5231,0.0
xgb_fs1,feature_5233,0.0
xgb_fs1,feature_5234,0.0
xgb_fs1,feature_5235,0.0
xgb_fs1,feature_5236,0.0
xgb_fs1,feature_5237,0.0
xgb_fs1,feature_5238,0.0
xgb_fs1,feature_5239,0.0
xgb_fs1,feature_5240,0.0
xgb_fs1,feature_5241,0.0
xgb_fs1,feature_5242,0.0
xgb_fs1,feature_5245,0.0
xgb_fs1,feature_5246,0.0
xgb_fs1,feature_5247,0.0
xgb_fs1,feature_5249,0.0
xgb_fs1,feature_5250,0.0
xgb_fs1,feature_5251,0.0
xgb_fs1,feature_5252,0.0
xgb_fs1,feature_5253,0.0
xgb_fs1,feature_5254,0.0
xgb_fs1,feature_5255,0.0
xgb_fs1,feature_5257,0.0
xgb_fs1,feature_5258,0.0
xgb_fs1,feature_5259,0.0
xgb_fs1,feature_5261,0.0
xgb_fs1,feature_5262,0.0
xgb_fs1,feature_5264,0.0
xgb_fs1,feature_5266,0.0
xgb_fs1,feature_5269,0.0
xgb_fs1,feature_5271,0.0
xgb_fs1,feature_5272,0.0
xgb_fs1,feature_5273,0.0
xgb_fs1,feature_5274,0.0
xgb_fs1,feature_5277,0.0
xgb_fs1,feature_5278,0.0
xgb_fs1,feature_5281,0.0
xgb_fs1,feature_5282,0.0
xgb_fs1,feature_5283,0.0
xgb_fs1,feature_5284,0.0
xgb_fs1,feature_5286,0.0
xgb_fs1,feature_5288,0.0
xgb_fs1,feature_5289,0.0
xgb_fs1,feature_5290,0.0
xgb_fs1,feature_5291,0.0
xgb_fs1,feature_5292,0.0
xgb_fs1,feature_5293,0.0
xgb_fs1,feature_5294,0.0
xgb_fs1,feature_5295,0.0
xgb_fs1,feature_5297,0.0
xgb_fs1,feature_5299,0.0
xgb_fs1,feature_5300,0.0
xgb_fs1,feature_5301,0.0
xgb_fs1,feature_5303,0.0
xgb_fs1,feature_5304,0.0
xgb_fs1,feature_5305,0.0
xgb_fs1,feature_5307,0.0
xgb_fs1,feature_5309,0.0
xgb_fs1,feature_5310,0.0
xgb_fs1,feature_5312,0.0
xgb_fs1,feature_5313,0.0
xgb_fs1,feature_5314,0.0
xgb_fs1,feature_5315,0.0
xgb_fs1,feature_5316,0.0
xgb_fs1,feature_5317,0.0
xgb_fs1,feature_5318,0.0
xgb_fs1,feature_5319,0.0
xgb_fs1,feature_5320,0.0
xgb_fs1,feature_5321,0.0
xgb_fs1,feature_5322,0.0
xgb_fs1,feature_5324,0.0
xgb_fs1,feature_5325,0.0
xgb_fs1,feature_5329,0.0
xgb_fs1,feature_5330,0.0
xgb_fs1,feature_5331,0.0
xgb_fs1,feature_5333,0.0
xgb_fs1,feature_5335,0.0
xgb_fs1,feature_5337,0.0
xgb_fs1,feature_5338,0.0
xgb_fs1,feature_5339,0.0
xgb_fs1,feature_5340,0.0
xgb_fs1,feature_5341,0.0
xgb_fs1,feature_5342,0.0
xgb_fs1,feature_5344,0.0
xgb_fs1,feature_5345,0.0
xgb_fs1,feature_5346,0.0
xgb_fs1,feature_5347,0.0
xgb_fs1,feature_5348,0.0
xgb_fs1,feature_5351,0.0
xgb_fs1,feature_5352,0.0
xgb_fs1,feature_5353,0.0
xgb_fs1,feature_5354,0.0
xgb_fs1,feature_5355,0.0
xgb_fs1,feature_5359,0.0
xgb_fs1,feature_5361,0.0
xgb_fs1,feature_5363,0.0
xgb_fs1,feature_5365,0.0
xgb_fs1,feature_5366,0.0
xgb_fs1,feature_5367,0.0
xgb_fs1,feature_5368,0.0
xgb_fs1,feature_5369,0.0
xgb_fs1,feature_5371,0.0
xgb_fs1,feature_5372,0.0
xgb_fs1,feature_5373,0.0
xgb_fs1,feature_5374,0.0
xgb_fs1,feature_5375,0.0
xgb_fs1,feature_5376,0.0
xgb_fs1,feature_5378,0.0
xgb_fs1,feature_5379,0.0
xgb_fs1,feature_5382,0.0
xgb_fs1,feature_5383,0.0
xgb_fs1,feature_5384,0.0
xgb_fs1,feature_5385,0.0
xgb_fs1,feature_5386,0.0
xgb_fs1,feature_5387,0.0
xgb_fs1,feature_5388,0.0
xgb_fs1,feature_5389,0.0
xgb_fs1,feature_5390,0.0
xgb_fs1,feature_5391,0.0
xgb_fs1,feature_5392,0.0
xgb_fs1,feature_5394,0.0
xgb_fs1,feature_5395,0.0
xgb_fs1,feature_5396,0.0
xgb_fs1,feature_5397,0.0
xgb_fs1,feature_5398,0.0
xgb_fs1,feature_5399,0.0
xgb_fs1,feature_5400,0.0
xgb_fs1,feature_5402,0.0
xgb_fs1,feature_5403,0.0
xgb_fs1,feature_5405,0.0
xgb_fs1,feature_5407,0.0
xgb_fs1,feature_5408,0.0
xgb_fs1,feature_5409,0.0
xgb_fs1,feature_5410,0.0
xgb_fs1,feature_5411,0.0
xgb_fs1,feature_5412,0.0
xgb_fs1,feature_5414,0.0
xgb_fs1,feature_5415,0.0
xgb_fs1,feature_5417,0.0
xgb_fs1,feature_5418,0.0
xgb_fs1,feature_5419,0.0
xgb_fs1,feature_5421,0.0
xgb_fs1,feature_5422,0.0
xgb_fs1,feature_5423,0.0
xgb_fs1,feature_5424,0.0
xgb_fs1,feature_5425,0.0
xgb_fs1,feature_5426,0.0
xgb_fs1,feature_5428,0.0
xgb_fs1,feature_5429,0.0
xgb_fs1,feature_5430,0.0
xgb_fs1,feature_5431,0.0
xgb_fs1,feature_5432,0.0
xgb_fs1,feature_5433,0.0
xgb_fs1,feature_5435,0.0
xgb_fs1,feature_5436,0.0
xgb_fs1,feature_5437,0.0
xgb_fs1,feature_5438,0.0
xgb_fs1,feature_5439,0.0
xgb_fs1,feature_5440,0.0
xgb_fs1,feature_5441,0.0
xgb_fs1,feature_5442,0.0
xgb_fs1,feature_5443,0.0
xgb_fs1,feature_5444,0.0
xgb_fs1,feature_5445,0.0
xgb_fs1,feature_5446,0.0
xgb_fs1,feature_5447,0.0
xgb_fs1,feature_5448,0.0
xgb_fs1,feature_5449,0.0
xgb_fs1,feature_5450,0.0
xgb_fs1,feature_5451,0.0
xgb_fs1,feature_5454,0.0
xgb_fs1,feature_5455,0.0
xgb_fs1,feature_5456,0.0
xgb_fs1,feature_5457,0.0
xgb_fs1,feature_5458,0.0
xgb_fs1,feature_5459,0.0
xgb_fs1,feature_5460,0.0
xgb_fs1,feature_5461,0.0
xgb_fs1,feature_5462,0.0
xgb_fs1,feature_5463,0.0
xgb_fs1,feature_5464,0.0
xgb_fs1,feature_5465,0.0
xgb_fs1,feature_5467,0.0
xgb_fs1,feature_5468,0.0
xgb_fs1,feature_5469,0.0
xgb_fs1,feature_5470,0.0
xgb_fs1,feature_5472,0.0
xgb_fs1,feature_5473,0.0
xgb_fs1,feature_5475,0.0
xgb_fs1,feature_5476,0.0
xgb_fs1,feature_5477,0.0
xgb_fs1,feature_5478,0.0
xgb_fs1,feature_5479,0.0
xgb_fs1,feature_5480,0.0
xgb_fs1,feature_5481,0.0
xgb_fs1,feature_5484,0.0
xgb_fs1,feature_5485,0.0
xgb_fs1,feature_5486,0.0
xgb_fs1,feature_5487,0.0
xgb_fs1,feature_5488,0.0
xgb_fs1,feature_5489,0.0
xgb_fs1,feature_5490,0.0
xgb_fs1,feature_5491,0.0
xgb_fs1,feature_5492,0.0
xgb_fs1,feature_5493,0.0
xgb_fs1,feature_5494,0.0
xgb_fs1,feature_5495,0.0
xgb_fs1,feature_5496,0.0
xgb_fs1,feature_5497,0.0
xgb_fs1,feature_5498,0.0
xgb_fs1,feature_5500,0.0
xgb_fs1,feature_5501,0.0
xgb_fs1,feature_5502,0.0
xgb_fs1,feature_5504,0.0
xgb_fs1,feature_5505,0.0
xgb_fs1,feature_5506,0.0
xgb_fs1,feature_5507,0.0
xgb_fs1,feature_5508,0.0
xgb_fs1,feature_5509,0.0
xgb_fs1,feature_5511,0.0
xgb_fs1,feature_5513,0.0
xgb_fs1,feature_5515,0.0
xgb_fs1,feature_5516,0.0
xgb_fs1,feature_5519,0.0
xgb_fs1,feature_5520,0.0
xgb_fs1,feature_5521,0.0
xgb_fs1,feature_5522,0.0
xgb_fs1,feature_5523,0.0
xgb_fs1,feature_5524,0.0
xgb_fs1,feature_5526,0.0
xgb_fs1,feature_5527,0.0
xgb_fs1,feature_5528,0.0
xgb_fs1,feature_5529,0.0
xgb_fs1,feature_5530,0.0
xgb_fs1,feature_5531,0.0
xgb_fs1,feature_5532,0.0
xgb_fs1,feature_5533,0.0
xgb_fs1,feature_5534,0.0
xgb_fs1,feature_5535,0.0
xgb_fs1,feature_5536,0.0
xgb_fs1,feature_5537,0.0
xgb_fs1,feature_5540,0.0
xgb_fs1,feature_5541,0.0
xgb_fs1,feature_5544,0.0
xgb_fs1,feature_5545,0.0
xgb_fs1,feature_5546,0.0
xgb_fs1,feature_5547,0.0
xgb_fs1,feature_5548,0.0
xgb_fs1,feature_5549,0.0
xgb_fs1,feature_5550,0.0
xgb_fs1,feature_5551,0.0
xgb_fs1,feature_5552,0.0
xgb_fs1,feature_5553,0.0
xgb_fs1,feature_5554,0.0
xgb_fs1,feature_5555,0.0
xgb_fs1,feature_5556,0.0
xgb_fs1,feature_5557,0.0
xgb_fs1,feature_5558,0.0
xgb_fs1,feature_5559,0.0
xgb_fs1,feature_5560,0.0
xgb_fs1,feature_5561,0.0
xgb_fs1,feature_5562,0.0
xgb_fs1,feature_5564,0.0
xgb_fs1,feature_5565,0.0
xgb_fs1,feature_5566,0.0
xgb_fs1,feature_5567,0.0
xgb_fs1,feature_5568,0.0
xgb_fs1,feature_5570,0.0
xgb_fs1,feature_5571,0.0
xgb_fs1,feature_5572,0.0
xgb_fs1,feature_5574,0.0
xgb_fs1,feature_5575,0.0
xgb_fs1,feature_5576,0.0
xgb_fs1,feature_5577,0.0
xgb_fs1,feature_5578,0.0
xgb_fs1,feature_5579,0.0
xgb_fs1,feature_5580,0.0
xgb_fs1,feature_5581,0.0
xgb_fs1,feature_5583,0.0
xgb_fs1,feature_5584,0.0
xgb_fs1,feature_5585,0.0
xgb_fs1,feature_5586,0.0
xgb_fs1,feature_5587,0.0
xgb_fs1,feature_5588,0.0
xgb_fs1,feature_5590,0.0
xgb_fs1,feature_5591,0.0
xgb_fs1,feature_5592,0.0
xgb_fs1,feature_5593,0.0
xgb_fs1,feature_5594,0.0
xgb_fs1,feature_5595,0.0
xgb_fs1,feature_5596,0.0
xgb_fs1,feature_5598,0.0
xgb_fs1,feature_5599,0.0
xgb_fs1,feature_5600,0.0
xgb_fs1,feature_5601,0.0
xgb_fs1,feature_5602,0.0
xgb_fs1,feature_5603,0.0
xgb_fs1,feature_5604,0.0
xgb_fs1,feature_5605,0.0
xgb_fs1,feature_5606,0.0
xgb_fs1,feature_5607,0.0
xgb_fs1,feature_5608,0.0
xgb_fs1,feature_5609,0.0
xgb_fs1,feature_5610,0.0
xgb_fs1,feature_5611,0.0
xgb_fs1,feature_5612,0.0
xgb_fs1,feature_5613,0.0
xgb_fs1,feature_5615,0.0
xgb_fs1,feature_5616,0.0
xgb_fs1,feature_5617,0.0
xgb_fs1,feature_5618,0.0
xgb_fs1,feature_5620,0.0
xgb_fs1,feature_5621,0.0
xgb_fs1,feature_5623,0.0
xgb_fs1,feature_5625,0.0
xgb_fs1,feature_5626,0.0
xgb_fs1,feature_5627,0.0
xgb_fs1,feature_5628,0.0
xgb_fs1,feature_5629,0.0
xgb_fs1,feature_5631,0.0
xgb_fs1,feature_5632,0.0
xgb_fs1,feature_5633,0.0
xgb_fs1,feature_5634,0.0
xgb_fs1,feature_5635,0.0
xgb_fs1,feature_5636,0.0
xgb_fs1,feature_5637,0.0
xgb_fs1,feature_5638,0.0
xgb_fs1,feature_5639,0.0
xgb_fs1,feature_5640,0.0
xgb_fs1,feature_5641,0.0
xgb_fs1,feature_5643,0.0
xgb_fs1,feature_5644,0.0
xgb_fs1,feature_5646,0.0
xgb_fs1,feature_5647,0.0
xgb_fs1,feature_5648,0.0
xgb_fs1,feature_5649,0.0
xgb_fs1,feature_5650,0.0
xgb_fs1,feature_5651,0.0
xgb_fs1,feature_5652,0.0
xgb_fs1,feature_5653,0.0
xgb_fs1,feature_5655,0.0
xgb_fs1,feature_5656,0.0
xgb_fs1,feature_5657,0.0
xgb_fs1,feature_5658,0.0
xgb_fs1,feature_5659,0.0
xgb_fs1,feature_5660,0.0
xgb_fs1,feature_5661,0.0
xgb_fs1,feature_5662,0.0
xgb_fs1,feature_5663,0.0
xgb_fs1,feature_5665,0.0
xgb_fs1,feature_5666,0.0
xgb_fs1,feature_5668,0.0
xgb_fs1,feature_5669,0.0
xgb_fs1,feature_5670,0.0
xgb_fs1,feature_5672,0.0
xgb_fs1,feature_5673,0.0
xgb_fs1,feature_5674,0.0
xgb_fs1,feature_5675,0.0
xgb_fs1,feature_5676,0.0
xgb_fs1,feature_5677,0.0
xgb_fs1,feature_5678,0.0
xgb_fs1,feature_5680,0.0
xgb_fs1,feature_5681,0.0
xgb_fs1,feature_5682,0.0
xgb_fs1,feature_5684,0.0
xgb_fs1,feature_5685,0.0
xgb_fs1,feature_5686,0.0
xgb_fs1,feature_5687,0.0
xgb_fs1,feature_5690,0.0
xgb_fs1,feature_5691,0.0
xgb_fs1,feature_5692,0.0
xgb_fs1,feature_5693,0.0
xgb_fs1,feature_5695,0.0
xgb_fs1,feature_5696,0.0
xgb_fs1,feature_5698,0.0
xgb_fs1,feature_5699,0.0
xgb_fs1,feature_5701,0.0
xgb_fs1,feature_5702,0.0
xgb_fs1,feature_5703,0.0
xgb_fs1,feature_5704,0.0
xgb_fs1,feature_5705,0.0
xgb_fs1,feature_5706,0.0
xgb_fs1,feature_5707,0.0
xgb_fs1,feature_5709,0.0
xgb_fs1,feature_5710,0.0
xgb_fs1,feature_5711,0.0
xgb_fs1,feature_5712,0.0
xgb_fs1,feature_5713,0.0
xgb_fs1,feature_5715,0.0
xgb_fs1,feature_5718,0.0
xgb_fs1,feature_5719,0.0
xgb_fs1,feature_5720,0.0
xgb_fs1,feature_5721,0.0
xgb_fs1,feature_5722,0.0
xgb_fs1,feature_5723,0.0
xgb_fs1,feature_5724,0.0
xgb_fs1,feature_5726,0.0
xgb_fs1,feature_5727,0.0
xgb_fs1,feature_5728,0.0
xgb_fs1,feature_5729,0.0
xgb_fs1,feature_5730,0.0
xgb_fs1,feature_5731,0.0
xgb_fs1,feature_5732,0.0
xgb_fs1,feature_5733,0.0
xgb_fs1,feature_5734,0.0
xgb_fs1,feature_5735,0.0
xgb_fs1,feature_5736,0.0
xgb_fs1,feature_5737,0.0
xgb_fs1,feature_5739,0.0
xgb_fs1,feature_5740,0.0
xgb_fs1,feature_5743,0.0
xgb_fs1,feature_5744,0.0
xgb_fs1,feature_5745,0.0
xgb_fs1,feature_5746,0.0
xgb_fs1,feature_5747,0.0
xgb_fs1,feature_5748,0.0
xgb_fs1,feature_5749,0.0
xgb_fs1,feature_5750,0.0
xgb_fs1,feature_5751,0.0
xgb_fs1,feature_5752,0.0
xgb_fs1,feature_5753,0.0
xgb_fs1,feature_5754,0.0
xgb_fs1,feature_5756,0.0
xgb_fs1,feature_5757,0.0
xgb_fs1,feature_5758,0.0
xgb_fs1,feature_5759,0.0
xgb_fs1,feature_5760,0.0
xgb_fs1,feature_5761,0.0
xgb_fs1,feature_5762,0.0
xgb_fs1,feature_5764,0.0
xgb_fs1,feature_5765,0.0
xgb_fs1,feature_5766,0.0
xgb_fs1,feature_5767,0.0
xgb_fs1,feature_5769,0.0
xgb_fs1,feature_5772,0.0
xgb_fs1,feature_5774,0.0
xgb_fs1,feature_5776,0.0
xgb_fs1,feature_5777,0.0
xgb_fs1,feature_5779,0.0
xgb_fs1,feature_5781,0.0
xgb_fs1,feature_5782,0.0
xgb_fs1,feature_5783,0.0
xgb_fs1,feature_5784,0.0
xgb_fs1,feature_5785,0.0
xgb_fs1,feature_5786,0.0
xgb_fs1,feature_5787,0.0
xgb_fs1,feature_5789,0.0
xgb_fs1,feature_5790,0.0
xgb_fs1,feature_5791,0.0
xgb_fs1,feature_5792,0.0
xgb_fs1,feature_5794,0.0
xgb_fs1,feature_5796,0.0
xgb_fs1,feature_5798,0.0
xgb_fs1,feature_5799,0.0
xgb_fs1,feature_5800,0.0
xgb_fs1,feature_5801,0.0
xgb_fs1,feature_5802,0.0
xgb_fs1,feature_5803,0.0
xgb_fs1,feature_5804,0.0
xgb_fs1,feature_5806,0.0
xgb_fs1,feature_5807,0.0
xgb_fs1,feature_5808,0.0
xgb_fs1,feature_5809,0.0
xgb_fs1,feature_5811,0.0
xgb_fs1,feature_5812,0.0
xgb_fs1,feature_5813,0.0
xgb_fs1,feature_5814,0.0
xgb_fs1,feature_5816,0.0
xgb_fs1,feature_5817,0.0
xgb_fs1,feature_5818,0.0
xgb_fs1,feature_5819,0.0
xgb_fs1,feature_5820,0.0
xgb_fs1,feature_5821,0.0
xgb_fs1,feature_5822,0.0
xgb_fs1,feature_5823,0.0
xgb_fs1,feature_5824,0.0
xgb_fs1,feature_5825,0.0
xgb_fs1,feature_5826,0.0
xgb_fs1,feature_5828,0.0
xgb_fs1,feature_5829,0.0
xgb_fs1,feature_5830,0.0
xgb_fs1,feature_5831,0.0
xgb_fs1,feature_5832,0.0
xgb_fs1,feature_5833,0.0
xgb_fs1,feature_5834,0.0
xgb_fs1,feature_5835,0.0
xgb_fs1,feature_5836,0.0
xgb_fs1,feature_5837,0.0
xgb_fs1,feature_5838,0.0
xgb_fs1,feature_5840,0.0
xgb_fs1,feature_5841,0.0
xgb_fs1,feature_5842,0.0
xgb_fs1,feature_5843,0.0
xgb_fs1,feature_5844,0.0
xgb_fs1,feature_5845,0.0
xgb_fs1,feature_5846,0.0
xgb_fs1,feature_5847,0.0
xgb_fs1,feature_5848,0.0
xgb_fs1,feature_5849,0.0
xgb_fs1,feature_5850,0.0
xgb_fs1,feature_5851,0.0
xgb_fs1,feature_5852,0.0
xgb_fs1,feature_5853,0.0
xgb_fs1,feature_5854,0.0
xgb_fs1,feature_5856,0.0
xgb_fs1,feature_5857,0.0
xgb_fs1,feature_5858,0.0
xgb_fs1,feature_5859,0.0
xgb_fs1,feature_5861,0.0
xgb_fs1,feature_5863,0.0
xgb_fs1,feature_5864,0.0
xgb_fs1,feature_5865,0.0
xgb_fs1,feature_5866,0.0
xgb_fs1,feature_5867,0.0
xgb_fs1,feature_5868,0.0
xgb_fs1,feature_5869,0.0
xgb_fs1,feature_5870,0.0
xgb_fs1,feature_5871,0.0
xgb_fs1,feature_5872,0.0
xgb_fs1,feature_5873,0.0
xgb_fs1,feature_5874,0.0
xgb_fs1,feature_5875,0.0
xgb_fs1,feature_5876,0.0
xgb_fs1,feature_5877,0.0
xgb_fs1,feature_5878,0.0
xgb_fs1,feature_5880,0.0
xgb_fs1,feature_5881,0.0
xgb_fs1,feature_5883,0.0
xgb_fs1,feature_5884,0.0
xgb_fs1,feature_5885,0.0
xgb_fs1,feature_5886,0.0
xgb_fs1,feature_5887,0.0
xgb_fs1,feature_5888,0.0
xgb_fs1,feature_5889,0.0
xgb_fs1,feature_5890,0.0
xgb_fs1,feature_5891,0.0
xgb_fs1,feature_5893,0.0
xgb_fs1,feature_5895,0.0
xgb_fs1,feature_5896,0.0
xgb_fs1,feature_5897,0.0
xgb_fs1,feature_5898,0.0
xgb_fs1,feature_5899,0.0
xgb_fs1,feature_5902,0.0
xgb_fs1,feature_5903,0.0
xgb_fs1,feature_5904,0.0
xgb_fs1,feature_5905,0.0
xgb_fs1,feature_5906,0.0
xgb_fs1,feature_5907,0.0
xgb_fs1,feature_5908,0.0
xgb_fs1,feature_5909,0.0
xgb_fs1,feature_5910,0.0
xgb_fs1,feature_5911,0.0
xgb_fs1,feature_5912,0.0
xgb_fs1,feature_5913,0.0
xgb_fs1,feature_5914,0.0
xgb_fs1,feature_5915,0.0
xgb_fs1,feature_5916,0.0
xgb_fs1,feature_5917,0.0
xgb_fs1,feature_5918,0.0
xgb_fs1,feature_5920,0.0
xgb_fs1,feature_5921,0.0
xgb_fs1,feature_5923,0.0
xgb_fs1,feature_5926,0.0
xgb_fs1,feature_5928,0.0
xgb_fs1,feature_5929,0.0
xgb_fs1,feature_5931,0.0
xgb_fs1,feature_5933,0.0
xgb_fs1,feature_5934,0.0
xgb_fs1,feature_5936,0.0
xgb_fs1,feature_5937,0.0
xgb_fs1,feature_5938,0.0
xgb_fs1,feature_5939,0.0
xgb_fs1,feature_5940,0.0
xgb_fs1,feature_5941,0.0
xgb_fs1,feature_5942,0.0
xgb_fs1,feature_5943,0.0
xgb_fs1,feature_5944,0.0
xgb_fs1,feature_5945,0.0
xgb_fs1,feature_5946,0.0
xgb_fs1,feature_5947,0.0
xgb_fs1,feature_5948,0.0
xgb_fs1,feature_5949,0.0
xgb_fs1,feature_5950,0.0
xgb_fs1,feature_5952,0.0
xgb_fs1,feature_5954,0.0
xgb_fs1,feature_5955,0.0
xgb_fs1,feature_5956,0.0
xgb_fs1,feature_5957,0.0
xgb_fs1,feature_5958,0.0
xgb_fs1,feature_5959,0.0
xgb_fs1,feature_5960,0.0
xgb_fs1,feature_5961,0.0
xgb_fs1,feature_5963,0.0
xgb_fs1,feature_5964,0.0
xgb_fs1,feature_5965,0.0
xgb_fs1,feature_5966,0.0
xgb_fs1,feature_5971,0.0
xgb_fs1,feature_5972,0.0
xgb_fs1,feature_5974,0.0
xgb_fs1,feature_5976,0.0
xgb_fs1,feature_5977,0.0
xgb_fs1,feature_5978,0.0
xgb_fs1,feature_5980,0.0
xgb_fs1,feature_5981,0.0
xgb_fs1,feature_5983,0.0
xgb_fs1,feature_5985,0.0
xgb_fs1,feature_5987,0.0
xgb_fs1,feature_5988,0.0
xgb_fs1,feature_5989,0.0
xgb_fs1,feature_5990,0.0
xgb_fs1,feature_5991,0.0
xgb_fs1,feature_5992,0.0
xgb_fs1,feature_5993,0.0
xgb_fs1,feature_5994,0.0
xgb_fs1,feature_5995,0.0
xgb_fs1,feature_5996,0.0
xgb_fs1,feature_5998,0.0
xgb_fs1,feature_6000,0.0
xgb_fs1,feature_6001,0.0
xgb_fs1,feature_6002,0.0
xgb_fs1,feature_6003,0.0
xgb_fs1,feature_6004,0.0
xgb_fs1,feature_6005,0.0
xgb_fs1,feature_6008,0.0
xgb_fs1,feature_6009,0.0
xgb_fs1,feature_6010,0.0
xgb_fs1,feature_6011,0.0
xgb_fs1,feature_6014,0.0
xgb_fs1,feature_6016,0.0
xgb_fs1,feature_6017,0.0
xgb_fs1,feature_6018,0.0
xgb_fs1,feature_6019,0.0
xgb_fs1,feature_6020,0.0
xgb_fs1,feature_6021,0.0
xgb_fs1,feature_6022,0.0
xgb_fs1,feature_6023,0.0
xgb_fs1,feature_6024,0.0
xgb_fs1,feature_6025,0.0
xgb_fs1,feature_6026,0.0
xgb_fs1,feature_6027,0.0
xgb_fs1,feature_6028,0.0
xgb_fs1,feature_6032,0.0
xgb_fs1,feature_6033,0.0
xgb_fs1,feature_6036,0.0
xgb_fs1,feature_6037,0.0
xgb_fs1,feature_6039,0.0
xgb_fs1,feature_6040,0.0
xgb_fs1,feature_6041,0.0
xgb_fs1,feature_6044,0.0
xgb_fs1,feature_6046,0.0
xgb_fs1,feature_6047,0.0
xgb_fs1,feature_6048,0.0
xgb_fs1,feature_6050,0.0
xgb_fs1,feature_6051,0.0
xgb_fs1,feature_6053,0.0
xgb_fs1,feature_6054,0.0
xgb_fs1,feature_6055,0.0
xgb_fs1,feature_6056,0.0
xgb_fs1,feature_6057,0.0
xgb_fs1,feature_6059,0.0
xgb_fs1,feature_6060,0.0
xgb_fs1,feature_6061,0.0
xgb_fs1,feature_6063,0.0
xgb_fs1,feature_6064,0.0
xgb_fs1,feature_6066,0.0
xgb_fs1,feature_6067,0.0
xgb_fs1,feature_6069,0.0
xgb_fs1,feature_6070,0.0
xgb_fs1,feature_6071,0.0
xgb_fs1,feature_6075,0.0
xgb_fs1,feature_6076,0.0
xgb_fs1,feature_6077,0.0
xgb_fs1,feature_6078,0.0
xgb_fs1,feature_6079,0.0
xgb_fs1,feature_6080,0.0
xgb_fs1,feature_6081,0.0
xgb_fs1,feature_6082,0.0
xgb_fs1,feature_6083,0.0
xgb_fs1,feature_6084,0.0
xgb_fs1,feature_6085,0.0
xgb_fs1,feature_6088,0.0
xgb_fs1,feature_6089,0.0
xgb_fs1,feature_6090,0.0
xgb_fs1,feature_6091,0.0
xgb_fs1,feature_6092,0.0
xgb_fs1,feature_6094,0.0
xgb_fs1,feature_6095,0.0
xgb_fs1,feature_6096,0.0
xgb_fs1,feature_6097,0.0
xgb_fs1,feature_6098,0.0
xgb_fs1,feature_6099,0.0
xgb_fs1,feature_6100,0.0
xgb_fs1,feature_6101,0.0
xgb_fs1,feature_6102,0.0
xgb_fs1,feature_6105,0.0
xgb_fs1,feature_6106,0.0
xgb_fs1,feature_6107,0.0
xgb_fs1,feature_6110,0.0
xgb_fs1,feature_6113,0.0
xgb_fs1,feature_6114,0.0
xgb_fs1,feature_6115,0.0
xgb_fs1,feature_6116,0.0
xgb_fs1,feature_6119,0.0
xgb_fs1,feature_6120,0.0
xgb_fs1,feature_6121,0.0
xgb_fs1,feature_6123,0.0
xgb_fs1,feature_6124,0.0
xgb_fs1,feature_6126,0.0
xgb_fs1,feature_6127,0.0
xgb_fs1,feature_6128,0.0
xgb_fs1,feature_6129,0.0
xgb_fs1,feature_6130,0.0
xgb_fs1,feature_6132,0.0
xgb_fs1,feature_6134,0.0
xgb_fs1,feature_6135,0.0
xgb_fs1,feature_6136,0.0
xgb_fs1,feature_6137,0.0
xgb_fs1,feature_6138,0.0
xgb_fs1,feature_6139,0.0
xgb_fs1,feature_6140,0.0
xgb_fs1,feature_6141,0.0
xgb_fs1,feature_6142,0.0
xgb_fs1,feature_6143,0.0
xgb_fs1,feature_6144,0.0
xgb_fs1,feature_6145,0.0
xgb_fs1,feature_6146,0.0
xgb_fs1,feature_6147,0.0
xgb_fs1,feature_6148,0.0
xgb_fs1,feature_6149,0.0
xgb_fs1,feature_6150,0.0
xgb_fs1,feature_6151,0.0
xgb_fs1,feature_6152,0.0
xgb_fs1,feature_6153,0.0
xgb_fs1,feature_6155,0.0
xgb_fs1,feature_6156,0.0
xgb_fs1,feature_6158,0.0
xgb_fs1,feature_6159,0.0
xgb_fs1,feature_6160,0.0
xgb_fs1,feature_6161,0.0
xgb_fs1,feature_6162,0.0
xgb_fs1,feature_6163,0.0
xgb_fs1,feature_6164,0.0
xgb_fs1,feature_6165,0.0
xgb_fs1,feature_6166,0.0
xgb_fs1,feature_6168,0.0
xgb_fs1,feature_6169,0.0
xgb_fs1,feature_6170,0.0
xgb_fs1,feature_6171,0.0
xgb_fs1,feature_6172,0.0
xgb_fs1,feature_6173,0.0
xgb_fs1,feature_6174,0.0
xgb_fs1,feature_6175,0.0
xgb_fs1,feature_6176,0.0
xgb_fs1,feature_6178,0.0
xgb_fs1,feature_6179,0.0
xgb_fs1,feature_6180,0.0
xgb_fs1,feature_6181,0.0
xgb_fs1,feature_6182,0.0
xgb_fs1,feature_6183,0.0
xgb_fs1,feature_6185,0.0
xgb_fs1,feature_6187,0.0
xgb_fs1,feature_6188,0.0
xgb_fs1,feature_6189,0.0
xgb_fs1,feature_6190,0.0
xgb_fs1,feature_6193,0.0
xgb_fs1,feature_6194,0.0
xgb_fs1,feature_6195,0.0
xgb_fs1,feature_6197,0.0
xgb_fs1,feature_6199,0.0
xgb_fs1,feature_6200,0.0
xgb_fs1,feature_6203,0.0
xgb_fs1,feature_6204,0.0
xgb_fs1,feature_6206,0.0
xgb_fs1,feature_6207,0.0
xgb_fs1,feature_6208,0.0
xgb_fs1,feature_6209,0.0
xgb_fs1,feature_6210,0.0
xgb_fs1,feature_6211,0.0
xgb_fs1,feature_6212,0.0
xgb_fs1,feature_6214,0.0
xgb_fs1,feature_6215,0.0
xgb_fs1,feature_6216,0.0
xgb_fs1,feature_6219,0.0
xgb_fs1,feature_6220,0.0
xgb_fs1,feature_6222,0.0
xgb_fs1,feature_6223,0.0
xgb_fs1,feature_6224,0.0
xgb_fs1,feature_6225,0.0
xgb_fs1,feature_6226,0.0
xgb_fs1,feature_6228,0.0
xgb_fs1,feature_6229,0.0
xgb_fs1,feature_6231,0.0
xgb_fs1,feature_6232,0.0
xgb_fs1,feature_6233,0.0
xgb_fs1,feature_6236,0.0
xgb_fs1,feature_6237,0.0
xgb_fs1,feature_6238,0.0
xgb_fs1,feature_6239,0.0
xgb_fs1,feature_6240,0.0
xgb_fs1,feature_6241,0.0
xgb_fs1,feature_6243,0.0
xgb_fs1,feature_6244,0.0
xgb_fs1,feature_6245,0.0
xgb_fs1,feature_6246,0.0
xgb_fs1,feature_6247,0.0
xgb_fs1,feature_6248,0.0
xgb_fs1,feature_6249,0.0
xgb_fs1,feature_6250,0.0
xgb_fs1,feature_6251,0.0
xgb_fs1,feature_6252,0.0
xgb_fs1,feature_6253,0.0
xgb_fs1,feature_6254,0.0
xgb_fs1,feature_6255,0.0
xgb_fs1,feature_6257,0.0
xgb_fs1,feature_6258,0.0
xgb_fs1,feature_6259,0.0
xgb_fs1,feature_6261,0.0
xgb_fs1,feature_6262,0.0
xgb_fs1,feature_6264,0.0
xgb_fs1,feature_6265,0.0
xgb_fs1,feature_6266,0.0
xgb_fs1,feature_6268,0.0
xgb_fs1,feature_6269,0.0
xgb_fs1,feature_6270,0.0
xgb_fs1,feature_6275,0.0
xgb_fs1,feature_6276,0.0
xgb_fs1,feature_6277,0.0
xgb_fs1,feature_6278,0.0
xgb_fs1,feature_6279,0.0
xgb_fs1,feature_6280,0.0
xgb_fs1,feature_6282,0.0
xgb_fs1,feature_6284,0.0
xgb_fs1,feature_6285,0.0
xgb_fs1,feature_6287,0.0
xgb_fs1,feature_6289,0.0
xgb_fs1,feature_6290,0.0
xgb_fs1,feature_6291,0.0
xgb_fs1,feature_6293,0.0
xgb_fs1,feature_6294,0.0
xgb_fs1,feature_6295,0.0
xgb_fs1,feature_6297,0.0
xgb_fs1,feature_6299,0.0
xgb_fs1,feature_6300,0.0
xgb_fs1,feature_6301,0.0
xgb_fs1,feature_6302,0.0
xgb_fs1,feature_6303,0.0
xgb_fs1,feature_6304,0.0
xgb_fs1,feature_6305,0.0
xgb_fs1,feature_6306,0.0
xgb_fs1,feature_6307,0.0
xgb_fs1,feature_6308,0.0
xgb_fs1,feature_6309,0.0
xgb_fs1,feature_6310,0.0
xgb_fs1,feature_6311,0.0
xgb_fs1,feature_6313,0.0
xgb_fs1,feature_6314,0.0
xgb_fs1,feature_6316,0.0
xgb_fs1,feature_6317,0.0
xgb_fs1,feature_6318,0.0
xgb_fs1,feature_6319,0.0
xgb_fs1,feature_6321,0.0
xgb_fs1,feature_6322,0.0
xgb_fs1,feature_6323,0.0
xgb_fs1,feature_6324,0.0
xgb_fs1,feature_6325,0.0
xgb_fs1,feature_6326,0.0
xgb_fs1,feature_6327,0.0
xgb_fs1,feature_6329,0.0
xgb_fs1,feature_6330,0.0
xgb_fs1,feature_6332,0.0
xgb_fs1,feature_6337,0.0
xgb_fs1,feature_6338,0.0
xgb_fs1,feature_6340,0.0
xgb_fs1,feature_6342,0.0
xgb_fs1,feature_6343,0.0
xgb_fs1,feature_6344,0.0
xgb_fs1,feature_6346,0.0
xgb_fs1,feature_6347,0.0
xgb_fs1,feature_6348,0.0
xgb_fs1,feature_6349,0.0
xgb_fs1,feature_6350,0.0
xgb_fs1,feature_6351,0.0
xgb_fs1,feature_6352,0.0
xgb_fs1,feature_6353,0.0
xgb_fs1,feature_6354,0.0
xgb_fs1,feature_6355,0.0
xgb_fs1,feature_6356,0.0
xgb_fs1,feature_6357,0.0
xgb_fs1,feature_6358,0.0
xgb_fs1,feature_6359,0.0
xgb_fs1,feature_6362,0.0
xgb_fs1,feature_6363,0.0
xgb_fs1,feature_6364,0.0
xgb_fs1,feature_6365,0.0
xgb_fs1,feature_6366,0.0
xgb_fs1,feature_6367,0.0
xgb_fs1,feature_6368,0.0
xgb_fs1,feature_6369,0.0
xgb_fs1,feature_6371,0.0
xgb_fs1,feature_6372,0.0
xgb_fs1,feature_6374,0.0
xgb_fs1,feature_6375,0.0
xgb_fs1,feature_6376,0.0
xgb_fs1,feature_6377,0.0
xgb_fs1,feature_6378,0.0
xgb_fs1,feature_6379,0.0
xgb_fs1,feature_6380,0.0
xgb_fs1,feature_6381,0.0
xgb_fs1,feature_6382,0.0
xgb_fs1,feature_6383,0.0
xgb_fs1,feature_6384,0.0
xgb_fs1,feature_6385,0.0
xgb_fs1,feature_6386,0.0
xgb_fs1,feature_6387,0.0
xgb_fs1,feature_6388,0.0
xgb_fs1,feature_6389,0.0
xgb_fs1,feature_6390,0.0
xgb_fs1,feature_6392,0.0
xgb_fs1,feature_6393,0.0
xgb_fs1,feature_6396,0.0
xgb_fs1,feature_6398,0.0
xgb_fs1,feature_6402,0.0
xgb_fs1,feature_6403,0.0
xgb_fs1,feature_6404,0.0
xgb_fs1,feature_6405,0.0
xgb_fs1,feature_6406,0.0
xgb_fs1,feature_6407,0.0
xgb_fs1,feature_6408,0.0
xgb_fs1,feature_6409,0.0
xgb_fs1,feature_6410,0.0
xgb_fs1,feature_6411,0.0
xgb_fs1,feature_6412,0.0
xgb_fs1,feature_6413,0.0
xgb_fs1,feature_6414,0.0
xgb_fs1,feature_6415,0.0
xgb_fs1,feature_6416,0.0
xgb_fs1,feature_6418,0.0
xgb_fs1,feature_6420,0.0
xgb_fs1,feature_6421,0.0
xgb_fs1,feature_6423,0.0
xgb_fs1,feature_6424,0.0
xgb_fs1,feature_6425,0.0
xgb_fs1,feature_6427,0.0
xgb_fs1,feature_6428,0.0
xgb_fs1,feature_6429,0.0
xgb_fs1,feature_6430,0.0
xgb_fs1,feature_6431,0.0
xgb_fs1,feature_6432,0.0
xgb_fs1,feature_6433,0.0
xgb_fs1,feature_6434,0.0
xgb_fs1,feature_6435,0.0
xgb_fs1,feature_6437,0.0
xgb_fs1,feature_6439,0.0
xgb_fs1,feature_6440,0.0
xgb_fs1,feature_6441,0.0
xgb_fs1,feature_6442,0.0
xgb_fs1,feature_6443,0.0
xgb_fs1,feature_6444,0.0
xgb_fs1,feature_6445,0.0
xgb_fs1,feature_6446,0.0
xgb_fs1,feature_6447,0.0
xgb_fs1,feature_6449,0.0
xgb_fs1,feature_6450,0.0
xgb_fs1,feature_6452,0.0
xgb_fs1,feature_6454,0.0
xgb_fs1,feature_6455,0.0
xgb_fs1,feature_6456,0.0
xgb_fs1,feature_6457,0.0
xgb_fs1,feature_6458,0.0
xgb_fs1,feature_6460,0.0
xgb_fs1,feature_6462,0.0
xgb_fs1,feature_6463,0.0
xgb_fs1,feature_6464,0.0
xgb_fs1,feature_6465,0.0
xgb_fs1,feature_6466,0.0
xgb_fs1,feature_6467,0.0
xgb_fs1,feature_6468,0.0
xgb_fs1,feature_6469,0.0
xgb_fs1,feature_6470,0.0
xgb_fs1,feature_6471,0.0
xgb_fs1,feature_6473,0.0
xgb_fs1,feature_6475,0.0
xgb_fs1,feature_6476,0.0
xgb_fs1,feature_6477,0.0
xgb_fs1,feature_6478,0.0
xgb_fs1,feature_6479,0.0
xgb_fs1,feature_6480,0.0
xgb_fs1,feature_6481,0.0
xgb_fs1,feature_6482,0.0
xgb_fs1,feature_6483,0.0
xgb_fs1,feature_6484,0.0
xgb_fs1,feature_6485,0.0
xgb_fs1,feature_6487,0.0
xgb_fs1,feature_6488,0.0
xgb_fs1,feature_6489,0.0
xgb_fs1,feature_6490,0.0
xgb_fs1,feature_6491,0.0
xgb_fs1,feature_6492,0.0
xgb_fs1,feature_6493,0.0
xgb_fs1,feature_6494,0.0
xgb_fs1,feature_6495,0.0
xgb_fs1,feature_6496,0.0
xgb_fs1,feature_6497,0.0
xgb_fs1,feature_6498,0.0
xgb_fs1,feature_6499,0.0
xgb_fs1,feature_6500,0.0
xgb_fs1,feature_6501,0.0
xgb_fs1,feature_6502,0.0
xgb_fs1,feature_6503,0.0
xgb_fs1,feature_6504,0.0
xgb_fs1,feature_6505,0.0
xgb_fs1,feature_6506,0.0
xgb_fs1,feature_6507,0.0
xgb_fs1,feature_6509,0.0
xgb_fs1,feature_6510,0.0
xgb_fs1,feature_6511,0.0
xgb_fs1,feature_6513,0.0
xgb_fs1,feature_6514,0.0
xgb_fs1,feature_6515,0.0
xgb_fs1,feature_6516,0.0
xgb_fs1,feature_6518,0.0
xgb_fs1,feature_6519,0.0
xgb_fs1,feature_6520,0.0
xgb_fs1,feature_6521,0.0
xgb_fs1,feature_6522,0.0
xgb_fs1,feature_6523,0.0
xgb_fs1,feature_6524,0.0
xgb_fs1,feature_6526,0.0
xgb_fs1,feature_6527,0.0
xgb_fs1,feature_6528,0.0
xgb_fs1,feature_6529,0.0
xgb_fs1,feature_6530,0.0
xgb_fs1,feature_6532,0.0
xgb_fs1,feature_6533,0.0
xgb_fs1,feature_6534,0.0
xgb_fs1,feature_6535,0.0
xgb_fs1,feature_6536,0.0
xgb_fs1,feature_6537,0.0
xgb_fs1,feature_6540,0.0
xgb_fs1,feature_6541,0.0
xgb_fs1,feature_6544,0.0
xgb_fs1,feature_6545,0.0
xgb_fs1,feature_6546,0.0
xgb_fs1,feature_6548,0.0
xgb_fs1,feature_6549,0.0
xgb_fs1,feature_6550,0.0
xgb_fs1,feature_6551,0.0
xgb_fs1,feature_6552,0.0
xgb_fs1,feature_6553,0.0
xgb_fs1,feature_6554,0.0
xgb_fs1,feature_6555,0.0
xgb_fs1,feature_6556,0.0
xgb_fs1,feature_6557,0.0
xgb_fs1,feature_6558,0.0
xgb_fs1,feature_6561,0.0
xgb_fs1,feature_6563,0.0
xgb_fs1,feature_6565,0.0
xgb_fs1,feature_6566,0.0
xgb_fs1,feature_6567,0.0
xgb_fs1,feature_6568,0.0
xgb_fs1,feature_6569,0.0
xgb_fs1,feature_6570,0.0
xgb_fs1,feature_6571,0.0
xgb_fs1,feature_6572,0.0
xgb_fs1,feature_6573,0.0
xgb_fs1,feature_6574,0.0
xgb_fs1,feature_6576,0.0
xgb_fs1,feature_6578,0.0
xgb_fs1,feature_6579,0.0
xgb_fs1,feature_6580,0.0
xgb_fs1,feature_6581,0.0
xgb_fs1,feature_6582,0.0
xgb_fs1,feature_6584,0.0
xgb_fs1,feature_6585,0.0
xgb_fs1,feature_6586,0.0
xgb_fs1,feature_6588,0.0
xgb_fs1,feature_6589,0.0
xgb_fs1,feature_6590,0.0
xgb_fs1,feature_6591,0.0
xgb_fs1,age,0.0
xgb_fs1,sex,0.0
