feature,score,selected
feature_1002,106.74576636513298,True
feature_3801,99.22848476748757,True
feature_4764,95.05622016016346,True
feature_0639,92.89312336143522,True
feature_1981,90.83322995837995,True
feature_5664,90.25471897001843,True
feature_2433,88.23348832316205,True
feature_3957,83.54001695582937,True
feature_0770,81.50864183312653,True
feature_6370,81.35270403089942,True
feature_5080,79.82460777483756,True
feature_3447,78.65385243860494,True
feature_5393,77.40695635311243,True
feature_1177,76.45746495572178,True
feature_4289,74.54605845542052,True
feature_0187,74.32729379329726,True
feature_3660,73.8837321091232,True
feature_4345,73.86087295546776,True
feature_5554,73.85661822260955,True
feature_2569,73.33165016986628,True
feature_2295,73.06457960263984,True
feature_2224,72.67270048978375,True
feature_1171,72.64940543133888,True
feature_4281,72.64457622436572,True
feature_3160,72.6393891659974,True
feature_1583,71.8798325691139,True
feature_2264,71.39119634589576,True
feature_5177,70.84105999492343,True
feature_5810,70.47600662432285,True
feature_0595,69.51038215751201,True
feature_0697,69.46657494343222,True
feature_5285,69.32017175748949,True
feature_3358,69.29892550881661,True
feature_2011,69.19724403525329,True
feature_6483,68.92664271122202,True
feature_6472,68.03149450151382,True
feature_6133,67.87001599116127,True
feature_5575,66.82689703297119,True
feature_1884,66.44492161912537,True
feature_6288,66.2518711574203,True
feature_3041,66.0803275788073,True
feature_0795,65.25654847420797,True
feature_2737,64.95777583784624,True
feature_4119,64.85755283146234,True
feature_2833,64.83119577963151,True
feature_5453,64.8234664507223,True
feature_4760,64.56512682152349,True
feature_3385,64.52934383937492,True
feature_5841,64.14368745945376,True
feature_3020,64.0726825029773,True
feature_3343,63.94818697716199,True
feature_6058,63.43782979293424,True
feature_5885,63.28230092563874,True
feature_0499,63.17422382200834,True
feature_1788,63.02824170771498,True
feature_2517,62.99002150008002,True
feature_4696,62.92793679476718,True
feature_6391,62.71579116065361,True
feature_1768,62.594732172431094,True
feature_6121,62.507308728917046,True
feature_5112,62.04353791808639,True
feature_6098,61.845819460272686,True
feature_0456,61.81532787540124,True
feature_0614,61.77714942412629,True
feature_3136,61.428692468698266,True
feature_1438,61.42757486815497,True
feature_0740,61.330340496713625,True
feature_3329,61.283653992539556,True
feature_1608,61.1647024697334,True
feature_4243,59.979683706370786,True
feature_2020,59.93947129742429,True
feature_0280,59.9319017751659,True
feature_5084,59.63914511533788,True
feature_0181,59.542855178812395,True
feature_1956,59.52394901109134,True
feature_1299,59.403698802002566,True
feature_0954,59.307292959631624,True
feature_1570,59.202552342371874,True
feature_2753,58.75870032985474,True
feature_0921,58.34635107927034,True
feature_2198,58.18026867663842,True
feature_3154,58.03016937630557,True
feature_2925,57.547920434671944,True
feature_0276,57.44921702925593,True
feature_5380,57.13128906506278,True
feature_6260,57.038011740347336,True
feature_1760,56.8784696172606,True
feature_2666,56.867925879671816,True
feature_3524,56.67797974594518,True
feature_5059,56.60280319581742,True
feature_4492,56.487358236917316,True
feature_5485,56.43141159760402,True
feature_1780,56.17898277227842,True
feature_1936,56.046715477723964,True
feature_4020,55.43974033712341,True
feature_2998,55.01960357756219,True
feature_4552,54.90787269839871,True
feature_5130,54.26201202271226,True
feature_5837,54.038892038358185,True
feature_6104,53.765181284215025,True
feature_1798,53.7323474401321,False
feature_1995,53.69732392396958,False
feature_3626,53.685811308331026,False
feature_0799,53.286551817166114,False
feature_3269,53.15439677180367,False
feature_5610,53.148189473741176,False
feature_2321,52.975662577310466,False
feature_2213,52.767558797094,False
feature_1941,52.448894842144966,False
feature_1323,52.30026185685406,False
feature_2865,52.01522992973631,False
feature_3939,51.90965661995344,False
feature_2745,51.85606836877553,False
feature_0438,51.78740182128233,False
feature_4489,51.754556113466364,False
feature_6520,51.73733853070928,False
feature_3986,51.70567199459582,False
feature_2853,51.43323283181789,False
feature_6342,51.33031600028212,False
feature_6112,51.20328148326424,False
feature_0711,51.18017817317455,False
feature_4060,51.066699776579135,False
feature_4251,50.96264932323114,False
feature_3283,50.93825511383968,False
feature_4078,50.80454317233176,False
feature_1805,50.540705818938854,False
feature_3750,50.52138001810445,False
feature_1092,50.23612135065013,False
feature_5320,50.19331219031432,False
feature_4632,50.102973581015384,False
feature_0100,49.99577301367916,False
feature_0935,49.173588471826164,False
feature_6184,48.928921076203146,False
feature_5533,48.44438603392451,False
feature_2333,48.43106030644431,False
feature_2233,48.3223997929001,False
feature_2382,48.14377111587224,False
feature_1113,48.09709849684702,False
feature_3685,47.83881977430725,False
feature_5452,47.6846361301209,False
feature_6478,47.67695501075517,False
feature_1153,47.62383790363385,False
feature_1059,47.620671685385076,False
feature_3861,47.50878855315236,False
feature_1790,47.08902668861321,False
feature_3067,46.99975535381809,False
feature_0493,46.805453808051944,False
feature_1626,46.58225784927303,False
feature_1027,46.46001363639411,False
feature_4198,46.29545165920767,False
feature_1014,46.11736067036474,False
feature_4863,46.0613522649426,False
feature_4854,45.87485632525371,False
feature_2060,45.739086469316966,False
feature_4334,45.63809729308339,False
feature_0582,45.47838690781497,False
feature_6409,45.39634277109303,False
feature_4968,45.38048803505277,False
feature_6174,45.33246449212273,False
feature_3525,45.191350367671184,False
feature_1818,45.03177361229459,False
feature_1068,44.8862761932011,False
feature_0435,44.87281102516413,False
feature_5970,44.778259705581746,False
feature_4755,44.778193303574675,False
feature_5381,44.65229626331605,False
feature_5499,44.615313980235754,False
feature_3950,44.20283300605276,False
feature_0589,44.195337834272344,False
feature_3681,44.17931694337329,False
feature_3785,44.16537666782944,False
feature_6297,43.931711701706035,False
feature_5273,43.891073919856964,False
feature_1923,43.69824796269513,False
feature_2610,43.64062349734858,False
feature_1631,43.63592687945995,False
feature_5817,43.48685982140113,False
feature_1498,43.403214232582044,False
feature_1449,43.10893079670205,False
feature_2444,43.06208614570425,False
feature_4873,43.00253038076962,False
feature_2397,42.99996019074779,False
feature_3901,42.69191330079381,False
feature_0423,42.6524106458581,False
feature_1310,42.6070546838856,False
feature_0889,42.52850163893211,False
feature_0845,42.48483992281162,False
feature_0172,42.48235352158101,False
feature_4348,42.45246058787156,False
feature_2446,42.41497478919806,False
feature_3204,42.05215859814406,False
feature_5744,41.84205157531461,False
feature_1003,41.796192725995276,False
feature_4717,41.59211366788568,False
feature_1354,41.551273055112105,False
feature_6308,41.54529835568235,False
feature_5629,41.52083987361224,False
feature_5986,41.343859942237664,False
feature_4618,41.323325408730405,False
feature_5275,41.15463097519689,False
feature_4177,41.102727577975855,False
feature_4100,41.08726167991728,False
feature_4444,40.949347228806865,False
feature_2993,40.440412068092435,False
feature_3267,40.44034548268249,False
feature_0002,40.40844698239668,False
feature_0514,40.13550177681614,False
feature_3399,40.043227779972774,False
feature_2996,40.02626308579807,False
feature_4362,39.932858621510206,False
feature_3721,39.91224143145661,False
feature_0199,39.73295509314918,False
feature_5758,39.693136802551365,False
feature_0732,39.62504418900953,False
feature_2971,39.619787932884755,False
feature_2972,39.33904239427709,False
feature_0911,39.302588704428764,False
feature_2761,39.19828701236827,False
feature_0631,39.0185049242028,False
feature_3705,38.86466173303644,False
feature_1052,38.843753055093615,False
feature_0200,38.82079585788307,False
feature_4868,38.80213583655429,False
feature_2493,38.528768394598835,False
feature_1599,38.52758782157414,False
feature_2709,38.52320078256313,False
feature_0488,38.34666351934621,False
feature_3440,38.24855642325236,False
feature_2187,38.199991883200404,False
feature_1620,38.10853828912946,False
feature_0195,37.94826012408602,False
feature_5678,37.84812908219829,False
feature_1363,37.609039197334766,False
feature_2035,37.5531050591652,False
feature_6204,37.541059560027,False
feature_4785,37.51182211082199,False
feature_4788,37.452523165880024,False
feature_3794,37.441386141301855,False
feature_6106,37.40069348382065,False
feature_5798,37.28850980189119,False
feature_2547,37.26490549310333,False
feature_3408,37.19448360115767,False
feature_1695,37.05350817345227,False
feature_0198,36.90586563084602,False
feature_4631,36.78508280312008,False
feature_4728,36.59788565289341,False
feature_2342,36.57633237048093,False
feature_3311,36.55491375335718,False
feature_5943,36.5177800172867,False
feature_5094,36.51708179429674,False
feature_6489,36.29817795681764,False
feature_1103,36.217136286262146,False
feature_0849,36.18034963030559,False
feature_4157,36.13463769675587,False
feature_5589,35.73379412021244,False
feature_2033,35.69020807566715,False
feature_4690,35.67622815020462,False
feature_5549,35.67442555648525,False
feature_0895,35.59538531095391,False
feature_5793,35.58908141390389,False
feature_4428,35.56242103114669,False
feature_6449,35.504033412966606,False
feature_1560,35.47951973129357,False
feature_6122,35.314676160211775,False
feature_0032,35.28458907394456,False
feature_1435,35.21328806090003,False
feature_6569,35.19492773198334,False
feature_3934,35.18256842502024,False
feature_5013,35.16831832670212,False
feature_5455,35.08617714924554,False
feature_4355,35.07189527326466,False
feature_4848,35.02779848824713,False
feature_3574,34.972597823097,False
feature_2821,34.93939081945856,False
feature_1501,34.767102650570386,False
feature_1205,34.736067231015205,False
feature_5879,34.71069905084851,False
feature_1200,34.65133700856006,False
feature_3590,34.601362146182126,False
feature_2933,34.524634504029414,False
feature_0338,34.51864832852311,False
feature_0808,34.442251953130295,False
feature_0476,34.319699284120816,False
feature_6316,34.298511911745074,False
feature_0463,34.26381509527859,False
feature_2320,34.174426534016504,False
feature_0053,34.06857361879158,False
feature_4349,34.03572614423867,False
feature_2926,34.027971197779124,False
feature_2512,33.84155128056957,False
feature_1795,33.63023239573733,False
feature_6198,33.54955756378464,False
feature_1810,33.49780166699716,False
feature_1151,33.44088857178409,False
feature_2835,33.412843527365254,False
feature_2586,33.31836083701397,False
feature_1885,33.296003365700926,False
feature_3151,33.2151785831917,False
feature_2990,33.159505003871445,False
feature_4986,33.097164606497195,False
feature_2048,33.0718005488104,False
feature_4534,32.91984964220564,False
feature_3937,32.87801405699251,False
feature_4858,32.76811865407675,False
feature_0327,32.759875032308514,False
feature_5746,32.70524756046439,False
feature_4397,32.64272354522977,False
feature_4733,32.581971612691746,False
feature_0252,32.43283382102488,False
feature_5765,32.39753982870383,False
feature_4341,32.37881492412289,False
feature_4620,32.34114654606326,False
feature_2103,32.290883659890326,False
feature_3184,32.28614287908455,False
feature_2249,32.21430624242534,False
feature_3008,32.202510362954705,False
feature_0601,32.179956801309615,False
feature_5229,32.179369327519126,False
feature_5330,32.13418217448974,False
feature_3598,32.1012980061575,False
feature_4128,32.062221867381226,False
feature_1055,31.895321665568936,False
feature_0938,31.762113064001973,False
feature_0549,31.521219277502848,False
feature_3888,31.50946948867345,False
feature_3064,31.43677802610141,False
feature_3470,31.421778839830345,False
feature_0486,31.247133334554555,False
feature_2065,31.244568332041343,False
feature_0203,31.13842619986419,False
feature_6302,31.06635389492902,False
feature_0310,31.029968152246308,False
feature_6425,30.984539349229266,False
feature_3975,30.9418686582728,False
feature_5836,30.89663938818598,False
feature_5002,30.885289503837342,False
feature_4921,30.847085441979658,False
feature_4907,30.825368009075095,False
feature_0309,30.807309165037644,False
feature_5857,30.798102035825185,False
feature_6156,30.797315180979034,False
feature_2105,30.788686700198827,False
feature_1465,30.767386503560388,False
feature_2241,30.76285545531338,False
feature_0492,30.757181553954727,False
feature_2691,30.68405955151938,False
feature_4394,30.656698503934706,False
feature_0525,30.648875668548193,False
feature_0260,30.43832436735365,False
feature_5679,30.431787817484,False
feature_2571,30.291920308956723,False
feature_2226,30.25227768253386,False
feature_3111,30.229480762949592,False
feature_1291,30.175640915806873,False
feature_4591,30.170993758195955,False
feature_6038,30.15548590274573,False
feature_0507,30.047417069576728,False
feature_4324,30.04715325738507,False
feature_4455,30.044440916483307,False
feature_2779,30.03574487376878,False
feature_5693,29.887453331514834,False
feature_2282,29.817825262167304,False
feature_3897,29.761552996698878,False
feature_0644,29.724808922878108,False
feature_2734,29.714412478093482,False
feature_4959,29.668612927928805,False
feature_4884,29.63149695482472,False
feature_5475,29.630399824159827,False
feature_0881,29.540469632824873,False
feature_1220,29.46861836412899,False
feature_5612,29.43817572259473,False
feature_2882,29.37083588049881,False
feature_2676,29.31621589614318,False
feature_2497,29.30700141727214,False
feature_5640,29.118608011523126,False
feature_5024,29.092985339314886,False
feature_0054,29.08167637304757,False
feature_4404,28.97948469419908,False
feature_1296,28.91626488195969,False
feature_4357,28.829126012845123,False
feature_1907,28.771615620157093,False
feature_1949,28.735480054520494,False
feature_5523,28.661026874772176,False
feature_0779,28.660953536486385,False
feature_3908,28.610378753448593,False
feature_0649,28.40900183015887,False
feature_4852,28.27155958203081,False
feature_5394,28.223436057875343,False
feature_1598,28.16900193990871,False
feature_4606,28.111874317522748,False
feature_1288,28.066917166397108,False
feature_5071,27.8880487451821,False
feature_0877,27.882764043273472,False
feature_6368,27.865932513391844,False
feature_1726,27.83805766485887,False
feature_1248,27.819571853678937,False
feature_3567,27.781753571378456,False
feature_5726,27.765330173175162,False
feature_1578,27.754782424765228,False
feature_0012,27.525269071348003,False
feature_1050,27.490007582519137,False
feature_0518,27.376668918476046,False
feature_3977,27.161996739236628,False
feature_4196,27.009073297983782,False
feature_2266,26.98806174346356,False
feature_2560,26.983808808104293,False
feature_3979,26.93554174096759,False
feature_4013,26.773505353349627,False
feature_3917,26.762035348145748,False
feature_3717,26.709117587782433,False
feature_3482,26.653241015017404,False
feature_5207,26.59323497933,False
feature_4865,26.55547651903752,False
feature_5170,26.47248773240721,False
feature_3316,26.467914365546907,False
feature_1098,26.435284218907867,False
feature_2156,26.422785110818793,False
feature_5243,26.189674474130584,False
feature_2735,26.161221482808635,False
feature_1008,26.11603365559719,False
feature_4872,26.07678902511541,False
feature_5701,26.06646672762972,False
feature_2178,25.926899466037572,False
feature_0888,25.74596234051194,False
feature_6504,25.685169749841734,False
feature_3292,25.673933459744248,False
feature_4685,25.658044508407915,False
feature_5524,25.589596091334403,False
feature_6330,25.571596526521216,False
feature_0987,25.562765435096093,False
feature_4900,25.48049343754288,False
feature_5932,25.46403523512756,False
feature_1902,25.4631321512329,False
feature_1967,25.433248718679607,False
feature_4866,25.42868803826876,False
feature_1013,25.41956418356813,False
feature_2771,25.333579162258907,False
feature_4294,25.32864604631518,False
feature_3904,25.235790113187804,False
feature_4167,25.17874309568348,False
feature_3256,25.151509190456302,False
feature_2026,25.118821953555408,False
feature_0216,25.11517399147945,False
feature_4070,25.05652976781644,False
feature_3076,25.04799109113052,False
feature_6161,25.020119088832182,False
feature_5748,24.968315326808213,False
feature_1928,24.84745461054935,False
feature_6078,24.800406389043065,False
feature_3807,24.732814440432595,False
feature_3238,24.57578394925627,False
feature_5586,24.52605624233534,False
feature_5480,24.474054880270728,False
feature_2716,24.380827771711484,False
feature_1958,24.37461006223946,False
feature_2049,24.34417541430047,False
feature_3617,24.32346052858967,False
feature_1985,24.29969446733996,False
feature_3277,24.22307393955536,False
feature_1236,24.165854495909546,False
feature_4806,24.149790573355848,False
feature_2496,24.13625262830394,False
feature_2113,24.118378176124935,False
feature_0357,24.109793610809874,False
feature_6448,24.09018187555247,False
feature_1394,24.081563924544888,False
feature_1722,24.06951452529171,False
feature_4474,24.01589790858202,False
feature_6488,23.932860528642546,False
feature_1201,23.923891907476335,False
feature_5846,23.913724989308054,False
feature_3334,23.901889015825013,False
feature_2986,23.84558306731683,False
feature_2511,23.80361172172041,False
feature_0477,23.76505599340277,False
feature_3367,23.747162584936827,False
feature_1070,23.660880265762355,False
feature_0092,23.64843807674134,False
feature_3281,23.58573835522266,False
feature_0961,23.511130467907176,False
feature_2952,23.51079577299424,False
feature_0113,23.501350856603118,False
feature_1793,23.45960948831515,False
feature_3697,23.333402017408744,False
feature_6147,23.178120795803263,False
feature_1559,23.17207537091365,False
feature_1940,23.12094651089296,False
feature_4211,23.11872100488101,False
feature_5624,22.912291870953155,False
feature_6445,22.89440877996234,False
feature_4074,22.891231021957747,False
feature_6501,22.889661310110604,False
feature_4753,22.87701494341305,False
feature_4569,22.86989621442032,False
feature_1563,22.831010737390738,False
feature_0487,22.74569374714539,False
feature_6102,22.5397908770252,False
feature_1920,22.53731800583532,False
feature_5606,22.53647618080429,False
feature_4437,22.42348018079893,False
feature_6131,22.383227588165127,False
feature_6114,22.37289436940226,False
feature_5040,22.29274095835014,False
feature_3762,22.288564242094555,False
feature_1414,22.26748888806109,False
feature_5552,22.18465335304532,False
feature_1826,22.180192255936596,False
feature_6543,22.162792727095447,False
feature_1899,22.130533387660936,False
feature_5091,22.115455477529945,False
feature_1124,22.013462939016502,False
feature_3874,22.00836089803929,False
feature_5840,21.936008651277074,False
feature_3158,21.844488244796924,False
feature_4224,21.824373827816395,False
feature_0658,21.73790262837949,False
feature_2564,21.706635173019553,False
feature_5226,21.70581359490194,False
feature_2830,21.69786217631867,False
feature_1821,21.696624443896642,False
feature_0027,21.641224554129863,False
feature_2398,21.529712275653225,False
feature_3624,21.51820314989753,False
feature_5015,21.501266730231507,False
feature_4178,21.43546187294501,False
feature_1178,21.428559415115227,False
feature_0675,21.403051088742735,False
feature_0811,21.369503677143552,False
feature_2067,21.360881295362134,False
feature_1497,21.296187004491383,False
feature_5072,21.290280708214993,False
feature_3967,21.19142261948088,False
feature_5021,21.173324540909984,False
feature_0349,21.17198275070188,False
feature_2672,21.17174255372768,False
feature_3372,21.147341575991604,False
feature_3479,21.098838823217918,False
feature_3958,21.0939152578428,False
feature_1646,21.062464279901224,False
feature_4800,20.958778849640698,False
feature_2625,20.95098075785005,False
feature_5753,20.892774662082406,False
feature_5260,20.870997322907296,False
feature_2918,20.779353482220124,False
feature_0166,20.718280939475196,False
feature_5063,20.677022236563634,False
feature_1554,20.619405917407597,False
feature_5327,20.52991467254333,False
feature_4381,20.519387966181007,False
feature_2532,20.496793112527094,False
feature_5831,20.459900708128572,False
feature_4556,20.27074863559296,False
feature_4796,20.24930699940007,False
feature_5494,20.224893939367735,False
feature_5415,20.17823383221726,False
feature_3373,20.12934719747995,False
feature_0607,19.99859352954388,False
feature_6490,19.99002734228469,False
feature_0237,19.89454882017648,False
feature_3984,19.87856613876358,False
feature_4808,19.8169095920999,False
feature_3469,19.78664763811799,False
feature_2146,19.76297732029698,False
feature_3075,19.73238426065514,False
feature_0624,19.725923203533412,False
feature_5388,19.674064645025492,False
feature_1399,19.65907698523928,False
feature_4380,19.59073903791207,False
feature_5622,19.57801208773185,False
feature_3454,19.571780123789793,False
feature_2340,19.57138420482897,False
feature_6289,19.56258793339838,False
feature_0319,19.558883451746176,False
feature_3224,19.502434364752105,False
feature_4906,19.456487088174054,False
feature_5165,19.452651736255348,False
feature_5957,19.422683091069988,False
feature_3251,19.422092993297323,False
feature_6498,19.409617546128406,False
feature_0399,19.402186642198696,False
feature_4694,19.386325618116423,False
feature_3655,19.33225544883801,False
feature_1589,19.33142327855996,False
feature_2373,19.327757849092887,False
feature_3257,19.318460576725776,False
feature_3635,19.29181031095474,False
feature_2238,19.158179748407296,False
feature_4317,19.138475854153747,False
feature_0451,19.050478485773596,False
feature_0807,19.0409637419642,False
feature_1469,18.980391427350764,False
feature_1110,18.94407072837845,False
feature_2448,18.907866313180318,False
feature_5821,18.845371620495317,False
feature_5710,18.81767596653687,False
feature_2822,18.812728533161465,False
feature_6002,18.811387676986296,False
feature_2009,18.713515687450776,False
feature_5512,18.682450379946353,False
feature_5246,18.67908681066169,False
feature_4124,18.59152740631696,False
feature_1822,18.565180357727076,False
feature_2852,18.564920840679694,False
feature_2476,18.564561036178972,False
feature_5234,18.538388349976408,False
feature_4588,18.516070400533412,False
feature_1144,18.494780672173032,False
feature_5332,18.47872311755449,False
feature_3355,18.463501062463354,False
feature_2664,18.418656118171654,False
feature_0584,18.363444344001373,False
feature_2106,18.301871870849958,False
feature_4093,18.272463789233324,False
feature_1862,18.247047307561704,False
feature_5152,18.234627358747215,False
feature_4627,18.17323498485245,False
feature_0854,18.162346562765766,False
feature_3664,18.156322184011586,False
feature_0231,18.142054387996335,False
feature_4821,18.12522174926235,False
feature_6395,18.124225810798855,False
feature_6429,18.06756872944927,False
feature_3800,17.957105936500234,False
feature_4677,17.933569132379,False
feature_2379,17.693511933941664,False
feature_0077,17.687486850825582,False
feature_4168,17.66063607991437,False
feature_6571,17.64127772532902,False
feature_0126,17.637118339162324,False
feature_1303,17.630994045562215,False
feature_4953,17.60441872742983,False
feature_4682,17.573090103223606,False
feature_1190,17.454511135397848,False
feature_3161,17.415107317582102,False
feature_4790,17.40599897130542,False
feature_5392,17.343924737057428,False
feature_2490,17.31810301251201,False
feature_3420,17.303947089937243,False
feature_1989,17.264309305656866,False
feature_0689,17.25746762798897,False
feature_2276,17.24849969770447,False
feature_3043,17.233909057215875,False
feature_0179,17.212064479728607,False
feature_5357,17.188399614189198,False
feature_4616,17.1742221601231,False
feature_5052,17.172861912495147,False
feature_3346,17.151536225828423,False
feature_5093,17.122761637024848,False
feature_0637,17.120211678204857,False
feature_2269,17.096296484992283,False
feature_0772,17.077936777680396,False
feature_6590,17.054543338395852,False
feature_2759,17.03989909883554,False
feature_3070,16.978412410486094,False
feature_4679,16.97794806009054,False
feature_1373,16.933297786184767,False
feature_4478,16.93196036411336,False
feature_5379,16.91922354888473,False
feature_5437,16.911535158315555,False
feature_5542,16.87053044943321,False
feature_5804,16.860698836473215,False
feature_2720,16.860578890455123,False
feature_5700,16.85595886578582,False
feature_4566,16.845806386595534,False
feature_0084,16.815232903433376,False
feature_0351,16.763962492451803,False
feature_3744,16.741630116807887,False
feature_1029,16.732615780565357,False
feature_5010,16.719681112053948,False
feature_6320,16.679143259655838,False
feature_0298,16.670148814059456,False
feature_4309,16.649369207489965,False
feature_3077,16.626404638304642,False
feature_3377,16.6143399297538,False
feature_6129,16.583925710194055,False
feature_1632,16.57746252115179,False
feature_1492,16.55826907238205,False
feature_3368,16.54185246200975,False
feature_3996,16.539076238073935,False
feature_2471,16.51666291071917,False
feature_1395,16.482503009883974,False
feature_3724,16.465460025334988,False
feature_5538,16.441170501746292,False
feature_4173,16.437336466558886,False
feature_4321,16.41559896171184,False
feature_6270,16.364824356560078,False
feature_4339,16.364676909784013,False
feature_2769,16.34373186377475,False
feature_4063,16.296967142823867,False
feature_1600,16.23643042305145,False
feature_3733,16.229055122440425,False
feature_0269,16.211424271403196,False
feature_6406,16.19249072270157,False
feature_4375,16.1560643962071,False
feature_1274,16.151138936848287,False
feature_5792,16.12689972746964,False
feature_5482,16.119627938696524,False
feature_3410,16.1123342423899,False
feature_1938,16.107095079052876,False
feature_1233,16.1018984535327,False
feature_3058,16.09635404127852,False
feature_1908,16.093604961969774,False
feature_2223,16.087507090993885,False
feature_3887,16.072344351896877,False
feature_6560,16.05063725745608,False
feature_2230,16.032287656962808,False
feature_2027,16.021722070572917,False
feature_3375,16.005027592771313,False
feature_4847,15.996582453643795,False
feature_5775,15.988225105850784,False
feature_5368,15.9256666025892,False
feature_0745,15.89728781818752,False
feature_0868,15.851290493027951,False
feature_6257,15.846683413598665,False
feature_3031,15.837503253081973,False
feature_5961,15.782704058656726,False
feature_5912,15.767641025327157,False
feature_2896,15.745704955399443,False
feature_2330,15.741789618780453,False
feature_5819,15.714343964588322,False
feature_0925,15.704933342998505,False
feature_6103,15.65752080792216,False
feature_5995,15.632134138317149,False
feature_1293,15.621168585673862,False
feature_5795,15.619752101799788,False
feature_3803,15.60568373427163,False
feature_1789,15.599247857644569,False
feature_1900,15.543122096397136,False
feature_1758,15.531400522953403,False
feature_6171,15.50633437554753,False
feature_3812,15.482248759125515,False
feature_3489,15.446355347540395,False
feature_0816,15.41946253693115,False
feature_1232,15.419119921019078,False
feature_5638,15.412192069031875,False
feature_6525,15.378477955561806,False
feature_2034,15.373907888911422,False
feature_4799,15.362546691680913,False
feature_3464,15.353162172808483,False
feature_5984,15.34124858188301,False
feature_5855,15.338999006922434,False
feature_3097,15.205476027357145,False
feature_6274,15.19074086831928,False
feature_0713,15.19001461558384,False
feature_4373,15.172418857828132,False
feature_1065,15.159966915719199,False
feature_1212,15.15458173555635,False
feature_4625,15.151819277374075,False
feature_1669,15.132047977189519,False
feature_0812,15.110571075793017,False
feature_5531,15.107257434032375,False
feature_3711,15.073647922758543,False
feature_1593,15.06841168267187,False
feature_4458,15.061403490917062,False
feature_1874,15.024023649964896,False
feature_4069,15.015088092200704,False
feature_6251,14.922446461519215,False
feature_3282,14.917727359298226,False
feature_0951,14.915034345012858,False
feature_2100,14.89975912746893,False
feature_3285,14.897816464605793,False
feature_5124,14.897325196743733,False
feature_3253,14.882726564617466,False
feature_3752,14.873126226483429,False
feature_0813,14.797812520319633,False
feature_4091,14.788959674422312,False
feature_2838,14.777865881163173,False
feature_5673,14.76188913530305,False
feature_0835,14.736244065090068,False
feature_2208,14.653962960958596,False
feature_6589,14.652639631308048,False
feature_0044,14.643809260136234,False
feature_2558,14.626698272008614,False
feature_4497,14.622588526625897,False
feature_4076,14.61704060048151,False
feature_1814,14.609259057559239,False
feature_2692,14.53500724729089,False
feature_1020,14.525621384827634,False
feature_0729,14.495995451554755,False
feature_3764,14.485133090484485,False
feature_6415,14.452603791990382,False
feature_2935,14.45214071064419,False
feature_5621,14.44041468904232,False
feature_3279,14.393442002492378,False
feature_3921,14.387055921576218,False
feature_5870,14.386765682574378,False
feature_0691,14.344919317625598,False
feature_1367,14.33825218466608,False
feature_0542,14.308602784981487,False
feature_5202,14.24973702400736,False
feature_6093,14.218127861706499,False
feature_4226,14.216758607830899,False
feature_1879,14.16024611782851,False
feature_3727,14.151277323354408,False
feature_0733,14.13212952874377,False
feature_5719,14.11809559702285,False
feature_1466,14.114845327812867,False
feature_0858,14.102056052960188,False
feature_5366,14.075736661047916,False
feature_0108,14.048569480963614,False
feature_5639,14.023953711684957,False
feature_4111,13.989821172090204,False
feature_1865,13.960458139662556,False
feature_4313,13.89193239903196,False
feature_5754,13.84367376595521,False
feature_2161,13.83517302150115,False
feature_5298,13.811540894819593,False
feature_2723,13.801373607099922,False
feature_4944,13.76364348715559,False
feature_4366,13.757114663002469,False
feature_5427,13.75360735919647,False
feature_6479,13.683550509355042,False
feature_1639,13.662755843060923,False
feature_4990,13.655965992499535,False
feature_5315,13.652903281553966,False
feature_4008,13.64946670556938,False
feature_5559,13.568489427387371,False
feature_5169,13.563196074092492,False
feature_1358,13.560914259854234,False
feature_3268,13.556664749046272,False
feature_1275,13.551314877003653,False
feature_3839,13.542747441306183,False
feature_2599,13.538912219731838,False
feature_5430,13.535626661111657,False
feature_1211,13.53320442733163,False
feature_1382,13.52131215118074,False
feature_2784,13.505596467995957,False
feature_1159,13.485555969774985,False
feature_2329,13.474294856759167,False
feature_5127,13.44955915158819,False
feature_0300,13.439775036719862,False
feature_1716,13.417878856997977,False
feature_5101,13.41138988598661,False
feature_6423,13.408421130046348,False
feature_4665,13.407116948561733,False
feature_4407,13.353617630874215,False
feature_2681,13.351585783687947,False
feature_1078,13.349891302790049,False
feature_3583,13.33346389642697,False
feature_6199,13.289913848853592,False
feature_0255,13.279062781375103,False
feature_6565,13.262636732023372,False
feature_0679,13.261774407103022,False
feature_4049,13.206578621938105,False
feature_0751,13.198549072075492,False
feature_0018,13.195613607739467,False
feature_5209,13.128306894027583,False
feature_3790,13.119489535867405,False
feature_1444,13.100571062395726,False
feature_6072,13.081937861553982,False
feature_5985,13.069582099285835,False
feature_2976,13.025430797910566,False
feature_2334,13.019318665269893,False
feature_1515,13.000769539641379,False
feature_5450,12.99973060745642,False
feature_1426,12.983088198878662,False
feature_5777,12.980039384947125,False
feature_4508,12.971129328285262,False
feature_1316,12.950742467671413,False
feature_2092,12.947325403073775,False
feature_6252,12.915789244620035,False
feature_4197,12.900982929225725,False
feature_3788,12.897934613111183,False
feature_0498,12.894972087651887,False
feature_4080,12.88288881707173,False
feature_4558,12.867913099016345,False
feature_5642,12.860767624142277,False
feature_0072,12.852898076036269,False
feature_6056,12.845650166584283,False
feature_2466,12.831598002663524,False
feature_5364,12.831107796427377,False
feature_3841,12.824039556869593,False
feature_1421,12.782500630909526,False
feature_6442,12.76593064883225,False
feature_4490,12.76522495710804,False
feature_0972,12.761060883273215,False
feature_2445,12.758999809540539,False
feature_3948,12.724817977565777,False
feature_3466,12.722289304535252,False
feature_5576,12.718589964237054,False
feature_3180,12.711655316272777,False
feature_4325,12.700935037759677,False
feature_2335,12.654038801406339,False
feature_1661,12.64866125784635,False
feature_0976,12.645209946701375,False
feature_2469,12.635489714563517,False
feature_5254,12.615939661887563,False
feature_5431,12.566302684811538,False
feature_6443,12.566291087135317,False
feature_4928,12.549205039814847,False
feature_5047,12.537372497220566,False
feature_2770,12.49164464117285,False
feature_4036,12.490133193120007,False
feature_6587,12.486325679865802,False
feature_0402,12.479106354559319,False
feature_1229,12.45797180939561,False
feature_3784,12.443708389048684,False
feature_4075,12.4323715480806,False
feature_2053,12.402928015783857,False
feature_5649,12.350039358464969,False
feature_5907,12.34352777414215,False
feature_5474,12.307833787045531,False
feature_1724,12.298202640034281,False
feature_4895,12.288315221459959,False
feature_3880,12.287623089290635,False
feature_4252,12.285952990181224,False
feature_3966,12.246436304365591,False
feature_6287,12.233207841663587,False
feature_3501,12.230040919635476,False
feature_0440,12.218530002709075,False
feature_1963,12.20959404824479,False
feature_3324,12.205738457112984,False
feature_5109,12.205520552823744,False
feature_1705,12.204146906492738,False
feature_3059,12.182538193966725,False
feature_1054,12.173026055916338,False
feature_0251,12.170740821260662,False
feature_5233,12.16939122957227,False
feature_1433,12.167114734606963,False
feature_2073,12.140672464847201,False
feature_5027,12.13509341885682,False
feature_1285,12.112560822994501,False
feature_1751,12.109138615416596,False
feature_4934,12.101241246524701,False
feature_1278,12.09785919595093,False
feature_6241,12.08685382712506,False
feature_2013,12.053039554948533,False
feature_2377,12.02502554448731,False
feature_5736,12.01582419868783,False
feature_0912,12.004139151844482,False
feature_3753,12.003443300829845,False
feature_1944,11.992162199977665,False
feature_2141,11.960927941041527,False
feature_2995,11.938433221954034,False
feature_1427,11.917219138195215,False
feature_0210,11.845886483790036,False
feature_4449,11.832448698034662,False
feature_2404,11.79840313937973,False
feature_0766,11.765130199646453,False
feature_6558,11.740721690975981,False
feature_3811,11.732043079974362,False
feature_4043,11.724206476800406,False
feature_3309,11.721268143331464,False
feature_3042,11.701071602596139,False
feature_5116,11.697269217241953,False
feature_3580,11.694945471173655,False
feature_1295,11.68402761687371,False
feature_2441,11.680740109372971,False
feature_4056,11.661262896883757,False
feature_3047,11.6529497620172,False
feature_0233,11.63957258517914,False
feature_4213,11.602639355273167,False
feature_0009,11.595434869212358,False
feature_4775,11.556059166918509,False
feature_2456,11.548861066111177,False
feature_1108,11.54368715627763,False
feature_0360,11.542966240927752,False
feature_1684,11.527849908656442,False
feature_2563,11.521476537897861,False
feature_0699,11.5164234568365,False
feature_5737,11.507522174479512,False
feature_1914,11.471234525558469,False
feature_4171,11.47092765353232,False
feature_5277,11.445055983366176,False
feature_6155,11.441511216160622,False
feature_2927,11.421655032107719,False
feature_6159,11.418484879889123,False
feature_1253,11.395634825901734,False
feature_2503,11.375888120502877,False
feature_2793,11.352025643046487,False
feature_3138,11.345985826444961,False
feature_1783,11.336935982090987,False
feature_0354,11.319945246457186,False
feature_4127,11.3195287316701,False
feature_5976,11.314853440663912,False
feature_5043,11.310149066554843,False
feature_4894,11.299946698911766,False
feature_0505,11.268169385821741,False
feature_2614,11.252109454839093,False
feature_3303,11.246266626127234,False
feature_1894,11.219134476107557,False
feature_0302,11.204591267974795,False
feature_5382,11.198912855586682,False
feature_3545,11.156488944657122,False
feature_5510,11.154457496576345,False
feature_4740,11.152515813379557,False
feature_2116,11.138693296303614,False
feature_5967,11.116115846219436,False
feature_1085,11.103372058849825,False
feature_4480,11.074789955883352,False
feature_2653,11.07098927251149,False
feature_6439,11.067524226547864,False
feature_3263,11.064664174322251,False
feature_5934,11.044088037551914,False
feature_5062,11.04195786947827,False
feature_0633,11.033652834852777,False
feature_1527,11.024728556360497,False
feature_5800,11.000636717188993,False
feature_1197,10.985709526259232,False
feature_5293,10.974657485214992,False
feature_0908,10.965280760856608,False
feature_4874,10.963561138257928,False
feature_4541,10.950818680902259,False
feature_0157,10.946808393238236,False
feature_5192,10.93801353320638,False
feature_1206,10.921104244717231,False
feature_1163,10.887288495471207,False
feature_5344,10.880257574994776,False
feature_1071,10.878919515911742,False
feature_4577,10.855613932196384,False
feature_0395,10.849975411693901,False
feature_0709,10.848606605327287,False
feature_4030,10.843141245653776,False
feature_3432,10.830410670814432,False
feature_1265,10.802423757062076,False
feature_2831,10.799031675757238,False
feature_2130,10.792414067833176,False
feature_4185,10.7774580439885,False
feature_6079,10.757286986298531,False
feature_3227,10.733777614799932,False
feature_0124,10.717042466301194,False
feature_4422,10.706201803788687,False
feature_3467,10.677511886965513,False
feature_0046,10.66223066694114,False
feature_3777,10.655742414923392,False
feature_4426,10.639221969871887,False
feature_6173,10.632426408315723,False
feature_0533,10.631000445260955,False
feature_6566,10.62395261332641,False
feature_4482,10.614236182461164,False
feature_3666,10.596113765845631,False
feature_2864,10.544574334405109,False
feature_0757,10.531360939922038,False
feature_3490,10.501526247254217,False
feature_2669,10.495180729444204,False
feature_1829,10.491376901968948,False
feature_3167,10.489370658234748,False
feature_6060,10.481530615227559,False
feature_1854,10.480485930424916,False
feature_3402,10.475598555017386,False
feature_4826,10.471258756973565,False
feature_3758,10.466634574124981,False
feature_5245,10.435980050058166,False
feature_3936,10.42702880840138,False
feature_1348,10.42437465188492,False
feature_3226,10.415376524449952,False
feature_4882,10.412015325155549,False
feature_1476,10.37430478573921,False
feature_2290,10.347571556991996,False
feature_6278,10.335391493513754,False
feature_1044,10.328356790287138,False
feature_1016,10.323075413576852,False
feature_0416,10.312594409009563,False
feature_3414,10.304127065357132,False
feature_4687,10.301579855253015,False
feature_2402,10.298759212060796,False
feature_1828,10.281908295390709,False
feature_2461,10.272495128760774,False
feature_1418,10.230365239288373,False
feature_0207,10.230109064535723,False
feature_4756,10.214849852284694,False
feature_0406,10.188154003283564,False
feature_4330,10.146292354810392,False
feature_3842,10.128625147731036,False
feature_3881,10.115971678293972,False
feature_3170,10.100690006846726,False
feature_4931,10.092415610961739,False
feature_5999,10.087607897923085,False
feature_3623,10.087166780490387,False
feature_5082,10.07617835307595,False
feature_5508,10.070600503651153,False
feature_4027,10.054149396216076,False
feature_5632,10.031619105693407,False
feature_2031,10.030913399962316,False
feature_2715,10.023940127370004,False
feature_1744,10.013057182954931,False
feature_6019,9.989765049108476,False
feature_2489,9.95723107198469,False
feature_5565,9.940702292844453,False
feature_2567,9.936801707892052,False
feature_2234,9.93231800601869,False
feature_6480,9.917113855698602,False
feature_4147,9.905986194094886,False
feature_3231,9.894937239021932,False
feature_4288,9.884256900533334,False
feature_4642,9.881226266218539,False
feature_0727,9.876098072573194,False
feature_2239,9.86983480498824,False
feature_1627,9.862157845774735,False
feature_1139,9.853544386017731,False
feature_4368,9.85344116816813,False
feature_2111,9.85144973374059,False
feature_0540,9.850987922892145,False
feature_2754,9.831997541739945,False
feature_3557,9.824319177843018,False
feature_3797,9.819142166056698,False
feature_5878,9.814634128472646,False
feature_3684,9.811099239878654,False
feature_1739,9.806088345076828,False
feature_5704,9.800437246647661,False
feature_2008,9.796285354733397,False
feature_1143,9.784621681897846,False
feature_2819,9.776449451392699,False
feature_4804,9.77613976055173,False
feature_1642,9.773481981280744,False
feature_6007,9.733566000962941,False
feature_5717,9.7212461292419,False
feature_6522,9.71678403910499,False
feature_0192,9.680927130867245,False
feature_1445,9.679903161612282,False
feature_3240,9.664508153129848,False
feature_2542,9.658784404611382,False
feature_2988,9.65653623675789,False
feature_0758,9.640647891588717,False
feature_3103,9.627442837120386,False
feature_0333,9.625744027615259,False
feature_6544,9.622831224156899,False
feature_1869,9.603638963275191,False
feature_5550,9.585267878050349,False
feature_1546,9.545445628987608,False
feature_3920,9.467013788197887,False
feature_3001,9.441343438697858,False
feature_1531,9.42563983468373,False
feature_0984,9.42075911867994,False
feature_5921,9.402540650462596,False
feature_0215,9.379158125250687,False
feature_0509,9.36823547740027,False
feature_0643,9.367409936999264,False
feature_5712,9.348948207415452,False
feature_4686,9.338359257665378,False
feature_6113,9.31935425214526,False
feature_3503,9.30164214112335,False
feature_3491,9.281360471997138,False
feature_0465,9.271245896942418,False
feature_5697,9.27108961612519,False
feature_5284,9.266341352043526,False
feature_4813,9.246286116037622,False
feature_5761,9.242979904095241,False
feature_1870,9.219891550183263,False
feature_5918,9.216972934090743,False
feature_2695,9.189808535179242,False
feature_4751,9.180697752360523,False
feature_3767,9.148766580876512,False
feature_3356,9.139579670180924,False
feature_2285,9.121649743674611,False
feature_2730,9.046480674190088,False
feature_6076,9.040814165721843,False
feature_2025,9.03695311310266,False
feature_1168,9.036018687233431,False
feature_2121,9.03578856104415,False
feature_4460,9.02304869336341,False
feature_3854,9.01024138514559,False
feature_6385,9.009534569407586,False
feature_6586,9.003566530578325,False
feature_4923,9.003401359484858,False
feature_2275,8.999310934363347,False
feature_5090,8.985211641936196,False
feature_0782,8.980208805819665,False
feature_1262,8.972714386339613,False
feature_4448,8.96405478000328,False
feature_5220,8.959305438667164,False
feature_6092,8.94631680511679,False
feature_2613,8.936104600807921,False
feature_3200,8.935609826192845,False
feature_1490,8.914035391928406,False
feature_0067,8.906325728680795,False
feature_0865,8.89479410378491,False
feature_5680,8.883585902231175,False
feature_4987,8.878580437902166,False
feature_3656,8.863464543754537,False
feature_0063,8.831000615394835,False
feature_5571,8.82945204839843,False
feature_1773,8.781573975396615,False
feature_3594,8.780623502201802,False
feature_6508,8.777727290813282,False
feature_1051,8.771982532036356,False
feature_5889,8.770389910187182,False
feature_5647,8.766648877955905,False
feature_3233,8.762649951109085,False
feature_5410,8.756423241415517,False
feature_3487,8.745602724484646,False
feature_0020,8.722443765741446,False
feature_3675,8.72012911600128,False
feature_1898,8.702994272736845,False
feature_0363,8.699173089370841,False
feature_1911,8.697336445485478,False
feature_1306,8.692837896442308,False
feature_6574,8.685821239267588,False
feature_0120,8.68366263159444,False
feature_4295,8.667185831385327,False
feature_4135,8.664980816180035,False
feature_4025,8.658076913372073,False
feature_0554,8.656676099941231,False
feature_1971,8.63591783698994,False
feature_3625,8.635483727019198,False
feature_0996,8.620740274195724,False
feature_5206,8.61969825246086,False
feature_3315,8.6129164508951,False
feature_0997,8.610017508510683,False
feature_6493,8.605224157289975,False
feature_5633,8.603957219039378,False
feature_3802,8.591306649244224,False
feature_4509,8.58926351983023,False
feature_2037,8.580422681851536,False
feature_4707,8.557583257247911,False
feature_0387,8.548088985654909,False
feature_3916,8.543186409834217,False
feature_4429,8.513240994775959,False
feature_0340,8.51163465223998,False
feature_4640,8.502073681557937,False
feature_4182,8.470324383004485,False
feature_2647,8.460240472271492,False
feature_3637,8.448160463990263,False
feature_1268,8.438350393542544,False
feature_6266,8.433621910068604,False
feature_0819,8.424093746305825,False
feature_4902,8.403957304567443,False
feature_4271,8.385289645543608,False
feature_3302,8.375382520779633,False
feature_4530,8.366566107097842,False
feature_4579,8.366171024648889,False
feature_2634,8.365826396756598,False
feature_2412,8.360171803924612,False
feature_3044,8.35156682315561,False
feature_4406,8.348247192665793,False
feature_6418,8.346397280281247,False
feature_3868,8.345671558372576,False
feature_0563,8.341846966088841,False
feature_3772,8.336533001586625,False
feature_1086,8.333494773859643,False
feature_2447,8.319864920218519,False
feature_3137,8.303046080231866,False
feature_1752,8.28447756135153,False
feature_5336,8.277139262031405,False
feature_2667,8.261653267230663,False
feature_5346,8.240508198716526,False
feature_0928,8.21592945069942,False
feature_0544,8.20050568750781,False
feature_3704,8.193404993582703,False
feature_4956,8.191898043255875,False
feature_0885,8.175085178780579,False
feature_1551,8.171671492732932,False
feature_1369,8.170884848476302,False
feature_2651,8.169254378114928,False
feature_5413,8.168690978522381,False
feature_3867,8.168550100565977,False
feature_1074,8.156936646927907,False
feature_0829,8.151484704956086,False
feature_1401,8.145700757594556,False
feature_5811,8.145128230333992,False
feature_1997,8.144472887024895,False
feature_4466,8.13744226421347,False
feature_3962,8.134283018829654,False
feature_6197,8.12700932009825,False
feature_3678,8.11879516347679,False
feature_1368,8.109364168003037,False
feature_2153,8.107951129289065,False
feature_1802,8.107314180907832,False
feature_6084,8.090457853983109,False
feature_6215,8.08696321933004,False
feature_4367,8.060532271157594,False
feature_5468,8.047356352224492,False
feature_5222,8.044917044825805,False
feature_3997,8.041578405559747,False
feature_1523,8.033994325427258,False
feature_6035,8.0315628524998,False
feature_2686,8.028820727016186,False
feature_3122,8.026514280006356,False
feature_4235,8.024883374506349,False
feature_4824,8.011008719191288,False
feature_5767,7.996601834061001,False
feature_6162,7.987906179192713,False
feature_3885,7.983296460921459,False
feature_5566,7.972146399382137,False
feature_3845,7.971966091704168,False
feature_6271,7.958777292335756,False
feature_2172,7.953504022400769,False
feature_1224,7.953383090426077,False
feature_1856,7.9460154824489,False
feature_0696,7.935006093771663,False
feature_0992,7.922352807452016,False
feature_3609,7.920280399629885,False
feature_4029,7.904846741521599,False
feature_2385,7.902934197644634,False
feature_0560,7.89980421081293,False
feature_2090,7.883562255577426,False
feature_5280,7.882062332010825,False
feature_2518,7.872237583716136,False
feature_0768,7.867253428305743,False
feature_5962,7.866828723867758,False
feature_5880,7.856594845333861,False
feature_0147,7.852460303361938,False
feature_3418,7.844411687535455,False
feature_3208,7.838393534218304,False
feature_5979,7.83136955100843,False
feature_6046,7.825974870591605,False
feature_0134,7.817767336460649,False
feature_5078,7.797461623209045,False
feature_6240,7.796464225988765,False
feature_2475,7.793976756156755,False
feature_0051,7.792017791489,False
feature_4809,7.789148411649397,False
feature_4972,7.786689623622954,False
feature_3651,7.786670980866756,False
feature_1290,7.786604768067482,False
feature_1761,7.779591932928942,False
feature_4161,7.774753779346222,False
feature_6333,7.7527693565579,False
feature_2327,7.741309696576592,False
feature_1120,7.733277179828451,False
feature_0443,7.721489307041518,False
feature_2468,7.706075717900576,False
feature_5834,7.703322092172579,False
feature_1591,7.690694566082395,False
feature_3062,7.6865665372744925,False
feature_1999,7.678467166608118,False
feature_3643,7.67125816050304,False
feature_5884,7.635383746772188,False
feature_1101,7.6249218886021835,False
feature_1719,7.6244061706138835,False
feature_6032,7.621031223905009,False
feature_6405,7.6204421862181935,False
feature_1625,7.618186222566492,False
feature_3879,7.616979007964771,False
feature_2455,7.603471748868426,False
feature_5391,7.601592289862186,False
feature_1767,7.586467606718294,False
feature_3653,7.584684854223584,False
feature_0378,7.575111436901721,False
feature_1019,7.574167323972926,False
feature_5371,7.541154885459887,False
feature_0659,7.525502614081544,False
feature_5179,7.524314594825716,False
feature_0570,7.522783650795755,False
feature_5053,7.52202204654261,False
feature_1671,7.5188540184234745,False
feature_4670,7.516085592394915,False
feature_2577,7.51555865724673,False
feature_3080,7.507866544462506,False
feature_0125,7.4959992535416085,False
feature_2840,7.493628865090153,False
feature_0352,7.49294299306392,False
feature_1286,7.473716554733212,False
feature_1580,7.458360114137708,False
feature_4265,7.4577979671130645,False
feature_5163,7.454967881385541,False
feature_1610,7.450792112065535,False
feature_4605,7.432185569757785,False
feature_0522,7.430762054231487,False
feature_3078,7.413270325453462,False
feature_5146,7.402611635065176,False
feature_5184,7.379535446586366,False
feature_5500,7.378928929306453,False
feature_0288,7.377789962854801,False
feature_4524,7.351124269117262,False
feature_5568,7.347625180835752,False
feature_4729,7.345632472476152,False
feature_4250,7.294736053714405,False
feature_1738,7.277196863976187,False
feature_1309,7.270181222610251,False
feature_4238,7.26948962795187,False
feature_5956,7.266999574776472,False
feature_5118,7.25871651881173,False
feature_0603,7.2517591551981635,False
feature_3089,7.248422899074874,False
feature_2272,7.23595037184593,False
feature_4992,7.2338414947503775,False
feature_3181,7.227137521179337,False
feature_2622,7.226041731200226,False
feature_5972,7.224407355903721,False
feature_1284,7.224260581244955,False
feature_2960,7.213404283341576,False
feature_0802,7.202235710957852,False
feature_4273,7.194482893745771,False
feature_6108,7.1915214804288645,False
feature_2520,7.179563281445441,False
feature_6358,7.173477767339615,False
feature_5085,7.172201588395916,False
feature_4462,7.161285939963791,False
feature_1917,7.158590873605034,False
feature_6371,7.154033363911117,False
feature_1779,7.152145582551511,False
feature_1249,7.150897709838037,False
feature_2718,7.144548639723891,False
feature_3607,7.143839958996492,False
feature_3228,7.142732436208561,False
feature_6434,7.130242509774204,False
feature_3543,7.123477022163098,False
feature_4993,7.123391690499131,False
feature_0080,7.121982062315951,False
feature_0105,7.121030696960133,False
feature_1817,7.117353328038498,False
feature_1978,7.109530285090422,False
feature_2905,7.108699274380515,False
feature_0132,7.101052947435668,False
feature_4554,7.095476601087785,False
feature_3555,7.090248084540656,False
feature_3229,7.085243485641746,False
feature_3425,7.079923198537888,False
feature_4580,7.074483792004678,False
feature_3055,7.059596803384281,False
feature_6037,7.058999572261378,False
feature_2317,7.053725578234863,False
feature_1712,7.030943175863066,False
feature_0023,7.030925538883952,False
feature_6018,7.02246313747849,False
feature_6477,7.02026951543653,False
feature_3493,7.01982721159719,False
feature_3906,7.013547220989498,False
feature_6234,7.00920755794205,False
feature_5408,7.004007167227983,False
feature_3674,7.001797164166317,False
feature_5425,6.996409921825476,False
feature_3538,6.986758147182143,False
feature_3605,6.979970603587145,False
feature_3741,6.979779998536826,False
feature_5367,6.97972666592573,False
feature_2929,6.977383777926137,False
feature_5948,6.956813648208721,False
feature_2513,6.950961238777634,False
feature_5784,6.949378926346054,False
feature_0064,6.941960205741984,False
feature_3499,6.929397906075918,False
feature_5323,6.919021271734961,False
feature_5683,6.914160604172154,False
feature_0047,6.913602064241778,False
feature_4232,6.89831014624917,False
feature_6551,6.892819875367429,False
feature_1094,6.890762041548508,False
feature_1782,6.890440635696435,False
feature_1834,6.889261719543176,False
feature_5478,6.879855826084506,False
feature_3610,6.8753789677421615,False
feature_1567,6.873618799204886,False
feature_3299,6.870178390310044,False
feature_1691,6.8562997092728875,False
feature_5081,6.828494744600575,False
feature_6077,6.819984672260241,False
feature_1711,6.81793295567933,False
feature_3763,6.816486884910991,False
feature_5648,6.815369961097923,False
feature_2126,6.812238769646123,False
feature_2206,6.809995881415537,False
feature_5097,6.801085441790478,False
feature_5569,6.798491142586965,False
feature_0750,6.79546062196442,False
feature_3144,6.779539869550034,False
feature_5745,6.7782282928052755,False
feature_6542,6.770461448137394,False
feature_0225,6.768889744413437,False
feature_5361,6.768304612047876,False
feature_2644,6.7607115489612655,False
feature_4881,6.758275227305205,False
feature_0826,6.752629275459519,False
feature_3720,6.748515466101878,False
feature_4624,6.742944752858279,False
feature_3586,6.742355817233454,False
feature_5225,6.729616207988827,False
feature_0088,6.72316197753788,False
feature_4737,6.7194398151721595,False
feature_6494,6.718992537354654,False
feature_4363,6.714082471344094,False
feature_6003,6.7086328319819275,False
feature_4102,6.704047639542717,False
feature_0670,6.693418712767416,False
feature_1023,6.692191470242833,False
feature_2744,6.681775691657972,False
feature_2566,6.676307550650751,False
feature_4502,6.6747615983432995,False
feature_0419,6.670952767932985,False
feature_6497,6.665895363364581,False
feature_4159,6.66269919710994,False
feature_6025,6.659957518676731,False
feature_4189,6.653155773899238,False
feature_4219,6.645015249338564,False
feature_6040,6.641475050353635,False
feature_3429,6.629916886819695,False
feature_3159,6.626101371400594,False
feature_0010,6.623736043024022,False
feature_2311,6.622260840490248,False
feature_5309,6.615139212808298,False
feature_2085,6.6121130207757055,False
feature_6328,6.607344699237891,False
feature_1403,6.5935844348751065,False
feature_1609,6.592269000878301,False
feature_0355,6.571096403353996,False
feature_6338,6.56291750370899,False
feature_3765,6.561510405422171,False
feature_2292,6.560233625235617,False
feature_4359,6.558615990605524,False
feature_0537,6.55666689708754,False
feature_2481,6.549264615052406,False
feature_5532,6.533656821929558,False
feature_2583,6.531548197909641,False
feature_2107,6.530294374702295,False
feature_2119,6.528126606493498,False
feature_4445,6.512977184466006,False
feature_5619,6.493862152485212,False
feature_0941,6.4911525356281405,False
feature_3132,6.49025249377459,False
feature_2393,6.48960059764653,False
feature_0169,6.488774787401093,False
feature_5823,6.478573086244085,False
feature_3209,6.468963412882365,False
feature_4441,6.464187632081195,False
feature_1156,6.461106483593596,False
feature_2913,6.448572397675897,False
feature_0274,6.444776078013241,False
feature_5599,6.418633792298041,False
feature_3735,6.418241668324937,False
feature_5306,6.410641571747241,False
feature_4798,6.398941773484417,False
feature_3779,6.394659558862546,False
feature_4500,6.394089517800278,False
feature_0594,6.380514882506649,False
feature_4154,6.376311711181924,False
feature_6403,6.366673801375183,False
feature_5201,6.360310812199836,False
feature_5645,6.356417627447148,False
feature_0365,6.341877639103686,False
feature_4818,6.340051903280435,False
feature_6065,6.334464389888321,False
feature_4718,6.330603451419935,False
feature_1175,6.330339925869952,False
feature_3291,6.329628437469718,False
feature_1259,6.326342202133193,False
feature_1942,6.32373309907881,False
feature_6023,6.304289270840137,False
feature_2587,6.297334160391562,False
feature_3599,6.288785709605179,False
feature_4221,6.267839595362719,False
feature_2299,6.260410425906802,False
feature_3998,6.249002049886025,False
feature_3480,6.2489141293590915,False
feature_3380,6.245780766819696,False
feature_4390,6.234595049079351,False
feature_6238,6.234262530591662,False
feature_0224,6.232278327938584,False
feature_2967,6.230430143138332,False
feature_2301,6.2298598076448615,False
feature_0393,6.225742937027326,False
feature_1376,6.22426525392142,False
feature_4071,6.213147316841325,False
feature_5339,6.2083530050226114,False
feature_6130,6.204890105142329,False
feature_4950,6.200091030664499,False
feature_0232,6.196623956271964,False
feature_3318,6.184471672716411,False
feature_0361,6.179319245583226,False
feature_0362,6.178077626799836,False
feature_2148,6.178051365426438,False
feature_3512,6.1717953200640805,False
feature_2352,6.167747312054812,False
feature_4684,6.16161361233077,False
feature_3634,6.1495585618384,False
feature_1644,6.124076294661605,False
feature_5123,6.123915618080019,False
feature_4668,6.117121163365282,False
feature_2254,6.106675367061256,False
feature_3448,6.0993877188346,False
feature_0901,6.088812098564971,False
feature_5372,6.087045083838775,False
feature_2561,6.069087806597167,False
feature_3526,6.067705795774404,False
feature_3518,6.0648388807073275,False
feature_2557,6.05809911038808,False
feature_1378,6.051718901371347,False
feature_3828,6.041602892661982,False
feature_0991,6.039569879432383,False
feature_2066,6.0367711116408405,False
feature_4081,6.032007422556861,False
feature_3699,6.026454437347687,False
feature_2553,6.025155353780142,False
feature_2133,6.024545272890495,False
feature_5773,6.02132760433967,False
feature_4597,6.002219382075255,False
feature_3191,5.999534246798676,False
feature_4040,5.985519791440002,False
feature_5354,5.983639494180174,False
feature_6069,5.97799733713058,False
feature_1021,5.977851075271895,False
feature_5790,5.976577227302797,False
feature_0668,5.973882181552172,False
feature_3696,5.9660604295266495,False
feature_3082,5.961983626617583,False
feature_3333,5.938150691741306,False
feature_2856,5.935682945664295,False
feature_2203,5.932500040852137,False
feature_3819,5.931175837168456,False
feature_0763,5.92793765419887,False
feature_4068,5.919371616064108,False
feature_3323,5.917035655791075,False
feature_2860,5.895761250879142,False
feature_5005,5.891861126476892,False
feature_6335,5.889544930145868,False
feature_5305,5.888024424611895,False
feature_6073,5.885534204869888,False
feature_6127,5.877158633292893,False
feature_0290,5.874534609763151,False
feature_0797,5.8700950751348575,False
feature_1508,5.867482591364912,False
feature_2263,5.863444950361459,False
feature_4564,5.857643041559676,False
feature_6581,5.845203757304604,False
feature_1507,5.8352777758565395,False
feature_2427,5.832519093805557,False
feature_2288,5.827504525052776,False
feature_4949,5.818487770693125,False
feature_3163,5.81617917805777,False
feature_5221,5.813829578567161,False
feature_2629,5.811727610041556,False
feature_0156,5.81144012363984,False
feature_2024,5.798901929284958,False
feature_1104,5.79800360716051,False
feature_6117,5.795509065041156,False
feature_1539,5.793537606442473,False
feature_0855,5.7918580527285,False
feature_2618,5.784805479399357,False
feature_3761,5.771572330082378,False
feature_2029,5.767259515684006,False
feature_5383,5.765844880890396,False
feature_1478,5.759460251297668,False
feature_4413,5.751921092528884,False
feature_5702,5.7511477631460455,False
feature_5643,5.747869564997635,False
feature_5328,5.7447607358217745,False
feature_0005,5.735298656249839,False
feature_3947,5.7321773100256275,False
feature_2847,5.731010780600395,False
feature_6201,5.730097554205487,False
feature_1749,5.7235038390275825,False
feature_2682,5.715502160734371,False
feature_5268,5.706456039771262,False
feature_2166,5.701293860079729,False
feature_1718,5.693885479151966,False
feature_3029,5.668441583377298,False
feature_3331,5.652777304862946,False
feature_0536,5.650508766577402,False
feature_1204,5.649593053140953,False
feature_5343,5.641604208938332,False
feature_0013,5.632070331864901,False
feature_1320,5.62815246032482,False
feature_3247,5.627655327218386,False
feature_3517,5.6257639569330005,False
feature_5011,5.625595492788169,False
feature_3065,5.621124536360512,False
feature_4925,5.613905517720703,False
feature_1526,5.611504782610965,False
feature_2423,5.604260203080515,False
feature_6591,5.584432350728825,False
feature_0177,5.582400248661825,False
feature_4651,5.570664826017104,False
feature_0368,5.562511535184537,False
feature_4290,5.552582139135877,False
feature_1986,5.5441191646952594,False
feature_6572,5.542970295180172,False
feature_5854,5.541952864190335,False
feature_0221,5.5358248363252525,False
feature_1875,5.531525117617556,False
feature_1453,5.520854182562955,False
feature_4452,5.520743614794289,False
feature_4391,5.516777238605173,False
feature_6259,5.516773305462622,False
feature_3549,5.515189168866281,False
feature_5458,5.504722006812442,False
feature_3344,5.502037169993857,False
feature_4376,5.49373831056474,False
feature_3654,5.480380598440635,False
feature_3890,5.480248118861778,False
feature_1535,5.480095966290731,False
feature_2608,5.477969562746677,False
feature_5014,5.476046461698962,False
feature_5557,5.457088649219107,False
feature_0401,5.455718349087531,False
feature_3409,5.450759825084854,False
feature_5570,5.440684548985914,False
feature_4260,5.439698591538206,False
feature_5788,5.429299166937971,False
feature_1252,5.4214007178268675,False
feature_0669,5.41088950717488,False
feature_2810,5.4059144486777075,False
feature_1452,5.403081227556075,False
feature_1667,5.402713783657606,False
feature_5149,5.391650194623059,False
feature_2070,5.387595029718518,False
feature_4732,5.381971536596192,False
feature_6436,5.380547745068146,False
feature_0880,5.374528629371317,False
feature_4183,5.369245086699623,False
feature_3677,5.366010831174954,False
feature_0143,5.3645760964605325,False
feature_6523,5.354146614301941,False
feature_0715,5.338101567474171,False
feature_1238,5.337274867790471,False
feature_0324,5.331523205563321,False
feature_0684,5.322724024539779,False
feature_1592,5.322034127201774,False
feature_2419,5.318702650326222,False
feature_5688,5.313632386146316,False
feature_0148,5.305848137806049,False
feature_5352,5.304551794729392,False
feature_1847,5.303724435594033,False
feature_1740,5.294675382443196,False
feature_0083,5.291241332687246,False
feature_4439,5.284719657653304,False
feature_5959,5.2832870512867345,False
feature_1116,5.283149768135355,False
feature_4315,5.281885281908091,False
feature_2675,5.281028664664436,False
feature_0247,5.2756817486569725,False
feature_2162,5.273424793907076,False
feature_2324,5.268819220013843,False
feature_4780,5.268127400928334,False
feature_0547,5.2678163497156705,False
feature_4409,5.2606930016966595,False
feature_1582,5.260313240677254,False
feature_2268,5.255976780274038,False
feature_6285,5.254901582501005,False
feature_4666,5.253111145845259,False
feature_2452,5.240352419300464,False
feature_2980,5.228620324371511,False
feature_2395,5.225012468734933,False
feature_4731,5.219122185450911,False
feature_5039,5.214220287687521,False
feature_3671,5.204423573292291,False
feature_0587,5.1972245635847445,False
feature_4169,5.19575977672688,False
feature_5580,5.191907898794815,False
feature_5426,5.189577249934919,False
feature_3287,5.186815623716992,False
feature_4614,5.186535577329789,False
feature_1088,5.185335434887804,False
feature_5654,5.179268107098323,False
feature_0484,5.174957486292668,False
feature_1980,5.167526808114213,False
feature_2799,5.152063163947251,False
feature_3588,5.147728310806901,False
feature_1179,5.143532458184472,False
feature_2262,5.141847279517578,False
feature_5801,5.140442844708796,False
feature_3650,5.131359781403365,False
feature_5685,5.1299057199007585,False
feature_2871,5.126575675049544,False
feature_2932,5.121889782343203,False
feature_0746,5.121877748814302,False
feature_6055,5.121699609262151,False
feature_0206,5.118429845315212,False
feature_4007,5.11680684706237,False
feature_4771,5.110186220606566,False
feature_4602,5.1054978539912685,False
feature_3642,5.105192591508771,False
feature_1121,5.102006635588298,False
feature_3893,5.091512852459607,False
feature_0791,5.091239385283152,False
feature_2589,5.087533749815939,False
feature_5189,5.086392344749521,False
feature_3522,5.082973167088513,False
feature_1579,5.06282419670462,False
feature_2409,5.061523850237988,False
feature_1521,5.06043900637076,False
feature_0403,5.0560984866762055,False
feature_0460,5.052776800988181,False
feature_4542,5.050964003400313,False
feature_0504,5.041852700371464,False
feature_4184,5.0383194722005635,False
feature_5065,5.034728542825465,False
feature_0258,5.034380088862839,False
feature_4692,5.033184649524946,False
feature_2607,5.031654728468822,False
feature_1982,5.025620234587347,False
feature_4092,5.02246316257238,False
feature_3455,5.010513393677494,False
feature_5114,4.998741458025787,False
feature_1890,4.986054122590869,False
feature_3459,4.9835726537246146,False
feature_3475,4.983039772733759,False
feature_1694,4.982397008436793,False
feature_1025,4.976676300980785,False
feature_3535,4.975776031578765,False
feature_1082,4.966902689302854,False
feature_4585,4.9641483640267206,False
feature_2794,4.95915230070841,False
feature_5603,4.958477927294648,False
feature_0283,4.949669597024394,False
feature_6158,4.947207920345128,False
feature_1100,4.9435783612588295,False
feature_2934,4.930243268477228,False
feature_5185,4.91701047892029,False
feature_5981,4.913609557660677,False
feature_3813,4.907388039704684,False
feature_2030,4.906399538938558,False
feature_2880,4.901905916147633,False
feature_0347,4.895988743261937,False
feature_2869,4.89383066154735,False
feature_3718,4.891192525976196,False
feature_5297,4.88711014648523,False
feature_3531,4.883740326407259,False
feature_2671,4.877354382166814,False
feature_5004,4.876522688606155,False
feature_4463,4.873317902880764,False
feature_4005,4.873298706022538,False
feature_5351,4.855052874971068,False
feature_3452,4.854964369141537,False
feature_0794,4.8519708094929275,False
feature_0913,4.850187961667508,False
feature_4186,4.840194697730304,False
feature_1410,4.839290912915788,False
feature_5363,4.835688787822165,False
feature_3223,4.828614224546387,False
feature_0969,4.826772450399017,False
feature_6431,4.819550046506039,False
feature_5438,4.8189375567641095,False
feature_1895,4.8171875684039,False
feature_4446,4.810985749203665,False
feature_4843,4.808111761503117,False
feature_5122,4.806659628776368,False
feature_5818,4.796044108328979,False
feature_2343,4.7853648585615245,False
feature_0645,4.782206185745076,False
feature_5443,4.776061670136052,False
feature_3792,4.771302975980407,False
feature_5041,4.759312314632333,False
feature_3365,4.758926957959526,False
feature_2590,4.753772915984112,False
feature_6125,4.75027053474883,False
feature_5762,4.7444127441793595,False
feature_5927,4.738312561776574,False
feature_1329,4.736813895996985,False
feature_0663,4.734889763860459,False
feature_0239,4.7326230842991155,False
feature_1647,4.726850195251512,False
feature_1844,4.723215924609395,False
feature_2717,4.722117799910196,False
feature_4023,4.721024930969435,False
feature_0551,4.720819047677169,False
feature_3506,4.718502319467795,False
feature_2668,4.7125666202403735,False
feature_0886,4.71226805037366,False
feature_2832,4.711416726024521,False
feature_4738,4.704108213824893,False
feature_0503,4.7029645107402365,False
feature_5317,4.701920960873918,False
feature_4964,4.700273386550421,False
feature_1509,4.698535339149263,False
feature_4378,4.6977389255299995,False
feature_0081,4.693863942678079,False
feature_3786,4.693543789510792,False
feature_4121,4.691159548222081,False
feature_3048,4.688406145318014,False
feature_0558,4.688070205960564,False
feature_6373,4.683622395332984,False
feature_4983,4.670662258448844,False
feature_5138,4.668729774943958,False
feature_3544,4.6653231965559,False
feature_4064,4.66240454456278,False
feature_5848,4.661592233656238,False
feature_3211,4.656908241154347,False
feature_5180,4.654319081055165,False
feature_0076,4.651714360194467,False
feature_6229,4.649538321324416,False
feature_3929,4.64325805096406,False
feature_0618,4.6282710809616265,False
feature_2110,4.625155398919208,False
feature_1221,4.621889634096386,False
feature_0508,4.621512226508309,False
feature_4893,4.621236114325555,False
feature_1198,4.62048330591675,False
feature_1479,4.616559501564326,False
feature_0964,4.613242894886019,False
feature_3405,4.602086034247571,False
feature_1488,4.599542157510311,False
feature_5204,4.5929218534638165,False
feature_0927,4.5920706240245535,False
feature_5507,4.588897626820201,False
feature_5653,4.580393106753975,False
feature_6124,4.576069837972507,False
feature_6170,4.572287547581576,False
feature_2736,4.570121293856564,False
feature_2054,4.564964129561483,False
feature_3288,4.562006716302043,False
feature_4194,4.561418650844396,False
feature_0096,4.555888011452333,False
feature_2102,4.553928580403738,False
feature_4096,4.5511142280221755,False
feature_1587,4.549715117225441,False
feature_1375,4.549284739570308,False
feature_2420,4.54870216431802,False
feature_2193,4.542328819651116,False
feature_4604,4.540869460618128,False
feature_3780,4.534916940969161,False
feature_1839,4.534408713721476,False
feature_6276,4.526908740411985,False
feature_6459,4.5207595760546475,False
feature_5899,4.513372042288764,False
feature_1846,4.51258234430945,False
feature_2474,4.502782264066978,False
feature_2894,4.502127350892457,False
feature_0011,4.497707995949891,False
feature_4947,4.494593163647649,False
feature_1387,4.4928455883022655,False
feature_5669,4.491562043686172,False
feature_5102,4.491497597107777,False
feature_4003,4.486291245354796,False
feature_4090,4.481215875034861,False
feature_4741,4.480774340815115,False
feature_2786,4.480058691607876,False
feature_3973,4.479037644680566,False
feature_4300,4.476689871185918,False
feature_1347,4.473328333973942,False
feature_5676,4.473010594902269,False
feature_1437,4.463142455056199,False
feature_5191,4.46037949792701,False
feature_6554,4.459907513739116,False
feature_4766,4.456102422317273,False
feature_1357,4.452868666388826,False
feature_1848,4.448611165287439,False
feature_0585,4.44823754447567,False
feature_2818,4.442171792288901,False
feature_6015,4.433687934792753,False
feature_5370,4.43181692218527,False
feature_4960,4.424151244578275,False
feature_5144,4.423733719843962,False
feature_5750,4.4223275972567695,False
feature_4230,4.415194962858269,False
feature_0988,4.410393010820066,False
feature_3597,4.4102219564253105,False
feature_6364,4.408555947121984,False
feature_4615,4.404199533833707,False
feature_0629,4.397516431993264,False
feature_1811,4.393027582639779,False
feature_2018,4.39047339298766,False
feature_3768,4.389484343137955,False
feature_3817,4.388846097782075,False
feature_1359,4.3831376645798645,False
feature_1934,4.3831197395980315,False
feature_0765,4.38275205098265,False
feature_1009,4.382136622933596,False
feature_1930,4.381137710931511,False
feature_2098,4.380026720426339,False
feature_2633,4.379251316901326,False
feature_1766,4.378334270324257,False
feature_0078,4.376940857815141,False
feature_3220,4.376176716360087,False
feature_5018,4.372899049780478,False
feature_2762,4.363358819134301,False
feature_6247,4.363021054087449,False
feature_0055,4.360984991496801,False
feature_1969,4.359779206459366,False
feature_1840,4.3561575783534545,False
feature_0037,4.355060198587712,False
feature_4721,4.350773683196332,False
feature_0788,4.350057342356765,False
feature_0798,4.344140471757588,False
feature_1850,4.342926962737787,False
feature_3249,4.342204600673861,False
feature_3262,4.340434288819393,False
feature_6221,4.338228095311041,False
feature_2881,4.331334491086708,False
feature_4231,4.331150398596536,False
feature_2849,4.331039768875593,False
feature_0052,4.330986352760183,False
feature_5760,4.329273310423961,False
feature_6440,4.321495731996192,False
feature_3970,4.320663411913934,False
feature_3843,4.315068795269444,False
feature_4945,4.313983874991459,False
feature_4768,4.311969081787164,False
feature_2811,4.308335788231575,False
feature_5503,4.307170929083763,False
feature_4062,4.306502812153405,False
feature_3433,4.306371869836048,False
feature_5727,4.30581820341669,False
feature_5281,4.3039682902207055,False
feature_1264,4.298194046197724,False
feature_3615,4.288188139760349,False
feature_1636,4.287927988822044,False
feature_3795,4.284269131267766,False
feature_6029,4.2794388478329655,False
feature_5181,4.279360230226824,False
feature_4143,4.278479274881023,False
feature_6357,4.274545205729393,False
feature_1134,4.273916287181731,False
feature_1710,4.273601949353143,False
feature_2868,4.267506544086046,False
feature_2217,4.265804653113532,False
feature_2954,4.262930555953513,False
feature_2848,4.261371263810813,False
feature_5077,4.2583622131685335,False
feature_4475,4.258350712792577,False
feature_0408,4.256174649991023,False
feature_1218,4.239247701610511,False
feature_3419,4.239024370547965,False
feature_1778,4.235728956316964,False
feature_1904,4.235207209182589,False
feature_5022,4.233151301194068,False
feature_3641,4.23189129106796,False
feature_4662,4.229836439465043,False
feature_4767,4.225117813741657,False
feature_1279,4.220336558405163,False
feature_0748,4.21805498765982,False
feature_2914,4.216854671491216,False
feature_4659,4.214843046124666,False
feature_0415,4.200352269235339,False
feature_0528,4.195162927833858,False
feature_3537,4.19424188801935,False
feature_6564,4.191802887827368,False
feature_1880,4.191418216521483,False
feature_4336,4.188811291336533,False
feature_5655,4.185141679038459,False
feature_3172,4.183075875781001,False
feature_4061,4.1802292707197655,False
feature_4528,4.176037334998981,False
feature_6045,4.175506638909799,False
feature_1176,4.173813117076993,False
feature_1516,4.166504313753103,False
feature_0332,4.165058360630596,False
feature_2212,4.163063603746797,False
feature_3869,4.159445245303736,False
feature_4722,4.157565362659747,False
feature_5966,4.157170429726241,False
feature_1404,4.15246813788758,False
feature_2701,4.15036682228308,False
feature_4311,4.149147779859136,False
feature_1385,4.1483840814327575,False
feature_2891,4.148371676626569,False
feature_0176,4.147506040153426,False
feature_1477,4.147011400579778,False
feature_2643,4.1441948777766875,False
feature_1228,4.136224166017911,False
feature_6324,4.129902036495793,False
feature_0313,4.124623181497093,False
feature_6014,4.122625928796328,False
feature_3793,4.121937013186207,False
feature_4938,4.116605503287179,False
feature_0250,4.114073114621186,False
feature_6267,4.113135137031384,False
feature_2228,4.109166994644293,False
feature_0449,4.107458537380407,False
feature_1172,4.106272929117227,False
feature_2293,4.096695922597967,False
feature_3865,4.093330411923278,False
feature_4999,4.092523081782895,False
feature_5271,4.0774551182271015,False
feature_4108,4.07689559413559,False
feature_3533,4.071557319240021,False
feature_3738,4.0596248135162,False
feature_6492,4.0564384797924795,False
feature_5083,4.049873934243354,False
feature_4599,4.04848050644533,False
feature_0599,4.043520780668828,False
feature_3115,4.042149880968881,False
feature_1638,4.035661539016519,False
feature_1069,4.032203389172833,False
feature_2946,4.021482224184613,False
feature_5916,4.015076718362592,False
feature_4518,4.009723329564219,False
feature_5849,4.008785964044319,False
feature_1656,4.002022710566518,False
feature_1984,4.0015729105092435,False
feature_5787,4.000166934406206,False
feature_2825,4.000059279082302,False
feature_6074,3.9976993687445015,False
feature_3577,3.994357831581577,False
feature_5103,3.990477257973038,False
feature_5274,3.9875480140195165,False
feature_6374,3.9810079760037955,False
feature_5699,3.9797923891581006,False
feature_3866,3.979622316013615,False
feature_5741,3.9795217697183545,False
feature_1297,3.9751262079327625,False
feature_5262,3.9749994126807127,False
feature_3631,3.9723948967066236,False
feature_3102,3.9723593151283003,False
feature_4673,3.968128832579376,False
feature_1048,3.963667182126432,False
feature_5706,3.958223880895873,False
feature_5696,3.9546881327191072,False
feature_3873,3.942789711624487,False
feature_6203,3.941105778793389,False
feature_1149,3.9408749130553606,False
feature_2483,3.940695583237336,False
feature_6075,3.93554459600896,False
feature_3791,3.9240609487285045,False
feature_0439,3.9202252517418654,False
feature_1337,3.917028572459501,False
feature_1968,3.9167941562520707,False
feature_6548,3.9106418043041535,False
feature_5780,3.909538881319472,False
feature_0248,3.9089802222319783,False
feature_5796,3.9088068315408457,False
feature_3002,3.906785167386899,False
feature_1474,3.900496163654539,False
feature_3289,3.89423922402048,False
feature_5470,3.8933803165862546,False
feature_0266,3.8903302012251784,False
feature_2498,3.8871182727548628,False
feature_6175,3.8857698439416914,False
feature_1728,3.8822450660876875,False
feature_3260,3.8691560569065393,False
feature_0529,3.8685592811615246,False
feature_5477,3.8683200967628504,False
feature_0588,3.8629738968042173,False
feature_2370,3.8591789499057985,False
feature_2965,3.8588746634295243,False
feature_4388,3.857823222966815,False
feature_3431,3.857033174572708,False
feature_5628,3.856132625480953,False
feature_0130,3.8534774870652875,False
feature_0470,3.8523167207418836,False
feature_5203,3.8519427679278975,False
feature_3838,3.8518916362133346,False
feature_4971,3.8467506799618563,False
feature_4257,3.844158667927178,False
feature_0409,3.8435337526030047,False
feature_1616,3.83767385221324,False
feature_5623,3.8270884369384457,False
feature_1472,3.824019032126239,False
feature_0094,3.82240118580513,False
feature_1548,3.8205412311090066,False
feature_1231,3.8187629061592148,False
feature_2731,3.8170702549831934,False
feature_5311,3.807889798910615,False
feature_3392,3.807804572793702,False
feature_1164,3.8072208002089587,False
feature_3818,3.8061165542712896,False
feature_4920,3.7998474157257487,False
feature_4267,3.7985336656470823,False
feature_4735,3.794822061163529,False
feature_5592,3.7931186195009188,False
feature_2970,3.7928879279369268,False
feature_3273,3.791013492588274,False
feature_5362,3.7902661298066547,False
feature_2766,3.786629486771285,False
feature_2129,3.777174489249336,False
feature_2306,3.7699048640933133,False
feature_6181,3.7689353600010853,False
feature_0998,3.763960994641978,False
feature_3514,3.7635201254406208,False
feature_6319,3.7608089970260212,False
feature_3033,3.759245029151275,False
feature_2078,3.753053106442733,False
feature_4269,3.7530358227948706,False
feature_4961,3.751786363552862,False
feature_3123,3.750501119092766,False
feature_5650,3.750272424920187,False
feature_0561,3.746418002083188,False
feature_0896,3.7461043339073514,False
feature_0296,3.745848412693906,False
feature_4825,3.739584414537643,False
feature_1926,3.7328865048389277,False
feature_1717,3.724630616832178,False
feature_6550,3.723644244907134,False
feature_3165,3.7222718637565118,False
feature_0461,3.710010554412246,False
feature_6001,3.7084065276441054,False
feature_3974,3.705943431693494,False
feature_4969,3.7019198372665874,False
feature_1504,3.7008685808950426,False
feature_0145,3.6978218982143445,False
feature_4629,3.6938167869826777,False
feature_1566,3.69335200719713,False
feature_4389,3.693171906226617,False
feature_1555,3.69278235638623,False
feature_3021,3.69195987806539,False
feature_3390,3.690942979585997,False
feature_3342,3.6903495849853023,False
feature_5574,3.688053352431457,False
feature_2368,3.685015279890566,False
feature_4814,3.6838648291991203,False
feature_3205,3.6808795932334757,False
feature_2658,3.680220340504506,False
feature_6505,3.680098895845458,False
feature_6430,3.6786418272110004,False
feature_2645,3.6774635380817555,False
feature_3907,3.674713656840731,False
feature_2182,3.6744837390112997,False
feature_4619,3.673333561192419,False
feature_4385,3.6695043304350907,False
feature_0056,3.666493684977542,False
feature_1987,3.6624122146790055,False
feature_3027,3.661155975197034,False
feature_3286,3.659542309126205,False
feature_3639,3.658560969992942,False
feature_2313,3.65112007489249,False
feature_6321,3.6491812430305663,False
feature_0909,3.6382146266736344,False
feature_3816,3.6348541835510764,False
feature_0767,3.6343956807623674,False
feature_5376,3.6323709117026044,False
feature_6351,3.6294493891680664,False
feature_2319,3.6282992115982524,False
feature_6177,3.628266252770378,False
feature_4263,3.628258354189174,False
feature_6466,3.628138081288476,False
feature_0943,3.6266793449271755,False
feature_1864,3.617947795997644,False
feature_0944,3.613507773604907,False
feature_3359,3.6125071532339987,False
feature_5060,3.6118783195319217,False
feature_4590,3.611165943451785,False
feature_4386,3.6108546197812497,False
feature_5670,3.6096808217201466,False
feature_4371,3.606947953931899,False
feature_4453,3.606208252489569,False
feature_5504,3.603170767654565,False
feature_3261,3.5990965577573952,False
feature_0502,3.595885448014108,False
feature_1386,3.5950209582645214,False
feature_5751,3.5942950610531277,False
feature_4047,3.5933644889159835,False
feature_6567,3.5932416675060836,False
feature_4485,3.5904183067916597,False
feature_5867,3.5900882830406364,False
feature_5615,3.589164946698633,False
feature_1706,3.587480656597384,False
feature_1685,3.587229353853896,False
feature_3476,3.586929004690972,False
feature_2749,3.586869154142783,False
feature_6096,3.582514821570376,False
feature_1857,3.580185020978096,False
feature_0717,3.5773067925004898,False
feature_0375,3.5693898924973717,False
feature_4778,3.568183519839604,False
feature_3508,3.566884206152608,False
feature_3830,3.5647841047157383,False
feature_2063,3.5620373690743667,False
feature_5136,3.5615970296942994,False
feature_2592,3.5599794539616982,False
feature_3244,3.555138451869747,False
feature_0073,3.5543279595632646,False
feature_6008,3.551708696364659,False
feature_2434,3.5415231183147373,False
feature_1755,3.533905128863963,False
feature_2391,3.53129971992212,False
feature_3143,3.5303423481343397,False
feature_4812,3.5300160430551193,False
feature_0182,3.5272407302868007,False
feature_0905,3.519031871924027,False
feature_4204,3.5178911321411905,False
feature_5826,3.5174819282086767,False
feature_3982,3.5157630496524312,False
feature_0857,3.5141717889179263,False
feature_2760,3.5141602267366694,False
feature_5325,3.5123177489893274,False
feature_6137,3.5109866454862493,False
feature_4255,3.510523228601042,False
feature_4112,3.5084811925363364,False
feature_0737,3.504142212752845,False
feature_1338,3.503941850202288,False
feature_2267,3.500240347174723,False
feature_1838,3.497057482509369,False
feature_1837,3.495832743267966,False
feature_2820,3.4923666062403806,False
feature_3232,3.491342195923563,False
feature_1586,3.4869314987306703,False
feature_2371,3.4835832552190777,False
feature_5677,3.4835603391642325,False
feature_5991,3.48186402884395,False
feature_3026,3.477271237991263,False
feature_1775,3.4750561359223253,False
feature_0140,3.468733257255321,False
feature_2257,3.467634233074296,False
feature_2936,3.464760065097768,False
feature_1312,3.464331954981002,False
feature_2887,3.463530806903273,False
feature_5294,3.461129229073632,False
feature_3810,3.4590975129501182,False
feature_6237,3.4555485484321973,False
feature_2277,3.454393782431253,False
feature_1060,3.452724488967619,False
feature_5359,3.4511438530973373,False
feature_3945,3.4508357702339336,False
feature_1242,3.444186455691545,False
feature_6062,3.437852845286751,False
feature_2916,3.436587622888746,False
feature_0706,3.4363823589135856,False
feature_4001,3.4362784856495336,False
feature_6487,3.435598642474454,False
feature_6345,3.434589632713696,False
feature_2733,3.4334842511869663,False
feature_6051,3.430622376252756,False
feature_5088,3.42464825496124,False
feature_4966,3.4237112405102934,False
feature_4828,3.423006304030864,False
feature_2088,3.4218602884706195,False
feature_0036,3.4210394247076916,False
feature_2642,3.419143714017941,False
feature_1407,3.417679565362112,False
feature_2507,3.414859595055679,False
feature_2197,3.4145376163407968,False
feature_1759,3.4142531546896246,False
feature_2454,3.413853787996378,False
feature_6211,3.4131877842245637,False
feature_1371,3.4094020857416183,False
feature_4864,3.406808022689821,False
feature_4190,3.4034372176339946,False
feature_1053,3.4009146231900984,False
feature_4215,3.4002433141030237,False
feature_0948,3.3902366283718925,False
feature_1698,3.388173043856651,False
feature_5994,3.3862264873412204,False
feature_3778,3.383813695269872,False
feature_4727,3.3809583108011423,False
feature_0462,3.3743881818620003,False
feature_6576,3.37244433883357,False
feature_4979,3.3669998617072014,False
feature_3760,3.364095921318643,False
feature_3618,3.364086845967157,False
feature_2464,3.358581233375732,False
feature_5141,3.358402953126409,False
feature_0516,3.357123091725276,False
feature_0071,3.3566998259857885,False
feature_2232,3.3538942641250777,False
feature_1868,3.3508930566642303,False
feature_0217,3.348794341500048,False
feature_1520,3.348203634345482,False
feature_3004,3.3432186635097842,False
feature_1018,3.3415153558841633,False
feature_6379,3.3392071733098962,False
feature_1861,3.3384482635722863,False
feature_0993,3.3363800909416166,False
feature_0692,3.3354135146667927,False
feature_0760,3.3347581344825343,False
feature_3461,3.333357728055861,False
feature_1919,3.3309441743669224,False
feature_4187,3.330090546095924,False
feature_1993,3.323491958442656,False
feature_1655,3.3223253869456952,False
feature_2430,3.3207131626594384,False
feature_2908,3.3206226471271716,False
feature_0665,3.319985605271413,False
feature_5814,3.3151564227978856,False
feature_1130,3.315022696413678,False
feature_5861,3.3133524574893927,False
feature_6427,3.30996611403028,False
feature_5414,3.3061811537340886,False
feature_2337,3.3059836112146153,False
feature_3068,3.3041182211562306,False
feature_4638,3.301813898727093,False
feature_3927,3.300157789841241,False
feature_5894,3.288637907992224,False
feature_4322,3.285267323670702,False
feature_2487,3.2740959436557193,False
feature_1289,3.2721580830715986,False
feature_4427,3.2705656456508,False
feature_2147,3.2677214165025217,False
feature_4892,3.265401787287643,False
feature_2047,3.2640648372626164,False
feature_0089,3.2610504563664393,False
feature_4501,3.2604944738433708,False
feature_2300,3.257015183232763,False
feature_3284,3.2566063722443563,False
feature_1251,3.256125650956163,False
feature_4819,3.255084784922217,False
feature_4801,3.2529830624571203,False
feature_2421,3.2524095570818483,False
feature_4592,3.251965567746601,False
feature_4344,3.250768986638387,False
feature_5253,3.250483664022428,False
feature_3040,3.248551843826037,False
feature_0719,3.2444233842425025,False
feature_0128,3.2414734512843593,False
feature_5495,3.2411451543597125,False
feature_6187,3.240432075895794,False
feature_6304,3.2398158563853108,False
feature_6145,3.239738806436021,False
feature_5267,3.239723895180498,False
feature_3338,3.237980382370269,False
feature_4104,3.2311596409478875,False
feature_3239,3.2295989328654775,False
feature_0244,3.228166737795479,False
feature_1439,3.218119783493867,False
feature_2687,3.2145062785456058,False
feature_2006,3.2101197790355007,False
feature_4941,3.21000066410615,False
feature_1339,3.206455023347037,False
feature_5238,3.20481327495986,False
feature_0311,3.2032626468225964,False
feature_5350,3.202408032876065,False
feature_2555,3.200194516202188,False
feature_0705,3.195776941141218,False
feature_2767,3.194870873923653,False
feature_3581,3.1905709819230865,False
feature_3534,3.1881083447624294,False
feature_4019,3.181995186713309,False
feature_3951,3.1805877637008426,False
feature_2171,3.1799298458241814,False
feature_3006,3.175768718124803,False
feature_1459,3.1725180547197094,False
feature_6476,3.171381397694623,False
feature_6540,3.1707007632646143,False
feature_1545,3.164882296610687,False
feature_5925,3.163516702169196,False
feature_0598,3.1578888889147625,False
feature_3942,3.1444419276298237,False
feature_3584,3.144402258654986,False
feature_0616,3.1443509641101497,False
feature_2235,3.1412214014950868,False
feature_2196,3.140373801423954,False
feature_4586,3.13961630070037,False
feature_0384,3.139027740989815,False
feature_3379,3.137176105144813,False
feature_2705,3.131255125752104,False
feature_3230,3.127138247391725,False
feature_3694,3.12332978392156,False
feature_1344,3.1228200580406855,False
feature_3509,3.120404760981827,False
feature_3335,3.117877930404797,False
feature_6119,3.1157870950261533,False
feature_2365,3.1127297095472457,False
feature_4097,3.104559640961552,False
feature_5398,3.103580426207725,False
feature_1500,3.1032067081169705,False
feature_6027,3.099392579002886,False
feature_6349,3.0981107700234087,False
feature_5216,3.096709018671734,False
feature_6245,3.0951035916231535,False
feature_4246,3.090301580649273,False
feature_0481,3.0836306799755446,False
feature_4831,3.080405706969181,False
feature_4162,3.078905091328655,False
feature_5454,3.076958714215922,False
feature_4483,3.076607845554896,False
feature_3620,3.076432536910156,False
feature_1990,3.0747816359358766,False
feature_2463,3.0675669202918763,False
feature_3250,3.06713533902313,False
feature_4573,3.060067599930813,False
feature_0982,3.055566696645749,False
feature_2534,3.0492112608733875,False
feature_5530,3.044733555280073,False
feature_0431,3.0443427418996514,False
feature_0947,3.0409988183970227,False
feature_4139,3.037531672900092,False
feature_1331,3.031196850760793,False
feature_4361,3.030228518191208,False
feature_1300,3.028134042216193,False
feature_3925,3.0269727775013955,False
feature_1815,3.026081354006841,False
feature_0867,3.0218976998426514,False
feature_0693,3.0204830776975626,False
feature_2363,3.018291842673983,False
feature_2616,3.016247768882617,False
feature_2081,3.0133525932706235,False
feature_1152,3.0129521341353023,False
feature_1889,3.0106164560391857,False
feature_5467,3.0094072500290574,False
feature_3831,3.009020931799733,False
feature_2594,3.007570265678166,False
feature_2243,3.002864454932057,False
feature_4346,2.999934811001387,False
feature_5681,2.999724086341946,False
feature_2367,2.9941972594873953,False
feature_5824,2.9898577541650004,False
feature_0500,2.98718271483321,False
feature_5105,2.9871429587130374,False
feature_4535,2.985932270308402,False
feature_6325,2.9858540356574683,False
feature_0596,2.981095229593246,False
feature_1123,2.9803599796499722,False
feature_2216,2.9752890415271733,False
feature_0335,2.9745442576314023,False
feature_2605,2.971057622105967,False
feature_1137,2.9647271942085083,False
feature_6485,2.9642558028275316,False
feature_3820,2.9632822882249537,False
feature_1909,2.962593454130068,False
feature_5409,2.956717577255423,False
feature_4272,2.9551706103897573,False
feature_0364,2.9493769429763383,False
feature_0512,2.9475704224421206,False
feature_3443,2.945211139120709,False
feature_0432,2.944599185434644,False
feature_4981,2.9420550982252545,False
feature_4145,2.9373941989679038,False
feature_1702,2.9363793320824425,False
feature_0218,2.935993351304936,False
feature_1896,2.9357518567396355,False
feature_2834,2.933827600071082,False
feature_3645,2.932056000661162,False
feature_5883,2.931208868012241,False
feature_4529,2.9297314032546637,False
feature_4134,2.9296165081617223,False
feature_4106,2.9278410202143497,False
feature_6398,2.923869955569453,False
feature_1522,2.9194469526335864,False
feature_1269,2.9188348825561152,False
feature_0272,2.916148162601053,False
feature_1417,2.9121738784157816,False
feature_3859,2.9118569923798536,False
feature_3587,2.910867857373174,False
feature_2962,2.9095300809386795,False
feature_1333,2.9047621741962324,False
feature_0753,2.9027234153796018,False
feature_2280,2.9025030883240395,False
feature_2817,2.895404505022678,False
feature_3564,2.8944080524890996,False
feature_1922,2.8911678469948203,False
feature_1858,2.890028596260507,False
feature_5412,2.888013796781139,False
feature_2650,2.882225465022621,False
feature_0381,2.880499827895289,False
feature_1346,2.8795346547406573,False
feature_4988,2.878433089913646,False
feature_4840,2.87628582513129,False
feature_5369,2.8694136890780553,False
feature_5196,2.8694006864216473,False
feature_0980,2.8680844738106535,False
feature_5859,2.867315480056906,False
feature_2872,2.865387502640345,False
feature_2765,2.8640585605627855,False
feature_6471,2.8636911175320576,False
feature_6524,2.8620863705839956,False
feature_1801,2.8569932789779156,False
feature_1276,2.848012780262425,False
feature_1979,2.8470098027226642,False
feature_3708,2.846452647695847,False
feature_4021,2.846146059582191,False
feature_5920,2.8440134297936157,False
feature_1287,2.8432675831050496,False
feature_5337,2.8428633301311543,False
feature_4681,2.8413744534916883,False
feature_4277,2.840615561614277,False
feature_3857,2.8397805077675082,False
feature_5945,2.8392493904852047,False
feature_0805,2.8376664020759548,False
feature_3670,2.8375313540769653,False
feature_3035,2.834618205143653,False
feature_0293,2.8324709360934914,False
feature_0400,2.8300619051451505,False
feature_5936,2.8284138100911087,False
feature_1743,2.82540537372545,False
feature_6512,2.824390265494752,False
feature_2237,2.824171987213909,False
feature_2546,2.817907327164897,False
feature_2947,2.817891632341655,False
feature_4405,2.815794096879111,False
feature_5730,2.8156286337263916,False
feature_4398,2.8128469482570315,False
feature_4214,2.8116545278857905,False
feature_3173,2.8108482758896125,False
feature_4298,2.8098722503456894,False
feature_4222,2.802442773204543,False
feature_3633,2.802182384067461,False
feature_0879,2.8017872186310564,False
feature_2135,2.7962486122801233,False
feature_4155,2.796090758939078,False
feature_6533,2.7946735904762483,False
feature_3809,2.792700755021468,False
feature_2873,2.789514734618039,False
feature_5079,2.7872915618194742,False
feature_0898,2.7847523198392046,False
feature_0389,2.779866137387396,False
feature_1720,2.7779251822829747,False
feature_5895,2.7778573219735128,False
feature_0014,2.775706258277652,False
feature_4229,2.774212596700471,False
feature_5003,2.7717295969579903,False
feature_0640,2.765942480104405,False
feature_3688,2.765120367692684,False
feature_1327,2.7623415145388464,False
feature_2548,2.7616468579705638,False
feature_2678,2.7615867274860735,False
feature_1954,2.760485727714273,False
feature_1841,2.7589011800810184,False
feature_2401,2.7579836337987125,False
feature_5590,2.756738968121606,False
feature_5444,2.7548705115528884,False
feature_0511,2.7534948033076296,False
feature_2584,2.748261475342111,False
feature_2069,2.7479536714817607,False
feature_5671,2.7436456348274865,False
feature_1550,2.7402807052044107,False
feature_2662,2.7363333423569207,False
feature_0942,2.731354470121082,False
feature_1064,2.7298845419803137,False
feature_0821,2.728438195509444,False
feature_5509,2.7266329112451833,False
feature_2501,2.7258417071984336,False
feature_1552,2.7252811277270976,False
feature_2221,2.7206760163759016,False
feature_0087,2.720454273187206,False
feature_3032,2.7140933659033424,False
feature_1932,2.7136243912230675,False
feature_4600,2.7131810001702608,False
feature_2354,2.712384013110663,False
feature_0392,2.704909458448814,False
feature_3689,2.7022211121963973,False
feature_0671,2.699677650725085,False
feature_0003,2.69886686374318,False
feature_2533,2.695500251137416,False
feature_5661,2.6953654943434464,False
feature_1506,2.6887127101287125,False
feature_4245,2.68819797344252,False
feature_3554,2.6880390596898343,False
feature_0271,2.6835402695323896,False
feature_1030,2.6784813131770338,False
feature_1255,2.678110651844928,False
feature_1541,2.6772684271473857,False
feature_6223,2.6734710822746264,False
feature_2892,2.6729366187572174,False
feature_0273,2.672195930674223,False
feature_0346,2.6716593061045795,False
feature_4415,2.6709301707845556,False
feature_2984,2.6624818810274875,False
feature_0962,2.6613552190445358,False
feature_0107,2.6598412635049957,False
feature_1001,2.6580038410298057,False
feature_0837,2.6550862436829004,False
feature_6486,2.6503445980481244,False
feature_1935,2.6494036661785767,False
feature_3520,2.6483653979319923,False
feature_4594,2.643239559484402,False
feature_2939,2.641644794772794,False
feature_2823,2.6355036762613993,False
feature_3638,2.630620516328086,False
feature_4461,2.625810387094951,False
feature_1210,2.621984272244884,False
feature_3992,2.6188044847860286,False
feature_1132,2.613014115322345,False
feature_5803,2.6128953449821277,False
feature_5577,2.6124019428932685,False
feature_1311,2.6109289899622676,False
feature_2748,2.608505864168299,False
feature_5545,2.6070056287255974,False
feature_3701,2.6041581686729147,False
feature_3117,2.597042873054893,False
feature_1239,2.5955776120873355,False
feature_1304,2.5922209431944183,False
feature_6222,2.5914900116183484,False
feature_6396,2.5907064064130103,False
feature_3935,2.58614079919633,False
feature_1673,2.5859470762621926,False
feature_4610,2.583941760005023,False
feature_3156,2.583523446595593,False
feature_3072,2.582958901682902,False
feature_1494,2.582415079286149,False
feature_6255,2.582262616448473,False
feature_2604,2.5783624174188122,False
feature_3095,2.5783524645334164,False
feature_2808,2.5758347494781995,False
feature_2052,2.573502846957985,False
feature_3693,2.5715265274115486,False
feature_1929,2.5703431792896003,False
feature_0978,2.568776385081652,False
feature_4499,2.565758137575916,False
feature_0781,2.5642000159980247,False
feature_2527,2.5640894758370116,False
feature_3453,2.561376015128997,False
feature_1951,2.5597573867246957,False
feature_6228,2.5591423517216927,False
feature_5051,2.5560610414112612,False
feature_0591,2.55581952316016,False
feature_5749,2.5499734001682772,False
feature_6235,2.548617598721672,False
feature_5334,2.548292498575315,False
feature_5975,2.545865755257939,False
feature_5949,2.5451687021311686,False
feature_2704,2.544326492434267,False
feature_2101,2.5438712623093434,False
feature_2411,2.5434831030726572,False
feature_4457,2.5430581215917907,False
feature_4401,2.5429196631459954,False
feature_4575,2.542669029992921,False
feature_4958,2.542455304014468,False
feature_2287,2.539480991978862,False
feature_5829,2.5309661238265706,False
feature_2722,2.5299585508843756,False
feature_5651,2.5262364119369503,False
feature_4393,2.5243061730881653,False
feature_6344,2.5226197712661493,False
feature_0994,2.5214913073550047,False
feature_3613,2.5211586490423996,False
feature_0647,2.5208372654099582,False
feature_3540,2.519748493879931,False
feature_3972,2.519118478720136,False
feature_3497,2.5183330266090236,False
feature_0201,2.51344747358775,False
feature_1732,2.511746122327004,False
feature_3922,2.5095279620259077,False
feature_6254,2.507625797660189,False
feature_5757,2.4934490929613196,False
feature_5048,2.4907841279932135,False
feature_5543,2.4899314368825363,False
feature_2743,2.4865934573714044,False
feature_2117,2.484199518442044,False
feature_6246,2.481167951130513,False
feature_1729,2.4807130636490227,False
feature_2777,2.477810007406629,False
feature_1273,2.4728004362419815,False
feature_4691,2.4718163154256043,False
feature_1918,2.4714606192673343,False
feature_0893,2.4687183980867102,False
feature_5584,2.4670883680264217,False
feature_2544,2.4664541810734004,False
feature_2536,2.460677099182668,False
feature_0664,2.460371114288838,False
feature_6532,2.45910016549819,False
feature_2740,2.458650955702345,False
feature_3114,2.458072315407949,False
feature_0565,2.4571137865352526,False
feature_5551,2.4565745389936073,False
feature_4777,2.456514253825004,False
feature_0545,2.4542406395944387,False
feature_5786,2.4513607789111393,False
feature_1737,2.4501940460742913,False
feature_5213,2.4472928023204115,False
feature_0539,2.44705247999013,False
feature_4647,2.4464291080574254,False
feature_5012,2.445037253269356,False
feature_1549,2.442428275937187,False
feature_5420,2.439841123448251,False
feature_5511,2.4392423978986812,False
feature_4720,2.439094338095491,False
feature_4268,2.437896239696011,False
feature_2144,2.436659085732351,False
feature_2603,2.4318195841012917,False
feature_2839,2.4309464013806643,False
feature_0212,2.4281826866841842,False
feature_2294,2.4266072083548154,False
feature_1089,2.4241098242166963,False
feature_0902,2.420785037172452,False
feature_1425,2.4202796780371996,False
feature_5691,2.4120890545018083,False
feature_2750,2.411567958166446,False
feature_0425,2.4104689080932955,False
feature_3235,2.4103205688317946,False
feature_4279,2.408715846636325,False
feature_0165,2.408651357929484,False
feature_0850,2.4067433408349506,False
feature_3492,2.4056184310698696,False
feature_3248,2.3993832275520757,False
feature_0249,2.396898740490667,False
feature_3814,2.3941648771062543,False
feature_1457,2.392740152383827,False
feature_6588,2.3884164385058297,False
feature_1340,2.3860923111595285,False
feature_2136,2.3848879016668225,False
feature_2510,2.384186023000571,False
feature_1047,2.3818515849036292,False
feature_3827,2.381141911604498,False
feature_2068,2.380674418739551,False
feature_2627,2.380118077328827,False
feature_3657,2.3778252801304727,False
feature_3471,2.3774734541290203,False
feature_4044,2.3754413032801236,False
feature_5789,2.375195731687644,False
feature_3829,2.374894694820764,False
feature_4641,2.373985202736806,False
feature_0152,2.371877173252985,False
feature_1096,2.371414975288771,False
feature_0112,2.3698821496745555,False
feature_6506,2.366245674037692,False
feature_3266,2.3651531017662175,False
feature_4411,2.364119094127176,False
feature_4936,2.3591429135466804,False
feature_2772,2.3580047733740157,False
feature_0985,2.3556901997006348,False
feature_1584,2.354983832469967,False
feature_5030,2.353943527414428,False
feature_2150,2.353215258914498,False
feature_1960,2.350317303151671,False
feature_5755,2.349306418826207,False
feature_0049,2.3489512397415253,False
feature_4791,2.3467992760402394,False
feature_2072,2.3443188870522516,False
feature_4360,2.341956253843789,False
feature_6528,2.339239986880009,False
feature_0716,2.339225818306105,False
feature_0320,2.338498481933671,False
feature_6094,2.331734824465545,False
feature_1776,2.3294887026875375,False
feature_0048,2.327221777463912,False
feature_5194,2.3272050961339845,False
feature_2877,2.325274246453757,False
feature_3855,2.3251746346386155,False
feature_3049,2.32453193062576,False
feature_4383,2.3241537050071064,False
feature_5403,2.321356152507848,False
feature_5797,2.319686985954207,False
feature_2418,2.3190185938305974,False
feature_5919,2.318240378393334,False
feature_3539,2.3165936165319683,False
feature_1325,2.3157998814216896,False
feature_0480,2.3152854668193057,False
feature_0330,2.314064667475199,False
feature_3892,2.3122664296997697,False
feature_5692,2.3110711087961184,False
feature_5218,2.3095350460875737,False
feature_0933,2.3029726530233243,False
feature_3007,2.2984443689183682,False
feature_4506,2.2980735783365387,False
feature_2180,2.2963386374486228,False
feature_1240,2.295636855443446,False
feature_6399,2.2925525469758123,False
feature_2953,2.291788692517867,False
feature_0863,2.2887829795880466,False
feature_1988,2.2875385472047385,False
feature_2056,2.287024512994307,False
feature_1397,2.2862112635830494,False
feature_3542,2.2852833746772356,False
feature_0627,2.2838023446728735,False
feature_1129,2.282938765245424,False
feature_1983,2.2794894638794707,False
feature_3770,2.2782349421012547,False
feature_2405,2.2774207198066754,False
feature_2525,2.2725276556254954,False
feature_0724,2.2724975061263244,False
feature_6283,2.2705272406839634,False
feature_3513,2.269406312310396,False
feature_5856,2.2683016278393286,False
feature_5159,2.2668672271274968,False
feature_2937,2.265845703048064,False
feature_0160,2.261165950345879,False
feature_6088,2.2596898650755226,False
feature_5304,2.258588519786524,False
feature_3087,2.25854300126829,False
feature_5349,2.2577976618146818,False
feature_0062,2.2554815463117346,False
feature_4699,2.2554718555161437,False
feature_1182,2.248974203251117,False
feature_3983,2.2483417486187007,False
feature_2763,2.247170852738653,False
feature_0097,2.2393759283095824,False
feature_5715,2.2366101576922257,False
feature_5167,2.229863684255581,False
feature_1040,2.2282823181548976,False
feature_4333,2.226341748974575,False
feature_6365,2.226213215845226,False
feature_4574,2.223982129541215,False
feature_1245,2.2203805060597825,False
feature_3822,2.2203496276329555,False
feature_4504,2.2187985719243,False
feature_0291,2.2134495576570195,False
feature_4421,2.21311266042083,False
feature_3005,2.21276883208352,False
feature_3747,2.2114295335438396,False
feature_4240,2.211082434862199,False
feature_2806,2.209834909162112,False
feature_0382,2.2046569437659036,False
feature_1081,2.1989953856535687,False
feature_5326,2.198600241438274,False
feature_2310,2.195541838700927,False
feature_2086,2.1954489668223895,False
feature_1165,2.19471445645858,False
feature_4955,2.1944857438863394,False
feature_5481,2.1878461060108294,False
feature_6141,2.185557029491998,False
feature_1658,2.185191714992925,False
feature_1032,2.1831856630420634,False
feature_5728,2.1829084366543148,False
feature_3339,2.181085764295347,False
feature_5070,2.1801404352106033,False
feature_5029,2.176991639037126,False
feature_4565,2.175430770986628,False
feature_1518,2.174806397031494,False
feature_0632,2.174779316837543,False
feature_3085,2.1747322836970535,False
feature_0872,2.1701504095993096,False
feature_4308,2.1653978190446166,False
feature_0730,2.1607847243179044,False
feature_4555,2.159916652548208,False
feature_4805,2.1597490885889163,False
feature_6190,2.158821653568272,False
feature_1237,2.1582960847034065,False
feature_0548,2.156906058498729,False
feature_5534,2.156816372017252,False
feature_2142,2.156504489559713,False
feature_5805,2.1560570885736516,False
feature_5301,2.1558403236290635,False
feature_5548,2.1544808975163825,False
feature_1266,2.1537973362522465,False
feature_1184,2.153593601751737,False
feature_0721,2.152289629598386,False
feature_6116,2.150766435896509,False
feature_4883,2.1505690637282493,False
feature_5157,2.147347722088648,False
feature_1542,2.138265982379231,False
feature_2428,2.1371116310712215,False
feature_3886,2.135817644769712,False
feature_4028,2.1341994215500635,False
feature_0149,2.133972914962188,False
feature_0708,2.128300897709458,False
feature_3743,2.12011372109535,False
feature_2256,2.1200450225974046,False
feature_4904,2.1150176486266523,False
feature_4126,2.113377972892853,False
feature_6150,2.1089274455446554,False
feature_1643,2.1078662556261505,False
feature_2199,2.104253810130289,False
feature_3121,2.103942704962595,False
feature_0759,2.1021502404959924,False
feature_0404,2.1020868875102026,False
feature_3069,2.0992383785845465,False
feature_3189,2.09747165276743,False
feature_0971,2.0905772324994585,False
feature_4563,2.0899946862302206,False
feature_3891,2.087751691455936,False
feature_1485,2.0843300814862986,False
feature_4488,2.0818675678356837,False
feature_3739,2.0814446150193033,False
feature_2467,2.081167994474622,False
feature_4077,2.081167660460861,False
feature_1471,2.0765733848685297,False
feature_0538,2.0730652978836086,False
feature_4086,2.0716364662571145,False
feature_5000,2.070985514669023,False
feature_4012,2.0695969119856312,False
feature_1571,2.0687252217316194,False
feature_5171,2.06836368713578,False
feature_1852,2.066881585635206,False
feature_5310,2.0650113501458818,False
feature_5032,2.0625445577035877,False
feature_5689,2.061350991547119,False
feature_1115,2.060907964380351,False
feature_1832,2.0603697580508813,False
feature_1618,2.060211535161111,False
feature_0444,2.0597369221859556,False
feature_0531,2.0574114550342144,False
feature_0473,2.056023969431496,False
feature_2303,2.055118882560782,False
feature_2096,2.052121346357733,False
feature_0243,2.0470165951150765,False
feature_0261,2.0457432308935766,False
feature_4930,2.042387102835305,False
feature_1595,2.041681449394791,False
feature_1366,2.039852098403155,False
feature_3905,2.0387433419803793,False
feature_1188,2.038704244484464,False
feature_2966,2.036761431903521,False
feature_1448,2.035851785102511,False
feature_2897,2.0342646738052066,False
feature_2598,2.032343141683229,False
feature_3073,2.0321695634837966,False
feature_3416,2.0269180493411803,False
feature_1708,2.024333459546645,False
feature_2774,2.0233097954684403,False
feature_4850,2.02049001716892,False
feature_6428,2.01885577423693,False
feature_3071,2.0165112382529737,False
feature_3133,2.0134085053354913,False
feature_1959,2.012869346471384,False
feature_5906,2.006808358507187,False
feature_2439,2.006032864473718,False
feature_4515,2.0040248405874777,False
feature_6067,2.003392213373047,False
feature_5863,2.003143083299188,False
feature_1511,2.002910684970289,False
feature_4951,2.0007766318922613,False
feature_0455,1.9981513384225769,False
feature_6244,1.9980851243752853,False
feature_2621,1.9963500686887046,False
feature_0301,1.9955931953122914,False
feature_4320,1.9955479381855965,False
feature_0317,1.9951570990807637,False
feature_4513,1.992177733362153,False
feature_0720,1.9912098652527626,False
feature_4122,1.9904196782428567,False
feature_4468,1.988822283425073,False
feature_5783,1.9868228352834136,False
feature_4697,1.9863690702238281,False
feature_2919,1.985838421518523,False
feature_1510,1.9784558224028954,False
feature_2843,1.9774487311681066,False
feature_1342,1.9717765228975963,False
feature_3709,1.966546679614558,False
feature_1298,1.9660194657464578,False
feature_5987,1.9650531127440607,False
feature_4754,1.9649466589511293,False
feature_0840,1.962713265001428,False
feature_0220,1.9617654156238402,False
feature_1384,1.9616562809670715,False
feature_4201,1.9608335592310369,False
feature_2855,1.9535427152658527,False
feature_3225,1.9529919189615175,False
feature_5428,1.9525290261631845,False
feature_1454,1.950265580838646,False
feature_4557,1.9487238567504759,False
feature_4832,1.947506977527563,False
feature_5066,1.945408755612187,False
feature_1886,1.9451408144028182,False
feature_1517,1.9444270837770692,False
feature_0371,1.9428107320282575,False
feature_0958,1.942470835087363,False
feature_4055,1.9415280396858812,False
feature_6208,1.9413482639127326,False
feature_2596,1.9384998571061551,False
feature_6277,1.9380083614075374,False
feature_3198,1.9377188850680294,False
feature_5397,1.9374083781608111,False
feature_2296,1.9371960114079958,False
feature_4199,1.9305077741621834,False
feature_2062,1.930420546648113,False
feature_0932,1.9287319345236347,False
feature_4698,1.9277183768938793,False
feature_1388,1.926298237727825,False
feature_0146,1.9257052684281688,False
feature_0413,1.9254280105548844,False
feature_5292,1.9245635485133945,False
feature_2581,1.9244448091617876,False
feature_1819,1.9236347201294084,False
feature_4006,1.9183997205915952,False
feature_5270,1.9179243162545898,False
feature_6322,1.916688450776219,False
feature_2597,1.9146646306897794,False
feature_5188,1.9128341677935177,False
feature_0983,1.9092676304586325,False
feature_5937,1.9082165330607908,False
feature_0270,1.9075120478206695,False
feature_1423,1.9063568704675413,False
feature_3766,1.9034901047319899,False
feature_3330,1.9022080429683887,False
feature_0103,1.897973993091016,False
feature_1349,1.8977149778723719,False
feature_0082,1.8970298732404844,False
feature_0875,1.8969354276679866,False
feature_1456,1.8960646653110522,False
feature_3199,1.895156687056563,False
feature_1842,1.8939051804807479,False
feature_4674,1.8932018642914097,False
feature_0208,1.8895771556009002,False
feature_1622,1.8851556708946131,False
feature_0651,1.8830227885845479,False
feature_4621,1.8830165376382648,False
feature_0328,1.882251423552247,False
feature_2426,1.881817354681327,False
feature_1263,1.881582923410271,False
feature_4396,1.8791192242988106,False
feature_4536,1.8776081145152577,False
feature_6256,1.8762151961203266,False
feature_5237,1.874908191370865,False
feature_2222,1.8732611268121024,False
feature_4123,1.871597503276154,False
feature_6132,1.8707737994570592,False
feature_2617,1.8706897440151469,False
feature_5008,1.8690402227443115,False
feature_5598,1.8689648189517634,False
feature_0110,1.8680351297335105,False
feature_2169,1.8678100044105002,False
feature_2151,1.866857360512138,False
feature_1420,1.8608680570140061,False
feature_5537,1.8580688272514154,False
feature_0744,1.8549051679931008,False
feature_6070,1.8537331520259408,False
feature_2611,1.8531589170026121,False
feature_5825,1.8529838076920695,False
feature_5812,1.85158086382009,False
feature_3556,1.8507482777864583,False
feature_5252,1.8501374123823147,False
feature_6265,1.8499714644136402,False
feature_2580,1.8498186609208984,False
feature_1966,1.8478866448378206,False
feature_4669,1.8473440053945636,False
feature_4420,1.8472259065658871,False
feature_4477,1.8434030617128574,False
feature_2768,1.8424256543527524,False
feature_5096,1.8414516787088395,False
feature_0299,1.841290155288725,False
feature_0075,1.8405557478037438,False
feature_1654,1.8382255295149617,False
feature_4000,1.8360000518709754,False
feature_2353,1.8340762283854941,False
feature_0162,1.8339653838064476,False
feature_4399,1.8338524407096553,False
feature_0903,1.8329408536456788,False
feature_5652,1.829949931968518,False
feature_2875,1.8270604598730302,False
feature_3884,1.8244610053737595,False
feature_3899,1.8240141333707345,False
feature_5752,1.8234885315218834,False
feature_6514,1.8217386195060303,False
feature_6582,1.8208395233644228,False
feature_6219,1.820738746897253,False
feature_3166,1.8197002850718205,False
feature_6348,1.8193081213909148,False
feature_0622,1.817704163588779,False
feature_1713,1.8156159722426648,False
feature_2012,1.8155352121809365,False
feature_5733,1.814648112216322,False
feature_4323,1.813018184682446,False
feature_3669,1.8118339253055138,False
feature_1140,1.8047723675608256,False
feature_4676,1.8025739408705583,False
feature_3955,1.8019809389327017,False
feature_3751,1.8002988568148572,False
feature_3243,1.7987254874135628,False
feature_4115,1.7974113252596773,False
feature_3876,1.796772502629487,False
feature_0034,1.7962869404587167,False
feature_0916,1.7959265438740672,False
feature_0530,1.7954642776469119,False
feature_5740,1.7939260438613414,False
feature_5345,1.793042226427383,False
feature_4841,1.792968678140313,False
feature_1226,1.792807856108123,False
feature_1362,1.7913156355313913,False
feature_2693,1.7893251943795743,False
feature_2912,1.787400133227221,False
feature_0429,1.7866584634328815,False
feature_2787,1.7823416626729411,False
feature_5851,1.7805404686976674,False
feature_1308,1.7791365190107875,False
feature_1215,1.7765494276570908,False
feature_5516,1.775752977394232,False
feature_2492,1.7756067304089156,False
feature_2714,1.7746730672195283,False
feature_6239,1.7733563331805746,False
feature_6437,1.7681176035046346,False
feature_0417,1.7665728230654305,False
feature_3832,1.7662598158226201,False
feature_0304,1.7657204558010557,False
feature_2157,1.761567303087108,False
feature_5738,1.760044987058223,False
feature_2867,1.7600428801566161,False
feature_4562,1.7598125699850713,False
feature_0329,1.7597534445647105,False
feature_5042,1.7576184880758328,False
feature_5266,1.7568097778390261,False
feature_5377,1.7567777235496205,False
feature_6269,1.7531609398384556,False
feature_0583,1.7528323048372534,False
feature_5324,1.7517146131258543,False
feature_2575,1.7497101766883092,False
feature_5561,1.7479043587535055,False
feature_2440,1.746314982932879,False
feature_3445,1.7457279314019178,False
feature_3999,1.7457213758176724,False
feature_4658,1.7448704717149799,False
feature_0523,1.7435737982343746,False
feature_0818,1.7433431622059565,False
feature_5358,1.7430452918662793,False
feature_4004,1.7410464782826798,False
feature_4395,1.7406958374823411,False
feature_3483,1.7385356962606187,False
feature_0743,1.7347974451973247,False
feature_6452,1.734284603272644,False
feature_2152,1.7324824116093775,False
feature_4539,1.7313563146129576,False
feature_0619,1.730904326735531,False
feature_0623,1.7293348973439935,False
feature_0657,1.7290505066566495,False
feature_0326,1.7255778897364202,False
feature_5835,1.7247724001309288,False
feature_4929,1.7242837719273703,False
feature_1948,1.72365390047234,False
feature_3680,1.7218612727444529,False
feature_1621,1.719208079899171,False
feature_1901,1.719120066838516,False
feature_1106,1.7184860066166507,False
feature_5518,1.7127852299928343,False
feature_1947,1.7124383306624682,False
feature_4637,1.7098188606256728,False
feature_2791,1.7085094244320418,False
feature_3188,1.708457091952372,False
feature_0468,1.70810285591753,False
feature_3187,1.7078860504963844,False
feature_3313,1.7073206180990805,False
feature_2888,1.705485100825278,False
feature_0119,1.705405208344929,False
feature_3578,1.7051502783732966,False
feature_2646,1.7041636077132991,False
feature_2778,1.7008634819637067,False
feature_0688,1.696069222890512,False
feature_2698,1.6960553018150764,False
feature_1553,1.6954239863981815,False
feature_4822,1.6948083965011589,False
feature_0175,1.6936378877522786,False
feature_4794,1.6933412611829843,False
feature_5073,1.690490785820875,False
feature_4770,1.6904676963691532,False
feature_6337,1.690064879954313,False
feature_1147,1.6899402513205897,False
feature_2355,1.6885768265510992,False
feature_6577,1.687688937297264,False
feature_2874,1.6876707478852615,False
feature_0621,1.6872941837309774,False
feature_2509,1.687266694903334,False
feature_1356,1.6871093682994354,False
feature_4678,1.6861107725656392,False
feature_5113,1.6848790002993996,False
feature_1073,1.681412667011572,False
feature_2885,1.681315640710686,False
feature_4141,1.67759526763989,False
feature_1493,1.677201674436122,False
feature_2549,1.6759154298776007,False
feature_6031,1.6747118806136423,False
feature_6350,1.673253819025829,False
feature_1784,1.6700880721885034,False
feature_5056,1.6682720475875534,False
feature_6054,1.6676403307011443,False
feature_5269,1.6662084550106495,False
feature_3109,1.6661010431258765,False
feature_5139,1.6654691604335343,False
feature_4747,1.6653440582188825,False
feature_4237,1.6599129494444451,False
feature_5439,1.6596943178165708,False
feature_6562,1.6591865574011206,False
feature_4053,1.6590298723030967,False
feature_1318,1.6588163909665083,False
feature_2670,1.657959996023091,False
feature_6212,1.653882084110969,False
feature_2279,1.653188445169686,False
feature_1635,1.6522342324021324,False
feature_1192,1.651656332087733,False
feature_2776,1.6498506396544976,False
feature_5423,1.6497586041986723,False
feature_6386,1.648394622910548,False
feature_4609,1.6474835647264756,False
feature_3968,1.6465071301287533,False
feature_6261,1.6434576767631894,False
feature_5665,1.6427928346226883,False
feature_0281,1.6427256727910629,False
feature_4598,1.6374495008101644,False
feature_0098,1.6359481641523685,False
feature_4436,1.633943177368726,False
feature_0979,1.6313135411711117,False
feature_3713,1.6302466079750297,False
feature_5441,1.6284781912410904,False
feature_3126,1.6269571567463035,False
feature_0025,1.6267482574795102,False
feature_1757,1.6257207015834274,False
feature_4418,1.6244823790028222,False
feature_3101,1.6215906488715446,False
feature_5555,1.6167939710494519,False
feature_6105,1.6155751120915631,False
feature_3773,1.615500728160547,False
feature_1672,1.611320289711099,False
feature_0606,1.6103091243052963,False
feature_5498,1.6078324536007016,False
feature_6360,1.6068139015724812,False
feature_3195,1.6054627426202357,False
feature_5890,1.6038804090130232,False
feature_1602,1.6009602294446672,False
feature_6583,1.6009284830559065,False
feature_4703,1.6006686680552957,False
feature_4262,1.6005891140966284,False
feature_1765,1.5998884265871642,False
feature_3113,1.5998872401924733,False
feature_6465,1.5992208427682397,False
feature_4253,1.5963540547179633,False
feature_1024,1.5959894504244283,False
feature_4244,1.5959581572566168,False
feature_6546,1.5948609857616698,False
feature_0615,1.590735817795743,False
feature_5657,1.590332006945099,False
feature_3771,1.5898213222183404,False
feature_1513,1.5895490346823664,False
feature_1067,1.5874198599141922,False
feature_2114,1.5861655613590435,False
feature_0407,1.584254600374306,False
feature_0873,1.5838962128079739,False
feature_0294,1.5813653809989487,False
feature_5872,1.578032723776337,False
feature_0567,1.576580053679019,False
feature_1194,1.5757562867589376,False
feature_3107,1.5721042370283638,False
feature_5625,1.571298680807957,False
feature_1952,1.5707074182525569,False
feature_3395,1.5706325150177858,False
feature_5996,1.5704859877491468,False
feature_2928,1.5696812950331465,False
feature_6419,1.56769164406217,False
feature_3835,1.5655806356168038,False
feature_6561,1.5639596679143744,False
feature_5187,1.5628620196292482,False
feature_4922,1.5621466589656752,False
feature_1004,1.559339306187659,False
feature_0755,1.5575673098363974,False
feature_6467,1.5557650080281231,False
feature_4587,1.5538024338817424,False
feature_2969,1.5529576819969841,False
feature_1183,1.550445332514884,False
feature_5303,1.549782658850239,False
feature_4503,1.5475660453222682,False
feature_2878,1.5449454000291492,False
feature_2097,1.5428327670290916,False
feature_2403,1.541819238800442,False
feature_6361,1.5414282679439033,False
feature_0556,1.5381097207620218,False
feature_0521,1.5365929809666186,False
feature_3349,1.5358107199557518,False
feature_4531,1.5334208467669355,False
feature_2637,1.5324764710751912,False
feature_2975,1.530779748540113,False
feature_5772,1.5296203810380888,False
feature_5295,1.529084380857089,False
feature_3756,1.5282291291938737,False
feature_5142,1.525505530938127,False
feature_0069,1.5253840021279903,False
feature_6446,1.524854446151932,False
feature_4152,1.5247570131377408,False
feature_6530,1.5245753091664667,False
feature_2727,1.5207479580314953,False
feature_6164,1.5194295524626813,False
feature_3484,1.5188853828795876,False
feature_5802,1.5185695251386548,False
feature_1326,1.5172224623301076,False
feature_6392,1.5142097346941925,False
feature_2394,1.513653432111454,False
feature_2565,1.5135016984406506,False
feature_0698,1.5123097523144626,False
feature_5385,1.5113092340527958,False
feature_3010,1.5100900506654469,False
feature_1131,1.5096774195327822,False
feature_0701,1.5091433865646313,False
feature_4712,1.508133325251914,False
feature_6049,1.5074300253754955,False
feature_0348,1.5073676112196386,False
feature_5852,1.5062712151496196,False
feature_3930,1.5059738590671148,False
feature_0602,1.5045120648891432,False
feature_0066,1.5004826409410046,False
feature_3628,1.498505433334411,False
feature_5017,1.4957292679333094,False
feature_0259,1.4954021030958458,False
feature_5044,1.4937924532770614,False
feature_3980,1.4914254421815096,False
feature_3347,1.4885428725649024,False
feature_6095,1.487834236343926,False
feature_1762,1.4869327200179907,False
feature_0796,1.4858413997308109,False
feature_1939,1.4834195650650293,False
feature_1596,1.483396099359316,False
feature_0856,1.4830297898379838,False
feature_1017,1.4799660522641145,False
feature_6552,1.4780333357438127,False
feature_2125,1.4776247025099585,False
feature_1341,1.4763935655975822,False
feature_4954,1.474994732332791,False
feature_2951,1.4733682729821267,False
feature_5591,1.4726059032520409,False
feature_1084,1.4701263504153619,False
feature_2623,1.4693508105050836,False
feature_0842,1.4689298809811,False
feature_2410,1.4685372570532143,False
feature_5982,1.4660430470799473,False
feature_3350,1.4643998106552074,False
feature_0917,1.4617539381526818,False
feature_1075,1.4613227061085199,False
feature_6474,1.4595031002333276,False
feature_2500,1.458949336934744,False
feature_3203,1.4569528217217818,False
feature_3308,1.4542726250817601,False
feature_0275,1.4541926418534943,False
feature_4578,1.4517421986344332,False
feature_1335,1.4510985059307318,False
feature_5743,1.4502671702098349,False
feature_0285,1.450085781705321,False
feature_5845,1.446769772924394,False
feature_2336,1.4453376849299888,False
feature_5609,1.4435813877033374,False
feature_5830,1.4434440215594606,False
feature_1133,1.4432817589829405,False
feature_1160,1.4432799836521786,False
feature_5713,1.4418299364895637,False
feature_5026,1.4378984189676938,False
feature_1965,1.4373951543125965,False
feature_2274,1.4369204580173183,False
feature_5227,1.4368301783786168,False
feature_6101,1.4363207449629551,False
feature_4713,1.4362474986576381,False
feature_3234,1.4347889653582733,False
feature_6207,1.4336187268739464,False
feature_1364,1.4334794262188177,False
feature_1491,1.432357939809407,False
feature_2383,1.4258538609153646,False
feature_4305,1.4243393490220388,False
feature_5969,1.4229844147847133,False
feature_0478,1.421674686717722,False
feature_2683,1.4204283125256658,False
feature_4505,1.4181844368054464,False
feature_1400,1.4175162880896977,False
feature_3570,1.4163938736918946,False
feature_4913,1.4161410709258804,False
feature_1209,1.4155028801076246,False
feature_6165,1.4141012451920103,False
feature_2638,1.4108934870028542,False
feature_6444,1.4106224619159855,False
feature_0931,1.4101588848102922,False
feature_3036,1.4072956200840188,False
feature_1035,1.406548455350696,False
feature_3046,1.4044422347738577,False
feature_0672,1.4042679413114367,False
feature_0164,1.4025080676393813,False
feature_1127,1.400936729889678,False
feature_3652,1.400511716159719,False
feature_0434,1.3995365604108938,False
feature_1576,1.3957322379882529,False
feature_2305,1.3938032956715316,False
feature_0323,1.3936576586567528,False
feature_3252,1.3910105962751251,False
feature_0019,1.3907663071220744,False
feature_5600,1.388467526007289,False
feature_6421,1.388243871492664,False
feature_4512,1.3881635231920344,False
feature_5563,1.3859254604557762,False
feature_2938,1.3849596249560094,False
feature_2829,1.3841038641043188,False
feature_5929,1.3832520247822284,False
feature_4051,1.3831797053607886,False
feature_2554,1.3824855047146285,False
feature_4521,1.380596373738154,False
feature_0446,1.379632218200076,False
feature_5858,1.3795308097296137,False
feature_2994,1.3773961558865564,False
feature_5099,1.3771698368895509,False
feature_4011,1.3770963847693807,False
feature_3728,1.3765230978722935,False
feature_4493,1.3760398251064643,False
feature_0967,1.3754487426613102,False
feature_4303,1.3736868208972624,False
feature_3327,1.3735257898699205,False
feature_2961,1.3726486053743034,False
feature_4094,1.369686511621061,False
feature_5263,1.3669140986249542,False
feature_1906,1.366540043892724,False
feature_1770,1.3664335672726844,False
feature_3742,1.36495445668727,False
feature_4039,1.363060882238826,False
feature_3207,1.3629977332727945,False
feature_0986,1.3605471425573832,False
feature_5217,1.3600403714073055,False
feature_4495,1.3598963998469682,False
feature_3946,1.358153323695648,False
feature_1028,1.3579801687993072,False
feature_3496,1.3575088638090453,False
feature_3056,1.3553095836298312,False
feature_0832,1.3526035767008073,False
feature_3219,1.3507941567628792,False
feature_6438,1.3479748635656268,False
feature_3710,1.347948953648377,False
feature_2738,1.3460015830648375,False
feature_1114,1.343023678626025,False
feature_5882,1.3421932672467094,False
feature_2132,1.342186646505914,False
feature_0778,1.3421189121972525,False
feature_3692,1.3411973305361466,False
feature_0342,1.33990011961092,False
feature_0227,1.3367353550615821,False
feature_3896,1.3367045591007491,False
feature_2640,1.3359246124524482,False
feature_3805,1.3336227953886401,False
feature_4932,1.333496877335577,False
feature_0828,1.3327014813765765,False
feature_2099,1.3315070035518732,False
feature_1897,1.329348826859854,False
feature_2359,1.328547997456499,False
feature_6292,1.3235816606155701,False
feature_5940,1.322907394694802,False
feature_1873,1.3217932777061994,False
feature_5356,1.32034267838102,False
feature_5785,1.3198791867002793,False
feature_4656,1.3191912629299523,False
feature_2700,1.3184268276384732,False
feature_2281,1.3165613579809023,False
feature_2184,1.3155716204625223,False
feature_4977,1.3151280656498587,False
feature_4855,1.3149485778846348,False
feature_1624,1.314578068908453,False
feature_3061,1.3124209424178168,False
feature_2775,1.3119183735036184,False
feature_4762,1.3111613816304653,False
feature_1496,1.3100553981984637,False
feature_0229,1.3091070953344754,False
feature_2477,1.3066812174620317,False
feature_4166,1.3064554742026346,False
feature_2315,1.3035266574650484,False
feature_3608,1.3024050818797779,False
feature_0608,1.3018531153063144,False
feature_0472,1.301838340483345,False
feature_4823,1.3013296796634566,False
feature_3340,1.2998246771502653,False
feature_1377,1.2998221819692446,False
feature_1483,1.299624219305146,False
feature_4425,1.297103421272525,False
feature_1119,1.2961201657900199,False
feature_3850,1.2958666256887013,False
feature_3066,1.289088951378735,False
feature_3091,1.2885958450382613,False
feature_4103,1.287864014484387,False
feature_6249,1.2866439666153187,False
feature_5007,1.28648909329142,False
feature_5104,1.286270249350504,False
feature_5261,1.285475416707699,False
feature_0321,1.2839188810608786,False
feature_2167,1.2837422988531555,False
feature_3918,1.2833460356364055,False
feature_2350,1.2830038154831935,False
feature_4603,1.27890308865876,False
feature_3723,1.277861893458674,False
feature_6135,1.2776098995689518,False
feature_3446,1.2756242333647272,False
feature_4711,1.275027528513969,False
feature_2260,1.271584191457442,False
feature_2505,1.2715386123379715,False
feature_4212,1.2684678927666886,False
feature_3351,1.2681502121677073,False
feature_5140,1.2673399823742428,False
feature_0154,1.2655871695288645,False
feature_0975,1.265534600755081,False
feature_5931,1.265525496880835,False
feature_2773,1.2641052528627854,False
feature_0367,1.2606336424638591,False
feature_0306,1.2602582925036694,False
feature_1145,1.260137509535226,False
feature_4276,1.2581439661290137,False
feature_3397,1.256827744409166,False
feature_3388,1.2526259839278278,False
feature_4343,1.2525540480634216,False
feature_3553,1.2507537597844631,False
feature_3147,1.2503099432702838,False
feature_5257,1.2502367367695302,False
feature_0656,1.2493291166310723,False
feature_0191,1.247934970849204,False
feature_1871,1.2470004762621971,False
feature_5903,1.2463404994611442,False
feature_1734,1.245802651581209,False
feature_4202,1.2449519691642976,False
feature_5212,1.244329980617657,False
feature_3169,1.243240732967045,False
feature_3919,1.24315314760913,False
feature_2550,1.2431375633567026,False
feature_5242,1.2420895482289456,False
feature_2457,1.2417533203919222,False
feature_1867,1.2407178858680703,False
feature_3096,1.2393986817728264,False
feature_2115,1.2392037989157103,False
feature_5134,1.2384459084075723,False
feature_4117,1.2377320654533763,False
feature_4783,1.237731254304096,False
feature_6057,1.2360863623989484,False
feature_4853,1.2356905350164498,False
feature_4009,1.2338512709982383,False
feature_2134,1.230319271157724,False
feature_2190,1.2274393880159542,False
feature_6580,1.227210020282477,False
feature_0168,1.2269873257975803,False
feature_5922,1.226662467212843,False
feature_4989,1.2219238845346352,False
feature_5635,1.2210960956828214,False
feature_5404,1.2205116218965946,False
feature_4433,1.2196370034441677,False
feature_5190,1.218323216635758,False
feature_0870,1.2172428996095563,False
feature_2680,1.2168434580247112,False
feature_2435,1.2165599735598076,False
feature_2219,1.2160966587053958,False
feature_4622,1.2159419589101663,False
feature_3895,1.2150891415521126,False
feature_1731,1.2118764083360343,False
feature_1272,1.2099036600413402,False
feature_6048,1.2087704259244383,False
feature_3663,1.2083413895732456,False
feature_0158,1.2080368846798342,False
feature_6179,1.2071784288787912,False
feature_4635,1.2066934349726204,False
feature_5125,1.2053372984164825,False
feature_3870,1.2047844942960013,False
feature_6317,1.2040944082686276,False
feature_4110,1.2022397437552215,False
feature_0973,1.200858260391816,False
feature_4283,1.2001013364439546,False
feature_3959,1.199871255010962,False
feature_3944,1.1991124220993268,False
feature_3398,1.197941308043505,False
feature_1683,1.1972554086140599,False
feature_1408,1.1958194261938861,False
feature_0809,1.1956010167627653,False
feature_4962,1.195334675406694,False
feature_6193,1.1944529552012257,False
feature_2521,1.1935379197453309,False
feature_0874,1.192609137463759,False
feature_3853,1.1913593097990651,False
feature_1843,1.1910000168551376,False
feature_1823,1.1909666954243558,False
feature_3157,1.189948279258345,False
feature_2374,1.1896138680400867,False
feature_4974,1.189316887757686,False
feature_5782,1.1890316475413603,False
feature_5928,1.1879661033202678,False
feature_1409,1.1879414180836283,False
feature_0022,1.1864341852563542,False
feature_5901,1.185842592345277,False
feature_5486,1.185113120663663,False
feature_5611,1.1837734500453467,False
feature_0209,1.1832592489511766,False
feature_5718,1.183086901561694,False
feature_0876,1.1827308696880534,False
feature_0817,1.1826594235115668,False
feature_0655,1.1818265418143916,False
feature_4963,1.1814688947226117,False
feature_0519,1.1807698808706026,False
feature_3051,1.1790796283906646,False
feature_3312,1.1780557439667323,False
feature_3321,1.177786792984076,False
feature_2378,1.1774769652471981,False
feature_4046,1.176710677944276,False
feature_1305,1.1750084066720228,False
feature_4758,1.175007479390395,False
feature_3546,1.1728823777684834,False
feature_0241,1.1714824441540312,False
feature_2236,1.1693600347291564,False
feature_2220,1.167231163024525,False
feature_3576,1.1656237788550268,False
feature_3676,1.1653679672930521,False
feature_3834,1.1628304863699277,False
feature_3969,1.1627239636792148,False
feature_5230,1.161535104569361,False
feature_2909,1.1588297963802463,False
feature_1271,1.1570392668215372,False
feature_6432,1.153976748431059,False
feature_0121,1.1520128648019976,False
feature_3707,1.1512772213742795,False
feature_5807,1.1483564915117281,False
feature_3507,1.1467696870096886,False
feature_2041,1.145979919974831,False
feature_3729,1.1455006173393782,False
feature_5076,1.1451980896104734,False
feature_3953,1.144877168439833,False
feature_3964,1.1447586922142603,False
feature_6294,1.1447021867692047,False
feature_5247,1.1443698590757752,False
feature_1076,1.1441561350694334,False
feature_4846,1.1419302489232117,False
feature_4332,1.1393259993988043,False
feature_3421,1.1390483012986228,False
feature_1162,1.136607115498008,False
feature_5900,1.1345445883619105,False
feature_3787,1.134213016985581,False
feature_2628,1.1333269649980102,False
feature_5850,1.1331997330429033,False
feature_6153,1.131734177978593,False
feature_5724,1.1304537562968042,False
feature_1191,1.12995879335159,False
feature_6151,1.1284503716655483,False
feature_4867,1.1275500177064737,False
feature_0194,1.1273644447195226,False
feature_3565,1.1270725409061377,False
feature_2684,1.126607985503355,False
feature_1827,1.125688793660569,False
feature_2812,1.1254002378917798,False
feature_1011,1.1250667035054946,False
feature_4256,1.1250588881382129,False
feature_2351,1.1244776050158494,False
feature_5558,1.1242886243660233,False
feature_4479,1.1240865668088273,False
feature_1687,1.1238233828057271,False
feature_4584,1.1235697357491863,False
feature_0568,1.1229343692656324,False
feature_4749,1.1225389098895484,False
feature_6306,1.1207414065380947,False
feature_4306,1.1191010355049174,False
feature_2273,1.1178616681775078,False
feature_2886,1.1177557903674946,False
feature_3024,1.1164040642573265,False
feature_4645,1.1149994684516171,False
feature_6043,1.1146788858637642,False
feature_4649,1.1143754067940916,False
feature_4830,1.1138462021012623,False
feature_6118,1.1133892188951002,False
feature_3965,1.1123671186409034,False
feature_3825,1.1118585309373643,False
feature_4646,1.1114991072580167,False
feature_0240,1.1099919706501182,False
feature_5302,1.108755173354159,False
feature_0026,1.1085520893593803,False
feature_4438,1.1068978555603575,False
feature_5739,1.1064753337642892,False
feature_1977,1.1048923721673827,False
feature_1536,1.1047332994568246,False
feature_0262,1.1043915355973002,False
feature_1764,1.1031677548780832,False
feature_6242,1.1029895527756808,False
feature_1851,1.1025490012861787,False
feature_0133,1.1023573051981819,False
feature_2087,1.1021713055548912,False
feature_3025,1.1020856823856708,False
feature_4655,1.1012050832198088,False
feature_1155,1.1010288389775582,False
feature_1118,1.099645155536424,False
feature_3129,1.0986301222256087,False
feature_4786,1.0979429769691842,False
feature_4170,1.0971440609077026,False
feature_2879,1.0971101641292607,False
feature_0475,1.093955708958246,False
feature_5998,1.0925653232302839,False
feature_0453,1.091025776791316,False
feature_4440,1.0900494555170461,False
feature_4975,1.0891491566272722,False
feature_1380,1.0889230486776855,False
feature_4329,1.0881177293331983,False
feature_0783,1.086972168519644,False
feature_3560,1.0865909206464783,False
feature_5087,1.0846339153918012,False
feature_5873,1.0827547741305046,False
feature_0825,1.0820009965362514,False
feature_3401,1.0810419307962078,False
feature_1424,1.0807048607714154,False
feature_4886,1.0805410494517824,False
feature_0654,1.0801473735069906,False
feature_3423,1.074245502339071,False
feature_3348,1.0723546788813454,False
feature_5827,1.0698230872023557,False
feature_4205,1.0689471518726263,False
feature_3178,1.0686316783400296,False
feature_3179,1.067255287072949,False
feature_5634,1.0670529677699216,False
feature_0612,1.0668785738588353,False
feature_4107,1.0665314436685949,False
feature_6284,1.0663547213165252,False
feature_4611,1.0651418597780906,False
feature_6085,1.064826390332328,False
feature_4520,1.0646911050117676,False
feature_4916,1.0633562859750467,False
feature_3622,1.06304646571594,False
feature_4116,1.06222903203694,False
feature_5168,1.0619613296588408,False
feature_1974,1.0614048837683785,False
feature_4498,1.0611835520441844,False
feature_0205,1.0596240582613612,False
feature_5100,1.059537800742626,False
feature_0345,1.0582589489990322,False
feature_4663,1.0574361887432808,False
feature_3404,1.0574050773521668,False
feature_4937,1.0569778453498524,False
feature_5944,1.054248804512271,False
feature_4487,1.0537407207320988,False
feature_3297,1.0536865309249843,False
feature_0491,1.052967258060325,False
feature_1714,1.050753416776711,False
feature_3776,1.0490648413165857,False
feature_3245,1.048474515533094,False
feature_1487,1.047994717551861,False
feature_4630,1.0472153427449356,False
feature_0448,1.0469384485168889,False
feature_5436,1.0468089475160787,False
feature_0174,1.0457147112025698,False
feature_4660,1.045118367110356,False
feature_0397,1.0448627839608058,False
feature_2424,1.0443964586070855,False
feature_1012,1.0439541616387558,False
feature_6166,1.043664557484369,False
feature_0099,1.043533497257517,False
feature_1657,1.0423626326033726,False
feature_3683,1.0412246825512546,False
feature_0496,1.041143715699038,False
feature_3619,1.0405769825107756,False
feature_4365,1.0404688436046954,False
feature_3441,1.040436412191618,False
feature_5722,1.0401147909923472,False
feature_1158,1.039050800062125,False
feature_3700,1.0381797219735076,False
feature_1365,1.034931263039031,False
feature_2399,1.0336700789948918,False
feature_6091,1.0329429523341536,False
feature_1122,1.0323163800419626,False
feature_5148,1.031684136994955,False
feature_3023,1.031032331462781,False
feature_4705,1.0307587274361096,False
feature_6318,1.0299313003511288,False
feature_4672,1.0297703134379055,False
feature_0017,1.0296460944450376,False
feature_4736,1.0295448738786654,False
feature_2884,1.0290137064796914,False
feature_4350,1.0285475227025047,False
feature_1079,1.0275844436340875,False
feature_2140,1.0265345644445965,False
feature_5778,1.0258247417669222,False
feature_3477,1.0255626169895329,False
feature_5955,1.0254389782938143,False
feature_0626,1.0252280465472439,False
feature_4715,1.0244185821970009,False
feature_2375,1.0243514693808777,False
feature_2902,1.0241498596663028,False
feature_3783,1.0225054529903117,False
feature_6469,1.0217849547052245,False
feature_3759,1.0210405561927598,False
feature_0070,1.0208146216244187,False
feature_6005,1.0204788719856581,False
feature_3596,1.0185821490565174,False
feature_1398,1.0184399091236138,False
feature_5089,1.0180427822746738,False
feature_6500,1.0145928983939718,False
feature_0136,1.014403517991668,False
feature_0990,1.0141753174138524,False
feature_5620,1.0140348599936349,False
feature_2673,1.013375800525364,False
feature_2265,1.013081350029907,False
feature_6217,1.0110727874020626,False
feature_6553,1.0098152802396412,False
feature_5440,1.0093514076394254,False
feature_4018,1.0088767392348137,False
feature_2348,1.008607965772875,False
feature_6334,1.0073052211000848,False
feature_5506,1.0067822009272953,False
feature_2143,1.0051268480628754,False
feature_2356,1.0043092594044616,False
feature_6331,1.004278592626539,False
feature_4709,1.0033107945209137,False
feature_0574,1.0017774884466728,False
feature_1921,1.0014682695099164,False
feature_1413,1.0008314920756127,False
feature_1659,1.0002188375692953,False
feature_4423,0.9991824653719841,False
feature_1946,0.9972069230095253,False
feature_2387,0.9967035061714967,False
feature_2526,0.9961889911979128,False
feature_4816,0.9960937082457304,False
feature_1193,0.9947110606516733,False
feature_4792,0.993323160363081,False
feature_6004,0.9923098854005522,False
feature_1350,0.9906242798750033,False
feature_2796,0.9905394027787551,False
feature_0959,0.990533414271271,False
feature_3366,0.9903512852905275,False
feature_6354,0.990302730853544,False
feature_1505,0.9898436712422595,False
feature_0635,0.9897030574944411,False
feature_2032,0.9887702375926885,False
feature_0593,0.9883465178158021,False
feature_2958,0.987556716750281,False
feature_0787,0.9871613281138049,False
feature_4803,0.9870650961987958,False
feature_0676,0.9852798403727072,False
feature_5833,0.9843647594307986,False
feature_1736,0.9825500105006955,False
feature_4132,0.9825197099405737,False
feature_3582,0.9824178387317668,False
feature_0372,0.9817254210812563,False
feature_5175,0.9792839094294801,False
feature_0211,0.9776556982768986,False
feature_5627,0.9776454236118253,False
feature_2706,0.9775801647418937,False
feature_6329,0.9765203067412394,False
feature_1428,0.975290002883403,False
feature_5313,0.9743527472869751,False
feature_6390,0.9734740974177281,False
feature_4719,0.9731901452194027,False
feature_4583,0.9730498691271965,False
feature_3214,0.9727162327348249,False
feature_2408,0.9707388922551086,False
feature_6293,0.9683935054287818,False
feature_1674,0.9678874353050203,False
feature_3852,0.9672960044721379,False
feature_6232,0.9670618303092088,False
feature_4695,0.9667809523754639,False
feature_1072,0.9661731638890578,False
feature_5469,0.965345609217881,False
feature_5605,0.9652289605700389,False
feature_4484,0.9649126297075752,False
feature_3135,0.9648460590777999,False
feature_3548,0.9644805288645479,False
feature_4328,0.9643806038184674,False
feature_4054,0.9640399049701306,False
feature_1533,0.9637388573194523,False
feature_1991,0.9636575767111804,False
feature_2432,0.9635909471545462,False
feature_4387,0.9621016309318526,False
feature_5868,0.9619694840273669,False
feature_6016,0.9610921023092789,False
feature_4523,0.9609147249945295,False
feature_0683,0.9608374207214927,False
feature_6290,0.959322576034765,False
feature_3128,0.9589573227854252,False
feature_0707,0.9578108111412617,False
feature_3063,0.9564269798477832,False
feature_2725,0.9558117848312488,False
feature_0315,0.9557821724414768,False
feature_2790,0.9551878669169038,False
feature_4356,0.9535347937183387,False
feature_2083,0.9530720465013853,False
feature_6224,0.9502531982237433,False
feature_3449,0.9500654517500516,False
feature_6253,0.9463490661281585,False
feature_1704,0.945193484403332,False
feature_1475,0.9449419142716313,False
feature_4654,0.9448952062259691,False
feature_0111,0.944808605052749,False
feature_2326,0.944735163586976,False
feature_3527,0.9424976625209471,False
feature_0344,0.9423287875748713,False
feature_4876,0.9418757759896269,False
feature_0021,0.9418009653269498,False
feature_4773,0.9403728929887976,False
feature_4208,0.9379267163429164,False
feature_1730,0.9365237573313147,False
feature_6157,0.9364845736471392,False
feature_1111,0.9350241850824768,False
feature_5111,0.9341657294596506,False
feature_4351,0.9326343778659134,False
feature_1613,0.9314749763666217,False
feature_3086,0.9310687642654945,False
feature_0459,0.9309951614258872,False
feature_4217,0.9309219368311379,False
feature_5644,0.930098225276024,False
feature_0016,0.9289333994730455,False
feature_0981,0.9289311383102162,False
feature_0559,0.9285043886618258,False
feature_2214,0.928180299000121,False
feature_6366,0.9278428841623411,False
feature_1845,0.9275480117440273,False
feature_3995,0.9269107759293191,False
feature_5917,0.9263012048184451,False
feature_2181,0.9261786159293783,False
feature_4270,0.9253366229715606,False
feature_0576,0.9251778045693215,False
feature_5964,0.9236810223792585,False
feature_6111,0.9232931405765252,False
feature_2179,0.9229558454880369,False
feature_4312,0.9212957544007296,False
feature_3602,0.9205560889893368,False
feature_5974,0.920140465665526,False
feature_4034,0.9201126948675531,False
feature_1688,0.9198003706630999,False
feature_3083,0.9196241618981909,False
feature_2091,0.9173315781164859,False
feature_4342,0.9167375206458325,False
feature_1605,0.9166046909724636,False
feature_2630,0.915554618608536,False
feature_5668,0.9154377600342112,False
feature_3212,0.9150058337450919,False
feature_0513,0.9149400087541432,False
feature_5877,0.9149211752441879,False
feature_1431,0.9127495277205531,False
feature_1701,0.9126747293112278,False
feature_0150,0.9119146302413714,False
feature_2109,0.9117829432815292,False
feature_1393,0.9116276882242615,False
feature_0894,0.9096497984864257,False
feature_0325,0.9093640203574835,False
feature_1786,0.9084240902422567,False
feature_2570,0.9079016377839246,False
feature_5256,0.9078848042627536,False
feature_0159,0.906761663395253,False
feature_2005,0.9062081640540953,False
feature_0703,0.903641750287591,False
feature_2530,0.9028977868863434,False
feature_1910,0.9021212051047568,False
feature_6517,0.9018592447866677,False
feature_0680,0.9008441786786698,False
feature_5960,0.9001905115503046,False
feature_1010,0.8990349324190351,False
feature_2074,0.8989511138811116,False
feature_3532,0.8989215613752773,False
feature_2017,0.8984307657348996,False
feature_1651,0.8980741648910024,False
feature_2036,0.8977228916121649,False
feature_1994,0.8968229141442337,False
feature_5536,0.8967877025023973,False
feature_5232,0.8965236594726805,False
feature_1227,0.8956439173257486,False
feature_2436,0.8954900620355871,False
feature_3364,0.8953406994349978,False
feature_4264,0.8945443002595798,False
feature_6298,0.8945010685077588,False
feature_2522,0.8943808500872813,False
feature_0131,0.894232046175535,False
feature_6422,0.8933891849791534,False
feature_2316,0.8931317906140017,False
feature_0527,0.8930569809699912,False
feature_1529,0.8928358220624724,False
feature_0433,0.891551089096614,False
feature_4299,0.890256679643127,False
feature_5131,0.8894047150564478,False
feature_2003,0.8884902306390796,False
feature_6010,0.8881459913829765,False
feature_6134,0.8873035464990874,False
feature_4763,0.8862827810793609,False
feature_0803,0.8859134902285551,False
feature_0642,0.8858029421985063,False
feature_0839,0.8856430435826246,False
feature_4364,0.8854659192658065,False
feature_5395,0.8854383554017212,False
feature_3889,0.8847390932487649,False
feature_2057,0.8802601449124634,False
feature_4700,0.8799560787762991,False
feature_3039,0.8798855667100172,False
feature_1913,0.8795568945085233,False
feature_6496,0.8794579183649146,False
feature_0526,0.876827427038971,False
feature_3371,0.8765544196950144,False
feature_3949,0.8730371023656305,False
feature_0373,0.8721447961429972,False
feature_1754,0.8713260471143868,False
feature_4319,0.871228315612301,False
feature_0305,0.8700991279661274,False
feature_3572,0.869987089051441,False
feature_4869,0.8697019096783754,False
feature_1041,0.8687968861803093,False
feature_6531,0.8683395771760991,False
feature_4730,0.8683300886446225,False
feature_5386,0.8653008520519884,False
feature_2890,0.8641534801722184,False
feature_0287,0.864142177562268,False
feature_1058,0.8635685180533579,False
feature_4739,0.8594998431855957,False
feature_0452,0.8591874339508332,False
feature_0424,0.8585669724200389,False
feature_5239,0.8572562518291829,False
feature_2283,0.8553924275144278,False
feature_1195,0.855232274547456,False
feature_0520,0.8546634403806629,False
feature_3396,0.8532312265971901,False
feature_5067,0.8531887541583296,False
feature_1247,0.8515164344704131,False
feature_0398,0.8510431252943825,False
feature_4450,0.849714136312665,False
feature_1141,0.848930425928322,False
feature_4138,0.8484025161368502,False
feature_3183,0.8468921448969318,False
feature_2992,0.8467685209217678,False
feature_3276,0.8464379393029391,False
feature_6301,0.8459787871709653,False
feature_3298,0.845818885391688,False
feature_3960,0.8449165007690635,False
feature_2579,0.8438710110435935,False
feature_5735,0.8433166532962674,False
feature_0553,0.8429074134201912,False
feature_4745,0.842205356333898,False
feature_4683,0.8412881248850627,False
feature_4927,0.8412696572682586,False
feature_1166,0.8373538710677976,False
feature_4617,0.8367690086048294,False
feature_3682,0.8363942366188357,False
feature_6315,0.8353724196527307,False
feature_1807,0.8348595744082976,False
feature_1806,0.8347609560699942,False
feature_4079,0.8343442257458857,False
feature_0517,0.834098469396616,False
feature_1180,0.8337458630161944,False
feature_3971,0.8324152062098814,False
feature_4795,0.8312577056207789,False
feature_0900,0.8308518989280224,False
feature_3130,0.8308102023657409,False
feature_1379,0.8304855885059242,False
feature_5541,0.8298823343482914,False
feature_1660,0.8298035700462516,False
feature_1033,0.82936218036655,False
feature_3815,0.8285778517105596,False
feature_0030,0.8285710822349922,False
feature_1460,0.8278808102153382,False
feature_3278,0.8277620744270014,False
feature_3926,0.8268354571170985,False
feature_6120,0.8262587374262449,False
feature_1562,0.8249485071631417,False
feature_1607,0.8246754784542311,False
feature_5314,0.8219107708118378,False
feature_5164,0.820678525975914,False
feature_4693,0.8206719240063888,False
feature_6383,0.8199776939088077,False
feature_0374,0.8189430351150533,False
feature_2128,0.8188700050795602,False
feature_2789,0.8179603851125361,False
feature_1601,0.8174134705643753,False
feature_6495,0.817292562776708,False
feature_3702,0.8164093254256202,False
feature_5251,0.8157863781329577,False
feature_4149,0.815272997731714,False
feature_4137,0.8131109766210793,False
feature_4912,0.8124602687198018,False
feature_2974,0.8123190128959071,False
feature_2624,0.8116451711378513,False
feature_5813,0.8096455569065893,False
feature_0749,0.8095372057966438,False
feature_3606,0.8085201230566893,False
feature_5666,0.8065707986200221,False
feature_1383,0.80629624951093,False
feature_1723,0.805955139886128,False
feature_5173,0.8054424602175101,False
feature_2225,0.804762781206409,False
feature_1808,0.8040816140196203,False
feature_2751,0.8032106452630489,False
feature_5886,0.8031831751633016,False
feature_6579,0.8008957913954952,False
feature_3601,0.800223950383537,False
feature_2910,0.7997337099056354,False
feature_3060,0.7997230220985961,False
feature_3994,0.7997059069263862,False
feature_3314,0.7992252270995449,False
feature_4297,0.7986744583522375,False
feature_4540,0.7981007877278326,False
feature_2652,0.7979441357947098,False
feature_2746,0.7975239562955169,False
feature_5614,0.7959405168775523,False
feature_6140,0.7942564774106546,False
feature_4652,0.7940058848908647,False
feature_3216,0.7938532483085597,False
feature_5466,0.7937271761233321,False
feature_6152,0.7934436153027048,False
feature_6178,0.7922163091539696,False
feature_5923,0.7909385785293473,False
feature_2308,0.7873511944846219,False
feature_3898,0.7866127726560666,False
feature_0219,0.7865349295807789,False
feature_4623,0.7862365828619288,False
feature_5968,0.7856002171945244,False
feature_2999,0.7855357367683018,False
feature_0286,0.7836199201240818,False
feature_6559,0.7828390079776627,False
feature_2524,0.7800077897441008,False
feature_6484,0.7799780823299003,False
feature_0534,0.7794544359157793,False
feature_5913,0.7791995930434027,False
feature_5384,0.7790372363458878,False
feature_2322,0.7789513686827408,False
feature_4140,0.7786303095890178,False
feature_5613,0.7778035558099478,False
feature_4410,0.7770950769483378,False
feature_4998,0.7769018112269552,False
feature_5525,0.7737805109310958,False
feature_5321,0.7727750379175438,False
feature_0359,0.7723414758168491,False
feature_3150,0.7709616342977346,False
feature_1525,0.7694535207088895,False
feature_5656,0.7675093847751463,False
feature_5193,0.7644304990331626,False
feature_4550,0.7643107464993516,False
feature_1787,0.7640306830922595,False
feature_0471,0.7635010505203509,False
feature_5597,0.7605391233841559,False
feature_1042,0.7604509439910124,False
feature_3552,0.7598365039076213,False
feature_5759,0.7577920410785365,False
feature_3271,0.7574307243574281,False
feature_2600,0.7572756727492744,False
feature_5429,0.756726423881668,False
feature_3551,0.7566101912267774,False
feature_3382,0.7563683072482851,False
feature_3658,0.7554277609994673,False
feature_2345,0.7551148378779385,False
feature_2578,0.7546807130259363,False
feature_6090,0.7545915168045373,False
feature_0884,0.7545075300014109,False
feature_3715,0.7542124008290884,False
feature_6416,0.7540775117761144,False
feature_0188,0.7539798298047302,False
feature_5816,0.7532771215934426,False
feature_3529,0.7527224779260934,False
feature_2309,0.7522515383186893,False
feature_3690,0.7518950323967489,False
feature_4626,0.7511131266666589,False
feature_3264,0.7503179613256541,False
feature_2915,0.7495233705880628,False
feature_6226,0.7485489697462611,False
feature_4151,0.7482897778533142,False
feature_4431,0.7478312146539183,False
feature_5513,0.7464372444079378,False
feature_2541,0.7461191131024403,False
feature_5471,0.7451494973151509,False
feature_4917,0.7449301008474236,False
feature_0831,0.7448863055583709,False
feature_3171,0.7446057588768594,False
feature_4545,0.7439236496838648,False
feature_5631,0.7426587357571403,False
feature_1186,0.742561447244612,False
feature_2297,0.7417353642544514,False
feature_0814,0.7415746790058717,False
feature_0185,0.741232844650045,False
feature_3296,0.7410433441974584,False
feature_2001,0.7404957643058753,False
feature_5033,0.7403670918822459,False
feature_1707,0.7402170642028403,False
feature_4435,0.738678569545566,False
feature_5864,0.7374795074755898,False
feature_5058,0.7374063719916443,False
feature_3213,0.7373276807610787,False
feature_0965,0.7367507046072439,False
feature_1597,0.7367169246534842,False
feature_5457,0.7364129715093781,False
feature_5259,0.7357749501675642,False
feature_2325,0.7334422134705091,False
feature_4943,0.7317709248851471,False
feature_1715,0.7315325402578632,False
feature_3422,0.7306228750200301,False
feature_6457,0.7301651353549231,False
feature_5965,0.7273418173602625,False
feature_6154,0.7273173777904108,False
feature_1603,0.7266096278429148,False
feature_5892,0.7262384620951714,False
feature_4628,0.7240937438112554,False
feature_6143,0.7240808584580205,False
feature_3846,0.723978244014293,False
feature_3559,0.7238321418355316,False
feature_5036,0.722112721519077,False
feature_1565,0.7216923731409547,False
feature_2076,0.7189335710721786,False
feature_2981,0.7185784113602909,False
feature_3775,0.7185062289658862,False
feature_0936,0.7182842515958512,False
feature_5607,0.7174193293277084,False
feature_2016,0.7164697207346389,False
feature_2893,0.7162714967499821,False
feature_2502,0.7143298862416341,False
feature_1222,0.7140826749010661,False
feature_4765,0.7140730606957304,False
feature_2271,0.7140113035324002,False
feature_5347,0.7139739847131727,False
feature_2559,0.7131665951105165,False
feature_0930,0.7128536308820658,False
feature_2042,0.7121478094297596,False
feature_1860,0.7117891528672103,False
feature_0414,0.7106237316514726,False
feature_3481,0.7095352519338931,False
feature_6413,0.7093317755487074,False
feature_1648,0.7088052833896669,False
feature_5182,0.7076181605065163,False
feature_0661,0.7069890092213311,False
feature_3149,0.7064214457419483,False
feature_1772,0.7063168828983024,False
feature_4744,0.7062042873040627,False
feature_6059,0.7051927660156255,False
feature_2931,0.7042784004613452,False
feature_1623,0.7038655966999898,False
feature_5898,0.7033579366215914,False
feature_4352,0.7033330151822764,False
feature_3987,0.7030377875653021,False
feature_2108,0.7029010386849703,False
feature_6311,0.7028040947229062,False
feature_0142,0.7027248967464871,False
feature_2259,0.7025024466079983,False
feature_1816,0.702256603597253,False
feature_3485,0.7017491134023265,False
feature_4037,0.7016087262582433,False
feature_3991,0.7015615238659372,False
feature_1112,0.7011385515253444,False
feature_3353,0.7005898686943591,False
feature_4057,0.7001601541377931,False
feature_1049,0.700103873056057,False
feature_2416,0.6979490756157767,False
feature_1796,0.6978402297788152,False
feature_2270,0.6976441914134204,False
feature_5808,0.6968840750492629,False
feature_3221,0.6961678308394996,False
feature_3197,0.694648205830181,False
feature_0035,0.693364434464396,False
feature_1748,0.6929391913007503,False
feature_1568,0.6929034082218906,False
feature_5616,0.6918825740355148,False
feature_2685,0.6913313600907175,False
feature_1835,0.6899356379527931,False
feature_0007,0.6897899157396068,False
feature_1961,0.6896208869278724,False
feature_6407,0.6890237668317819,False
feature_6071,0.6887203101296372,False
feature_1467,0.6882271302975875,False
feature_5387,0.6880511055063708,False
feature_0662,0.6877103285820086,False
feature_5544,0.6873918607840517,False
feature_6202,0.6867442197009487,False
feature_6516,0.685886114375846,False
feature_3566,0.6847269502700053,False
feature_2372,0.6846016381560752,False
feature_2415,0.6843674803019691,False
feature_2862,0.684309144477806,False
feature_5547,0.6839132843116063,False
feature_0914,0.6834802555068831,False
feature_5092,0.6832582928562009,False
feature_6369,0.6830464758676872,False
feature_5887,0.6824893059665124,False
feature_4032,0.6817082300938581,False
feature_0197,0.6783304291153679,False
feature_6275,0.6751444506318811,False
feature_1653,0.6750286886267616,False
feature_4507,0.6747475342808766,False
feature_3714,0.674135812603718,False
feature_2866,0.6740658077180506,False
feature_0436,0.6737777577762468,False
feature_1328,0.6729336977813832,False
feature_2164,0.6727349233056555,False
feature_5435,0.6726828609252768,False
feature_0050,0.6720448472645564,False
feature_5546,0.6716613570986926,False
feature_0376,0.6710770194308526,False
feature_6336,0.6704876912077223,False
feature_6380,0.6703320046490687,False
feature_1612,0.6694343154202451,False
feature_3155,0.6679370267173426,False
feature_3411,0.6676697823054537,False
feature_2242,0.6659897761002902,False
feature_5128,0.6656397304967312,False
feature_0144,0.6653279022634028,False
feature_4082,0.6646584807163278,False
feature_3246,0.6642897815668608,False
feature_5915,0.6637390026607045,False
feature_3941,0.6634457171783833,False
feature_2588,0.6628257459827022,False
feature_6230,0.6626918641667577,False
feature_6529,0.6618891949213712,False
feature_2828,0.6618800779497408,False
feature_0970,0.6604837283732606,False
feature_2314,0.659149277058276,False
feature_0785,0.6588495905495442,False
feature_0412,0.6587128641894077,False
feature_0861,0.6576066415194505,False
feature_5682,0.6574471608824198,False
feature_6282,0.6573658115702317,False
feature_0114,0.655636628985136,False
feature_6575,0.6553515986792859,False
feature_3127,0.654992505194858,False
feature_6420,0.6548723785032112,False
feature_0611,0.6541158630068366,False
feature_2649,0.6527151549936714,False
feature_4877,0.6516288724498034,False
feature_5588,0.6505307464349137,False
feature_5938,0.650156818369116,False
feature_5675,0.6493244527832426,False
feature_6139,0.6485514563952448,False
feature_6123,0.6485418494651574,False
feature_5601,0.6479079894588357,False
feature_0115,0.6467244147745521,False
feature_4310,0.6465677959655926,False
feature_1486,0.6458270097633084,False
feature_5445,0.6452732096235897,False
feature_4233,0.6449858320704716,False
feature_6200,0.6448850552601322,False
feature_1292,0.6444327862374184,False
feature_3510,0.6440152124707113,False
feature_5838,0.6440115308609404,False
feature_2019,0.6433325395522228,False
feature_3872,0.6428061259586761,False
feature_6394,0.6423012152072111,False
feature_3882,0.6414539497166,False
feature_1519,0.6413418938017159,False
feature_4980,0.6387288473408639,False
feature_1606,0.6381784142074105,False
feature_5911,0.6370973070228838,False
feature_0479,0.6360700787627693,False
feature_2997,0.6359518985319934,False
feature_1888,0.6352842276292157,False
feature_2298,0.6338235507328535,False
feature_4704,0.6335480633998536,False
feature_0690,0.6335067317051882,False
feature_0848,0.6333813089286886,False
feature_0257,0.6333006802937747,False
feature_4995,0.6310745973085545,False
feature_2945,0.6310669400779555,False
feature_3990,0.6309303148550055,False
feature_0752,0.6291671179590489,False
feature_1157,0.627587912109241,False
feature_0090,0.6273184111449173,False
feature_4734,0.627193820539236,False
feature_3406,0.6264639701447585,False
feature_0307,0.6260444409504159,False
feature_3769,0.6257748136938709,False
feature_1804,0.6255858722945737,False
feature_5106,0.6242920385123911,False
feature_2983,0.6241343959191062,False
feature_1324,0.6238785995184819,False
feature_5416,0.6237720946257052,False
feature_5723,0.6234385747233148,False
feature_1481,0.6232557229242912,False
feature_5279,0.6226740284923831,False
feature_0592,0.6226401518910888,False
feature_0282,0.6220729627513474,False
feature_4316,0.6209057055805018,False
feature_2859,0.6202064860413402,False
feature_2392,0.620047007310995,False
feature_1216,0.6199421836343064,False
feature_1769,0.6196489752737565,False
feature_2165,0.6195425405726044,False
feature_1649,0.6183599734587872,False
feature_3804,0.616962133052521,False
feature_4175,0.616627908461583,False
feature_0853,0.6158679370996003,False
feature_6378,0.6156549447102877,False
feature_6362,0.6156303197759033,False
feature_2185,0.615549228980396,False
feature_0723,0.6154640656412343,False
feature_5135,0.6143899846788389,False
feature_4517,0.6136882436771809,False
feature_0245,0.6128157465385294,False
feature_5162,0.6122291972581827,False
feature_4098,0.6116559924551519,False
feature_4259,0.6107334013133591,False
feature_4607,0.6107283375621547,False
feature_3731,0.6102478594770971,False
feature_6273,0.6099927811108354,False
feature_6535,0.6076165194818597,False
feature_2247,0.6070650954228526,False
feature_1332,0.6067613403321115,False
feature_3100,0.6063054146324501,False
feature_4984,0.6055263780810329,False
feature_6375,0.6051549672201177,False
feature_2615,0.604495776931988,False
feature_2462,0.6036748069805502,False
feature_1727,0.6034761229628842,False
feature_5562,0.6028714484691771,False
feature_3336,0.6025391424406067,False
feature_2815,0.6008296417359325,False
feature_6013,0.6005799445675846,False
feature_4464,0.6002647819994491,False
feature_3362,0.6001133837523182,False
feature_2112,0.5992123063079938,False
feature_3575,0.597980358561452,False
feature_5779,0.5979433510487601,False
feature_2711,0.5976665125115979,False
feature_6039,0.5970253957901428,False
feature_6534,0.5970100492234685,False
feature_1572,0.5961689737995813,False
feature_5126,0.5961598580587889,False
feature_2641,0.5948607906793234,False
feature_6384,0.5944476640363574,False
feature_2514,0.5916987271459053,False
feature_2899,0.5911213812245661,False
feature_6028,0.590799841360706,False
feature_1799,0.589501229851302,False
feature_0535,0.5890679261572337,False
feature_2876,0.5885805731661408,False
feature_0949,0.5885651173524661,False
feature_1234,0.5885468608239007,False
feature_0844,0.5871867893974771,False
feature_1142,0.5867135740147746,False
feature_4885,0.5862633656745317,False
feature_3457,0.5862366840853577,False
feature_2323,0.5861364698102168,False
feature_1794,0.58570407382295,False
feature_4860,0.5827209671477007,False
feature_0977,0.5821714816590834,False
feature_4301,0.581990308391283,False
feature_2064,0.5816675069501402,False
feature_3573,0.5810598129184897,False
feature_4158,0.5807559004369284,False
feature_4258,0.5792802854793169,False
feature_5459,0.5775453005178717,False
feature_1125,0.5774196422378856,False
feature_0494,0.5769947601142265,False
feature_6138,0.574864364292724,False
feature_4782,0.5746013251068198,False
feature_3679,0.5741374015934494,False
feature_3293,0.5734093322974904,False
feature_1699,0.5733831303998784,False
feature_2788,0.5728488692697866,False
feature_1374,0.5725569530714343,False
feature_6100,0.5702760370098531,False
feature_1574,0.5697218412876794,False
feature_4284,0.5695768173097877,False
feature_5989,0.5694658809479262,False
feature_2061,0.5694592173467866,False
feature_1026,0.5691269851810531,False
feature_5035,0.5691187430870591,False
feature_3294,0.5687369121361316,False
feature_0388,0.5667194598606934,False
feature_0337,0.5660585954288866,False
feature_0458,0.5660292506145956,False
feature_4340,0.5658352241721903,False
feature_0242,0.5652347107195551,False
feature_1633,0.5640931407882772,False
feature_1955,0.5638664715312826,False
feature_2396,0.5638661692498099,False
feature_4374,0.5635099568418079,False
feature_2837,0.5623534928801418,False
feature_1975,0.562096747640764,False
feature_3515,0.5610187075781656,False
feature_4836,0.5608964194253426,False
feature_1543,0.5595989855446022,False
feature_3307,0.5589863867350966,False
feature_5581,0.5585338164874881,False
feature_0650,0.5585294511221706,False
feature_5866,0.5584976745874304,False
feature_4447,0.5584740275347709,False
feature_0934,0.5584238217141874,False
feature_4997,0.5583355866380768,False
feature_1038,0.5581146652492495,False
feature_2339,0.5575289782409346,False
feature_4648,0.5564181708477804,False
feature_2192,0.5551983299645525,False
feature_2955,0.5548786935940281,False
feature_0106,0.5545822555379166,False
feature_4891,0.55436782754674,False
feature_3644,0.5542010839492303,False
feature_5255,0.5535095960078013,False
feature_1670,0.5534853227641233,False
feature_4582,0.5529088185572092,False
feature_3106,0.5526686879173842,False
feature_3145,0.5524358491121433,False
feature_4551,0.5505971261155185,False
feature_4522,0.5502183513535899,False
feature_2889,0.5493986552112046,False
feature_0630,0.5489050006475918,False
feature_1499,0.5477301773590215,False
feature_3848,0.547262929322281,False
feature_1080,0.5468847554222531,False
feature_2251,0.5453513533893921,False
feature_5001,0.5431822939732016,False
feature_4165,0.5426229464178857,False
feature_5489,0.5424671705342217,False
feature_6592,0.5423207343401452,False
feature_0230,0.5418474537590328,False
feature_6097,0.5417995786276489,False
feature_0213,0.541431320585507,False
feature_4527,0.5412910729390309,False
feature_2055,0.5396069157587662,False
feature_0264,0.5390777148718591,False
feature_6538,0.538277006485054,False
feature_3836,0.536458022868419,False
feature_0597,0.5364179279484909,False
feature_5529,0.5363330965048478,False
feature_6086,0.5349240453710872,False
feature_0859,0.5342714733256461,False
feature_0646,0.5339390898173539,False
feature_3400,0.5338635825329914,False
feature_0710,0.5330324875949665,False
feature_2854,0.5325244816988367,False
feature_4776,0.5305092849391079,False
feature_1733,0.5304178739799301,False
feature_4120,0.5293299650114263,False
feature_1061,0.5286856924766726,False
feature_3468,0.5278758463512262,False
feature_3611,0.5278726811447899,False
feature_5195,0.5271652044294491,False
feature_5161,0.5266903130742732,False
feature_0573,0.525898137783858,False
feature_1664,0.5258700642029941,False
feature_1756,0.5250468346227922,False
feature_5896,0.5225863480490933,False
feature_3988,0.5225329396631797,False
feature_3354,0.5219104322957817,False
feature_4118,0.5218672117529604,False
feature_5360,0.5216845515532391,False
feature_1745,0.5216456460521935,False
feature_2979,0.5209441024406803,False
feature_4716,0.5206967091365908,False
feature_2304,0.5205056390304399,False
feature_2836,0.5198159970477212,False
feature_5556,0.519639628120507,False
feature_0694,0.5190954794283201,False
feature_5521,0.518785148327702,False
feature_3550,0.5181802891411811,False
feature_2742,0.5181373721114793,False
feature_4142,0.518093942168279,False
feature_0163,0.5180079899846782,False
feature_4261,0.5174266354300655,False
feature_2924,0.5174170013672077,False
feature_3463,0.5171340649904344,False
feature_2155,0.5170163215019491,False
feature_1697,0.5161380097614993,False
feature_4146,0.5143359410302634,False
feature_5924,0.5135772082153446,False
feature_2050,0.5134494517021132,False
feature_4772,0.5128282489709529,False
feature_3933,0.5123693736350051,False
feature_1062,0.5099063915424964,False
feature_2458,0.5095785593692772,False
feature_0405,0.5094777861665388,False
feature_5596,0.5090962346279063,False
feature_0204,0.5088256077121275,False
feature_2004,0.5068965850229651,False
feature_0552,0.5062897761600434,False
feature_6185,0.5061056026327444,False
feature_4326,0.5057446277877825,False
feature_5973,0.5049870653144729,False
feature_2656,0.5045279899790832,False
feature_5714,0.5043082016556107,False
feature_0682,0.503912149515819,False
feature_0952,0.5035331059026384,False
feature_0957,0.5028534068956748,False
feature_5049,0.5007010892423114,False
feature_4192,0.5002859700427511,False
feature_1824,0.4969930303763106,False
feature_5249,0.49641958033112954,False
feature_0061,0.4959569888856496,False
feature_2258,0.4951014212721466,False
feature_2289,0.49433972841059926,False
feature_6426,0.4933458257180759,False
feature_1876,0.49330003165340064,False
feature_3378,0.49250003116437885,False
feature_4835,0.49199052092648665,False
feature_0256,0.4917269763765101,False
feature_4338,0.491205559525356,False
feature_2907,0.4909345469448244,False
feature_4946,0.4905234969596389,False
feature_3193,0.4904695694928895,False
feature_3427,0.49006176551839953,False
feature_1812,0.49001993108834985,False
feature_1681,0.4896052764786888,False
feature_5442,0.48955040800072974,False
feature_0024,0.4892750047175294,False
feature_3722,0.4888295978597475,False
feature_5107,0.48872668688946047,False
feature_4010,0.4885979063366992,False
feature_0040,0.48813728078559687,False
feature_4595,0.48701463286102215,False
feature_1283,0.4868717822736188,False
feature_3435,0.4866128856315791,False
feature_3877,0.48606197292321773,False
feature_0341,0.485845525276735,False
feature_3614,0.48486163529625576,False
feature_2043,0.4847475556296049,False
feature_4833,0.48434835005045695,False
feature_2338,0.48415807106181774,False
feature_2609,0.4840758623665103,False
feature_2582,0.4836678600259008,False
feature_3823,0.4835551286295216,False
feature_3099,0.48320476008865426,False
feature_6347,0.4816629979489639,False
feature_3745,0.4814482331180606,False
feature_5771,0.481240055720118,False
feature_3910,0.48064143807946547,False
feature_0862,0.48063438659673563,False
feature_6475,0.4802871617104013,False
feature_6455,0.4798739086060252,False
feature_3131,0.4781553199759048,False
feature_0532,0.4773492408247454,False
feature_5659,0.4751617241042679,False
feature_4675,0.4742416358424585,False
feature_5396,0.47407669307315353,False
feature_2781,0.4737563620543491,False
feature_3000,0.4729928800329535,False
feature_2639,0.47295378178615216,False
feature_2494,0.4724375270343709,False
feature_6192,0.47140436048865775,False
feature_6397,0.47122429446734676,False
feature_2093,0.47021155682991117,False
feature_5224,0.46940101056765904,False
feature_3914,0.4687081419332409,False
feature_3746,0.4686532047335368,False
feature_0700,0.468550409643306,False
feature_2094,0.46780181122509307,False
feature_1891,0.466985954971317,False
feature_3579,0.4667368887205675,False
feature_3541,0.4665941338828485,False
feature_4210,0.46623301180809523,False
feature_2252,0.46481385287459337,False
feature_1314,0.4643473843248233,False
feature_5098,0.4642162860983537,False
feature_1666,0.46273586307400016,False
feature_6243,0.4624520560781164,False
feature_1353,0.4617725886838697,False
feature_4862,0.46100729551370295,False
feature_2154,0.46033674493101207,False
feature_3301,0.4600724024911739,False
feature_4708,0.4597510490615285,False
feature_6172,0.4591715667530472,False
feature_2470,0.45915607723256746,False
feature_0223,0.45789096656580247,False
feature_3860,0.4578089554793165,False
feature_4072,0.45770311377624434,False
feature_0524,0.4569062091803991,False
feature_3139,0.45655692629098776,False
feature_2389,0.45636063767601986,False
feature_5198,0.45634120451064303,False
feature_1747,0.4562868738843469,False
feature_0109,0.45626838721692053,False
feature_4857,0.4556678129724149,False
feature_2845,0.45558241777943637,False
feature_3632,0.45484547544356985,False
feature_0457,0.45480494166277724,False
feature_2506,0.45477865179881954,False
feature_0445,0.4542813571978741,False
feature_0731,0.45404851395497303,False
feature_4125,0.45387580742554356,False
feature_4089,0.4526061904007979,False
feature_5781,0.4526011519615029,False
feature_0277,0.4523992992775915,False
feature_5809,0.4520485927331821,False
feature_1440,0.4519042803367814,False
feature_3202,0.4516949321552,False
feature_6196,0.4512296577148366,False
feature_5086,0.45078492112695967,False
feature_1415,0.4506476705684818,False
feature_2911,0.4502849854997044,False
feature_5479,0.44991844074225734,False
feature_4220,0.44988020785388866,False
feature_4318,0.4496370991000216,False
feature_3837,0.4494404767729373,False
feature_4042,0.4486698522787989,False
feature_4797,0.44851749856637885,False
feature_1540,0.44766671879873743,False
feature_1797,0.4470631073517906,False
feature_0741,0.44660091952218023,False
feature_5355,0.4453306211529073,False
feature_2491,0.44507850325754617,False
feature_0728,0.4443951249802093,False
feature_6020,0.44405055841662955,False
feature_2376,0.4435926609463642,False
feature_4101,0.4425118436102156,False
feature_0238,0.44247142772732256,False
feature_2023,0.44197379911652984,False
feature_3079,0.44165440069546047,False
feature_4400,0.44068142365431545,False
feature_4293,0.4394324150300177,False
feature_5958,0.4389017833971508,False
feature_2572,0.43805960294651086,False
feature_5155,0.4379445170559049,False
feature_4533,0.4373781465277023,False
feature_4991,0.43606142364772355,False
feature_0820,0.4360104541339573,False
feature_0704,0.4357183952647578,False
feature_6099,0.4341188005948662,False
feature_3403,0.43400279504274475,False
feature_6507,0.43337478653804745,False
feature_4382,0.43332221425178896,False
feature_0141,0.4331507188714139,False
feature_0773,0.4328749223107699,False
feature_4815,0.43217198950528274,False
feature_2949,0.43199578206802713,False
feature_4919,0.43145281116940304,False
feature_0116,0.43061285387758796,False
feature_5069,0.43006279277186565,False
feature_4838,0.42977650853283694,False
feature_5031,0.429187209876408,False
feature_5340,0.42893315883626765,False
feature_5687,0.4284565708845521,False
feature_2231,0.42802178208399627,False
feature_2186,0.42775159165325466,False
feature_2044,0.427053955367351,False
feature_1102,0.4266981047062843,False
feature_4403,0.42568525221663694,False
feature_3755,0.42450604659596347,False
feature_5200,0.42435493341797936,False
feature_1662,0.4241587822059644,False
feature_4793,0.4240058675764769,False
feature_1721,0.42379255716287373,False
feature_1321,0.4234896992788678,False
feature_1792,0.4234570207005341,False
feature_6547,0.42289223658845665,False
feature_5174,0.4228293077593837,False
feature_4287,0.422571273835917,False
feature_2708,0.42255651256107823,False
feature_1442,0.421469459766526,False
feature_1372,0.4209245839467819,False
feature_0891,0.4207711766260624,False
feature_0806,0.4203346138925142,False
feature_2612,0.4200901195736253,False
feature_5228,0.41972359780131924,False
feature_5502,0.4192372723553463,False
feature_4419,0.41904623190546403,False
feature_4207,0.41904399385776825,False
feature_6258,0.4188827388417347,False
feature_2139,0.4188354624167398,False
feature_4451,0.4187829535837643,False
feature_2802,0.4187003103217365,False
feature_2816,0.4185833930205736,False
feature_6573,0.41789739302797335,False
feature_5312,0.41771416376752013,False
feature_1892,0.41715068914151854,False
feature_6513,0.41711979201958754,False
feature_4878,0.41703239194811065,False
feature_5952,0.41598212219543246,False
feature_6044,0.41562099763401417,False
feature_2194,0.41561403896879606,False
feature_3438,0.4145192041839767,False
feature_5594,0.41411575168068915,False
feature_3013,0.4138916950398978,False
feature_2540,0.41255684180245356,False
feature_6047,0.41230858581739266,False
feature_3940,0.41215518745405705,False
feature_1482,0.4119285717354704,False
feature_2985,0.4113972258072415,False
feature_2697,0.4108105456403206,False
feature_0887,0.4107031335285983,False
feature_0586,0.4101472297392887,False
feature_3376,0.4096952262332157,False
feature_3648,0.4094869467906699,False
feature_2227,0.40921199106691797,False
feature_1813,0.4085125850996977,False
feature_2482,0.4084609318847138,False
feature_1512,0.40814852093211684,False
feature_4471,0.40805715552826,False
feature_1034,0.4068580799952556,False
feature_3911,0.40683259247621684,False
feature_5335,0.4066887962286116,False
feature_1830,0.40563680004911734,False
feature_3140,0.4052883448169451,False
feature_0385,0.4052625582041537,False
feature_4209,0.40522643539662745,False
feature_4234,0.40470258365424694,False
feature_1502,0.4042949231116693,False
feature_2204,0.404260856844363,False
feature_1261,0.40322376364298007,False
feature_0686,0.40186398334936857,False
feature_0137,0.4017743240995176,False
feature_3053,0.4011798635478524,False
feature_3856,0.40105728212938424,False
feature_4144,0.4007162232905978,False
feature_4059,0.40006333429519336,False
feature_0180,0.40005992882483105,False
feature_5447,0.3997591903955277,False
feature_3808,0.3975515563624945,False
feature_3568,0.39706349793254664,False
feature_3932,0.3966986242357857,False
feature_2948,0.3965984880016585,False
feature_2903,0.3962072238317934,False
feature_4589,0.3959339032102504,False
feature_1763,0.39563142731247697,False
feature_1230,0.3951728023934703,False
feature_6363,0.39505499589980353,False
feature_4680,0.3941094519150932,False
feature_0695,0.3931092350390208,False
feature_0043,0.39250742665917876,False
feature_0466,0.39239504588066726,False
feature_5473,0.3916985187723337,False
feature_3037,0.3914331690217776,False
feature_1411,0.39143096678983924,False
feature_1345,0.3906313018835743,False
feature_3844,0.3902563120817961,False
feature_2824,0.390203409460927,False
feature_2529,0.389951045284353,False
feature_1742,0.38987387373519766,False
feature_2841,0.3895306977385982,False
feature_5897,0.38941997141813967,False
feature_1319,0.38935670696190006,False
feature_6417,0.3893347416397088,False
feature_5291,0.3890682748056255,False
feature_5166,0.3887877108708972,False
feature_3725,0.38875976242868915,False
feature_3290,0.3886473923793429,False
feature_6502,0.38812498405057955,False
feature_4802,0.3879632860665438,False
feature_5910,0.387767785419112,False
feature_6557,0.38752164861220745,False
feature_1594,0.3866425157177039,False
feature_4414,0.3860952055129243,False
feature_0846,0.38560674778823734,False
feature_5449,0.38402408046803527,False
feature_1564,0.38400885231627024,False
feature_0823,0.38302198362485096,False
feature_5662,0.3827741407494627,False
feature_2930,0.38237654111495684,False
feature_1256,0.38196815361809944,False
feature_6549,0.38176202533370374,False
feature_0926,0.38156262264208657,False
feature_1043,0.38153275557651184,False
feature_1634,0.3814615805674938,False
feature_3332,0.38089149474383927,False
feature_2809,0.38060689433137584,False
feature_0001,0.38031674071949706,False
feature_0852,0.3801859462406747,False
feature_2014,0.38008384723811184,False
feature_6128,0.3797032318584861,False
feature_5709,0.37825660607874634,False
feature_0543,0.37820848295044035,False
feature_5684,0.3775544454770661,False
feature_0495,0.37671806264479896,False
feature_1202,0.3758202289913961,False
feature_1187,0.3754677205848385,False
feature_6144,0.37526432098431645,False
feature_5776,0.37493962023252886,False
feature_5806,0.3747391910140636,False
feature_3345,0.373493319303719,False
feature_2255,0.37314588371645513,False
feature_5553,0.37271487942983117,False
feature_4845,0.37267305628606007,False
feature_6109,0.372496402518721,False
feature_5930,0.37185615764274343,False
feature_4327,0.3715578879950691,False
feature_4026,0.3714529628076684,False
feature_4041,0.3704615474067731,False
feature_5215,0.3704588904405123,False
feature_3978,0.37029289368555013,False
feature_0736,0.3699044192612446,False
feature_4759,0.3698187997323004,False
feature_0202,0.36943606924788347,False
feature_0490,0.36935160433544634,False
feature_4896,0.3692405657704445,False
feature_4909,0.3685240153299572,False
feature_5258,0.3685137197907525,False
feature_5626,0.36796441017093084,False
feature_5308,0.3674468973279901,False
feature_0578,0.3656493618248907,False
feature_3519,0.3655210746043076,False
feature_0822,0.3651077441710344,False
feature_5411,0.3645383907909994,False
feature_5705,0.36379020253327443,False
feature_5888,0.3629043911312705,False
feature_1154,0.36284473419380375,False
feature_5061,0.36268698920047293,False
feature_6300,0.3626688784524154,False
feature_0956,0.3616810584653145,False
feature_4442,0.36150076403787856,False
feature_2636,0.36142036819979634,False
feature_4191,0.3613756911306787,False
feature_5120,0.3604571074590367,False
feature_1473,0.36019339028830305,False
feature_0253,0.3596395597376547,False
feature_2191,0.35908887322302335,False
feature_1458,0.35907848915027096,False
feature_0427,0.35901659676463293,False
feature_2120,0.35879051546192237,False
feature_4402,0.35792505368261646,False
feature_6021,0.3569270527615696,False
feature_4148,0.3565113542173513,False
feature_2488,0.3558782901524064,False
feature_2332,0.35350692613753515,False
feature_5465,0.35277455406352975,False
feature_5914,0.3524958557350609,False
feature_3732,0.3524375342467568,False
feature_6555,0.35243452453739565,False
feature_3686,0.3524117786327547,False
feature_5990,0.3520701217339779,False
feature_1432,0.35164106661947014,False
feature_3320,0.35125897883179213,False
feature_1416,0.3505061053271746,False
feature_0377,0.35047326538418583,False
feature_0963,0.3498797711704439,False
feature_5493,0.34952676633908913,False
feature_1217,0.34886389676948576,False
feature_3119,0.3485547472493802,False
feature_1243,0.3485189614926675,False
feature_0153,0.34822855683860043,False
feature_0739,0.34818086570831325,False
feature_0041,0.3480409308444336,False
feature_3381,0.34615097381240734,False
feature_2904,0.3439794802021708,False
feature_6024,0.3437831402753034,False
feature_4706,0.34361337453218527,False
feature_3104,0.3429051975038262,False
feature_6280,0.34251918380656804,False
feature_6356,0.3422379871824588,False
feature_5287,0.34143603298018926,False
feature_4596,0.34096719930603764,False
feature_2369,0.34051073836885126,False
feature_5374,0.3404485197045664,False
feature_3673,0.3403141733620852,False
feature_4469,0.34009026257287966,False
feature_3439,0.3395869011878081,False
feature_6011,0.3393376085633983,False
feature_0910,0.3390173262325103,False
feature_4065,0.33899096905107934,False
feature_0214,0.33857579377751296,False
feature_6262,0.3383496314700487,False
feature_5720,0.3383205077071739,False
feature_3833,0.3381464147583689,False
feature_3242,0.33814357102338816,False
feature_2713,0.33792817821812093,False
feature_3092,0.33748320865508497,False
feature_1334,0.3366848173288531,False
feature_4088,0.3360391205915558,False
feature_2207,0.3353389841294375,False
feature_3444,0.33523431410782345,False
feature_5578,0.33497805378759143,False
feature_0742,0.33451750470973124,False
feature_1905,0.3341109451517219,False
feature_4002,0.33385976939515954,False
feature_3120,0.3335911479078463,False
feature_4671,0.3332159805994284,False
feature_0430,0.3329188556507349,False
feature_1207,0.3328347692403003,False
feature_2857,0.33223321276484624,False
feature_0960,0.3316557267209139,False
feature_2756,0.331301422484404,False
feature_5658,0.33078929087031345,False
feature_0437,0.3305630142036163,False
feature_4225,0.3304797538806618,False
feature_3504,0.33045495068299097,False
feature_4432,0.3304051941372674,False
feature_2253,0.33029965002964634,False
feature_3328,0.33000973114008875,False
feature_0410,0.32999543512478674,False
feature_3164,0.3294513190973252,False
feature_0718,0.32943987782358847,False
feature_0575,0.3286647122674871,False
feature_5286,0.32736204103636823,False
feature_6340,0.3273605552040425,False
feature_4227,0.3270228158211449,False
feature_5433,0.3264743781520451,False
feature_4274,0.32642288478561493,False
feature_6447,0.32465836685055666,False
feature_5186,0.3243389929068881,False
feature_5820,0.32414907948331184,False
feature_0915,0.3240700582377379,False
feature_2364,0.3239601273772835,False
feature_4571,0.3232459749853307,False
feature_0117,0.32180941331490037,False
feature_2038,0.3206697003640885,False
feature_0673,0.3202550616566276,False
feature_5902,0.32002096928650264,False
feature_0289,0.31904375059201817,False
feature_1678,0.3182553129107001,False
feature_2484,0.31814411529254116,False
feature_1225,0.31693649245741584,False
feature_0754,0.3161856359508451,False
feature_4282,0.3159515264433714,False
feature_3789,0.3157853100852133,False
feature_5318,0.3156885991964409,False
feature_1882,0.3155686226301765,False
feature_5595,0.31519560942552216,False
feature_3621,0.31504243737265697,False
feature_3116,0.31462893238780715,False
feature_0380,0.31387090429637965,False
feature_1039,0.31384079161307926,False
feature_0775,0.31353474534115133,False
feature_1429,0.31214728486094917,False
feature_3883,0.3117211039935238,False
feature_2218,0.31122021859245913,False
feature_2959,0.31074399930096114,False
feature_2406,0.31038342321010226,False
feature_5446,0.3094867863850778,False
feature_2246,0.3089349023882438,False
feature_2515,0.30803101425880075,False
feature_6453,0.3070219271030283,False
feature_2413,0.3066992171706693,False
feature_1128,0.30666221514036685,False
feature_4779,0.3066048727885485,False
feature_2346,0.30513622903131205,False
feature_4879,0.30501603250659376,False
feature_2626,0.3049862333492513,False
feature_1022,0.3042580112709109,False
feature_6545,0.3040312643622962,False
feature_1617,0.3037759113628809,False
feature_3498,0.3036909587172554,False
feature_6355,0.3030236442447805,False
feature_2089,0.30267117718489933,False
feature_0155,0.30178129554650585,False
feature_2480,0.3017750143903454,False
feature_6341,0.3015053276990853,False
feature_1887,0.3014905217851784,False
feature_6264,0.3005560496732584,False
feature_3196,0.3003227646663685,False
feature_6250,0.2995755134721733,False
feature_1925,0.2994526166819835,False
feature_3341,0.2990261095279169,False
feature_2991,0.29884899422393146,False
feature_3858,0.2988328392582989,False
feature_3430,0.29838602451762913,False
feature_3647,0.2968335104643802,False
feature_0058,0.2966843622020054,False
feature_6412,0.29668334621237985,False
feature_3384,0.29584567986112137,False
feature_1370,0.2955959791728166,False
feature_2844,0.2955234070234765,False
feature_6066,0.29487946471082244,False
feature_5698,0.29361471869359107,False
feature_3241,0.29260070033348706,False
feature_2137,0.2925884148553156,False
feature_1203,0.2922876808191183,False
feature_5331,0.2917380688931564,False
feature_0851,0.291532056576631,False
feature_0577,0.291002008966747,False
feature_2390,0.2907961711222738,False
feature_6194,0.2899093793013785,False
feature_0685,0.2895501713742229,False
feature_0847,0.2893292617024851,False
feature_5461,0.2892945883934082,False
feature_1604,0.289180751395786,False
feature_1390,0.2887642477309363,False
feature_6503,0.2885506103353698,False
feature_4302,0.2868845935552195,False
feature_5463,0.28685921774767636,False
feature_1199,0.2865766276799288,False
feature_0546,0.2858369543382713,False
feature_2485,0.2857922393036099,False
feature_3162,0.2855791169063707,False
feature_4015,0.28538606824598867,False
feature_1495,0.28445305927967496,False
feature_1785,0.2839293177008762,False
feature_1735,0.28327618430402873,False
feature_6414,0.2828365364885248,False
feature_0314,0.2824162828825383,False
feature_2431,0.28209583428966506,False
feature_0339,0.2813197163154353,False
feature_3153,0.28115746743632475,False
feature_3954,0.28104872071573217,False
feature_4195,0.2805537502688721,False
feature_0890,0.27885516694915813,False
feature_5375,0.278147380553397,False
feature_0830,0.2777154514564675,False
feature_1791,0.2776616736962109,False
feature_4392,0.2773910267825747,False
feature_6220,0.277354489943195,False
feature_4837,0.27713133219915304,False
feature_2122,0.2770437444589077,False
feature_6006,0.2770018061939592,False
feature_3322,0.2768893232013407,False
feature_5417,0.2758531661730151,False
feature_3016,0.27552224902946626,False
feature_3030,0.2755206088278692,False
feature_5199,0.2749180683373171,False
feature_4787,0.27449109307988967,False
feature_2479,0.27447596869557694,False
feature_4811,0.2742730116955233,False
feature_2437,0.2741762322962173,False
feature_5147,0.2740396219933509,False
feature_0129,0.2740039241937287,False
feature_2942,0.2734181214002036,False
feature_1746,0.27322800226936084,False
feature_0950,0.2726820838581871,False
feature_1317,0.271900412452154,False
feature_2400,0.27186735344117285,False
feature_3012,0.2709163120192089,False
feature_0953,0.27038304319912965,False
feature_6462,0.2696643997660037,False
feature_0761,0.269538284518169,False
feature_2556,0.26801352929625144,False
feature_2010,0.26736021692928735,False
feature_2801,0.26728606455276693,False
feature_4031,0.26712253115393575,False
feature_1244,0.2670532411878425,False
feature_1422,0.2664182855962881,False
feature_3259,0.2662152539006745,False
feature_3442,0.26598336487854585,False
feature_0613,0.26583297154841007,False
feature_5434,0.2657506097197997,False
feature_5406,0.2651429225605376,False
feature_1577,0.26454962203948834,False
feature_3875,0.2638469740533411,False
feature_6233,0.2637036435932772,False
feature_1446,0.26354086379531866,False
feature_3562,0.2630056045843665,False
feature_0331,0.26296444584816486,False
feature_4940,0.2626027561345575,False
feature_3571,0.2624979580247411,False
feature_2071,0.262298215506748,False
feature_4639,0.2617331551623155,False
feature_3038,0.2614735809237275,False
feature_1057,0.2614499522224805,False
feature_5154,0.2612837961380226,False
feature_5926,0.2611905606766529,False
feature_5909,0.26014006248299115,False
feature_4967,0.25979657615715923,False
feature_6473,0.25873485659924295,False
feature_0420,0.2583034244721589,False
feature_4481,0.2575735030482933,False
feature_4430,0.2573878133952391,False
feature_2407,0.2572360507380969,False
feature_4544,0.25713386200708227,False
feature_5307,0.2570351455775778,False
feature_5763,0.25666726034961274,False
feature_1150,0.25650441529691537,False
feature_4022,0.25635818027767177,False
feature_4443,0.25624293227979933,False
feature_2968,0.25590198387044083,False
feature_2450,0.2556987691827099,False
feature_5487,0.25487006667949214,False
feature_4160,0.2545499397015513,False
feature_4372,0.254299537317682,False
feature_5176,0.2540805026241584,False
feature_2209,0.25379405791142645,False
feature_4952,0.25367202512634124,False
feature_1066,0.2536059166917846,False
feature_2183,0.2535744787122162,False
feature_3530,0.25280020309305096,False
feature_2516,0.2524189403447302,False
feature_0184,0.25217945594332486,False
feature_5068,0.25210304837452807,False
feature_0620,0.25194389581470167,False
feature_3630,0.25081806386903427,False
feature_1663,0.2505007445666163,False
feature_0173,0.2504150161628542,False
feature_4748,0.2502833254500176,False
feature_2425,0.24990312551011104,False
feature_6510,0.2496931328929047,False
feature_3084,0.24968900372022473,False
feature_4942,0.24902513341867877,False
feature_2943,0.24856109863104894,False
feature_1915,0.2485551068878586,False
feature_6327,0.24834194581614458,False
feature_5329,0.24823491646910154,False
feature_4870,0.24808511808267006,False
feature_6064,0.24776965112879207,False
feature_0428,0.24677599974381287,False
feature_0827,0.246771648420408,False
feature_0318,0.24639857873100257,False
feature_5208,0.24601975477051177,False
feature_3369,0.24596173124026882,False
feature_5299,0.24564100138643624,False
feature_1302,0.2456128675224032,False
feature_4842,0.24483127466385737,False
feature_1037,0.24465757395942206,False
feature_3774,0.2439299309700717,False
feature_0566,0.24313313027383648,False
feature_0667,0.24302502352239788,False
feature_0006,0.24297073031911515,False
feature_0866,0.24238631664300633,False
feature_0336,0.24232206953708416,False
feature_4726,0.24222592619290265,False
feature_1703,0.24121833008010152,False
feature_3646,0.2410433328402758,False
feature_1389,0.2398200713394672,False
feature_2987,0.2396392031394092,False
feature_3407,0.23915163150707824,False
feature_5365,0.23907573786222233,False
feature_5160,0.23863770955843977,False
feature_2757,0.23799708758124263,False
feature_0648,0.23728436069730455,False
feature_2357,0.23722965340456817,False
feature_1855,0.23710394379148866,False
feature_5265,0.23701960302507757,False
feature_6022,0.23626298530323342,False
feature_0674,0.23625454799593817,False
feature_4067,0.23592336191342664,False
feature_0940,0.23578845744516122,False
feature_0892,0.235750562459085,False
feature_2460,0.23528604413953957,False
feature_0634,0.23504285447717976,False
feature_4856,0.23500696682060018,False
feature_0780,0.23458254486865282,False
feature_2414,0.2329171623294633,False
feature_0920,0.2310449817093209,False
feature_2539,0.2308586506491513,False
feature_3961,0.23071452735137463,False
feature_5874,0.23055283654843275,False
feature_1480,0.23023972704373769,False
feature_0447,0.22902026281930848,False
feature_5505,0.22892244133984468,False
feature_1343,0.22879157042856593,False
feature_3436,0.22863740858124715,False
feature_0004,0.22859466497919873,False
feature_0600,0.2284562771230433,False
feature_5881,0.228408825576252,False
feature_6377,0.22840223322776443,False
feature_2075,0.22763851273846689,False
feature_4241,0.22740751875784587,False
feature_4467,0.22725905214685177,False
feature_0838,0.22711705903580595,False
feature_4017,0.2263528988435629,False
feature_1628,0.2262550728224925,False
feature_0093,0.22570836821111237,False
feature_0922,0.22498206071393864,False
feature_5540,0.22382235784111043,False
feature_4203,0.22360444149380648,False
feature_3913,0.22338765648872708,False
feature_6036,0.2233708009238977,False
feature_6393,0.22302957084373037,False
feature_2205,0.222668560530143,False
feature_1447,0.22222300979814397,False
feature_2850,0.22123392980651552,False
feature_2453,0.22059275386115357,False
feature_1709,0.22008149820728254,False
feature_4634,0.2191430272125075,False
feature_0580,0.21875219760458345,False
feature_0734,0.2185110181805264,False
feature_0687,0.2183735375850519,False
feature_5272,0.2179005040229486,False
feature_5939,0.21737395161479522,False
feature_3057,0.21689759744442338,False
feature_5432,0.21677083970499592,False
feature_5764,0.2166740616321305,False
feature_2451,0.21661972585838662,False
feature_3665,0.216547688657894,False
feature_2538,0.21606184138310416,False
feature_4774,0.21556026661004002,False
feature_2620,0.21357784426818985,False
feature_1640,0.2132546721765064,False
feature_0033,0.2131564045054374,False
feature_6183,0.21304937020197898,False
feature_1185,0.2126283921060915,False
feature_4650,0.21247235886784072,False
feature_6464,0.21189354190219115,False
feature_1877,0.21177433867506246,False
feature_3275,0.21158723398579068,False
feature_2473,0.21123617661368344,False
feature_5178,0.2110448299533099,False
feature_4486,0.21073480650273008,False
feature_4985,0.21070433424539928,False
feature_3374,0.2105096793099139,False
feature_6314,0.21008335557177443,False
feature_3118,0.21002522849968236,False
feature_2202,0.2099236784097689,False
feature_5637,0.20893875581316482,False
feature_1690,0.20890694697004553,False
feature_0358,0.20887819878660807,False
feature_1931,0.20850087493632322,False
feature_3563,0.2082175740400682,False
feature_5074,0.20815186992535412,False
feature_4661,0.20787804803902646,False
feature_4242,0.2076710856332707,False
feature_6470,0.20751272411659324,False
feature_0800,0.206523713766944,False
feature_4926,0.2063822720121293,False
feature_2170,0.2062746789681181,False
feature_6481,0.20578523011200422,False
feature_1924,0.2056604112717061,False
feature_6206,0.2055384591856029,False
feature_3862,0.20409064567829596,False
feature_0784,0.20373421247083126,False
feature_5121,0.2034708431433424,False
feature_1000,0.20298303766561854,False
feature_4218,0.20295338770166504,False
feature_3737,0.20144987708938455,False
feature_6017,0.20143755479887432,False
feature_6180,0.20085980424369812,False
feature_3902,0.20082043014788262,False
feature_0652,0.20064500570321342,False
feature_0906,0.20055056565254833,False
feature_1943,0.20044459657255365,False
feature_2964,0.2004224015997048,False
feature_2950,0.20040212893926873,False
feature_1280,0.19964143589659056,False
feature_5282,0.1991228464423048,False
feature_1777,0.19837319256535255,False
feature_2123,0.19803561270425957,False
feature_3734,0.19751346793848348,False
feature_4035,0.19733856570358038,False
feature_2312,0.19694555299956856,False
feature_5891,0.19692998426922925,False
feature_2703,0.1969015758908115,False
feature_0396,0.19683229272010888,False
feature_0263,0.19676389277671263,False
feature_1360,0.196704024759412,False
feature_3726,0.1963229442567699,False
feature_6214,0.19610607591414966,False
feature_0297,0.19571664507946893,False
feature_5095,0.194652772293623,False
feature_5770,0.19395526214435788,False
feature_4875,0.19313969150699223,False
feature_1953,0.19299861535998983,False
feature_6089,0.1929936273208388,False
feature_6451,0.19291677366931995,False
feature_3019,0.19286666817883205,False
feature_0284,0.19260182715042348,False
feature_1174,0.19257252310392237,False
feature_0726,0.1920716125534351,False
feature_2827,0.19188930700620788,False
feature_2519,0.19186571893835144,False
feature_3495,0.191695601866379,False
feature_4743,0.1913763479796864,False
feature_5756,0.19128966257196042,False
feature_5875,0.1909687708814684,False
feature_0042,0.19068853135285926,False
feature_5707,0.19064948920402136,False
feature_5460,0.19028310125950748,False
feature_4935,0.19014330617430392,False
feature_6068,0.18985683253746946,False
feature_1652,0.18970489750201627,False
feature_2663,0.18959888330270835,False
feature_2870,0.18951806251454734,False
feature_1803,0.1894025843731065,False
feature_2039,0.18935068295078905,False
feature_4176,0.18927542021411747,False
feature_1045,0.1891850718269343,False
feature_0279,0.18910044705456072,False
feature_1693,0.18731656832793686,False
feature_6216,0.18710286049904287,False
feature_4827,0.18677639662357132,False
feature_4688,0.18641114363755354,False
feature_1573,0.18620063923159472,False
feature_0789,0.18551264373919724,False
feature_3900,0.1854413751695824,False
feature_6433,0.18536672366040596,False
feature_5055,0.18526632461917913,False
feature_5151,0.18526373792308842,False
feature_1675,0.18523115385807934,False
feature_2278,0.18480460141357624,False
feature_3434,0.18434745740654768,False
feature_5526,0.18433842238157416,False
feature_1322,0.18422608200830698,False
feature_0038,0.18420581740162875,False
feature_0366,0.1842001781448019,False
feature_3011,0.1841236001841594,False
feature_1250,0.1835939186256668,False
feature_1219,0.1835189264690215,False
feature_0907,0.183181874147912,False
feature_4526,0.18286234386421588,False
feature_0079,0.18255459297792398,False
feature_6110,0.18252360940927478,False
feature_1464,0.18170830311446712,False
feature_3134,0.18138112565415876,False
feature_3698,0.1812377204670557,False
feature_5153,0.1811064137950255,False
feature_4291,0.1804481039241949,False
feature_4667,0.1803277900094971,False
feature_6030,0.18018080386172988,False
feature_4188,0.17974604261992197,False
feature_1976,0.1792939061652024,False
feature_2248,0.17914405396699393,False
feature_3912,0.179139790493115,False
feature_5515,0.1791078345585775,False
feature_0464,0.17907562204891125,False
feature_1063,0.17884372243605728,False
feature_4377,0.17821463771121232,False
feature_4924,0.1778778376432313,False
feature_6012,0.17781126278108667,False
feature_0171,0.17780286559432557,False
feature_2696,0.17773594411966573,False
feature_5025,0.17674587339546952,False
feature_2429,0.17643987103555875,False
feature_3451,0.17636662837704462,False
feature_1893,0.17612378774976417,False
feature_0095,0.176028449667919,False
feature_4307,0.17594340569751812,False
feature_6353,0.17588245663303467,False
feature_1443,0.17546078165567516,False
feature_6309,0.1753458516457256,False
feature_5342,0.17530927013037573,False
feature_3175,0.17468441557304468,False
feature_1461,0.17459791951380427,False
feature_0190,0.17428935803168588,False
feature_6372,0.1741576942118956,False
feature_1007,0.1740982131313096,False
feature_2917,0.17362985948804033,False
feature_5971,0.17354737163865208,False
feature_6408,0.17350598929715055,False
feature_0777,0.17342529949611354,False
feature_3502,0.17299961245964435,False
feature_2176,0.17277459964113048,False
feature_2358,0.1726687793911928,False
feature_1800,0.17211669246648542,False
feature_5183,0.17207182899592574,False
feature_5034,0.17205239040785447,False
feature_3148,0.17187639307443375,False
feature_4424,0.1714865560014939,False
feature_2189,0.17141904940031338,False
feature_5933,0.17118852950556404,False
feature_6450,0.17118719964824747,False
feature_4633,0.17082615993641795,False
feature_4568,0.17034017581673971,False
feature_2863,0.170301010513142,False
feature_2752,0.1702480023138037,False
feature_6176,0.16962539664677995,False
feature_0557,0.16946687057385879,False
feature_3981,0.1685209420723272,False
feature_6526,0.16819373152894826,False
feature_6537,0.1680134886657644,False
feature_4829,0.16771639630070992,False
feature_2173,0.16757669330574557,False
feature_2659,0.16750353855399455,False
feature_1692,0.16693775340818925,False
feature_1992,0.16673005159628615,False
feature_5520,0.1653715822638912,False
feature_6584,0.16496228815393793,False
feature_3317,0.16401919270084775,False
feature_5400,0.16398939771568027,False
feature_5844,0.16386785932737158,False
feature_0278,0.16304166889142782,False
feature_3361,0.16246079252717527,False
feature_4914,0.16226297645597937,False
feature_6236,0.1618924479746872,False
feature_1933,0.16135726099868042,False
feature_5054,0.16101374406852853,False
feature_2040,0.160766302623065,False
feature_5660,0.16074241111900905,False
feature_5935,0.16067534953849535,False
feature_3952,0.16057375753467718,False
feature_0923,0.16054012027910022,False
feature_0955,0.16030732419746477,False
feature_2858,0.15981403439111216,False
feature_0966,0.15956396263154413,False
feature_3394,0.15931933915515753,False
feature_5462,0.15887436769274976,False
feature_5300,0.15886984182919997,False
feature_2174,0.1587368848278718,False
feature_3976,0.15847634282590847,False
feature_3258,0.1576568601021033,False
feature_0515,0.15709304403581778,False
feature_1537,0.1569471609452683,False
feature_4888,0.15683997142957956,False
feature_1585,0.15668652497128285,False
feature_5963,0.15631916517129635,False
feature_5241,0.15599357966428826,False
feature_2007,0.15515775090029865,False
feature_1090,0.15510397719170368,False
feature_4903,0.1549659619669807,False
feature_5020,0.15466889024330832,False
feature_4543,0.1546461356151479,False
feature_3112,0.15454046913873787,False
feature_3488,0.15437865177916543,False
feature_0426,0.15409334238248895,False
feature_1281,0.15384980896516492,False
feature_4519,0.1535158879191479,False
feature_4547,0.15318083689681664,False
feature_5419,0.15291701228447843,False
feature_5236,0.1528560126665651,False
feature_4769,0.15271471180313734,False
feature_4024,0.1522804688139708,False
feature_3168,0.1512052647258943,False
feature_5156,0.15009029570456991,False
feature_0086,0.1500226105367657,False
feature_4915,0.14992963387518282,False
feature_2690,0.14982807633148043,False
feature_0065,0.14911172662213312,False
feature_3054,0.1487990432606504,False
feature_2689,0.14858187392354152,False
feature_1330,0.14822782165384032,False
feature_2118,0.1481316347579373,False
feature_3015,0.1476367336398398,False
feature_1355,0.1473193188909902,False
feature_3387,0.14728168915160483,False
feature_6115,0.14644874010270856,False
feature_0029,0.14631716414711876,False
feature_1109,0.14627677036358375,False
feature_6515,0.14610958304243565,False
feature_5946,0.14462665223545532,False
feature_4559,0.14427572749044176,False
feature_2780,0.14414318669543014,False
feature_0786,0.1440115389283476,False
feature_0722,0.14363921245253655,False
feature_6291,0.14360063650329916,False
feature_4970,0.14359072838631196,False
feature_1588,0.14303806015962928,False
feature_2124,0.1427954098712515,False
feature_1996,0.14256504974689377,False
feature_2755,0.14180669807414617,False
feature_2956,0.14179380437003924,False
feature_1036,0.14119492082403998,False
feature_5992,0.1405344704621479,False
feature_6272,0.140072143906702,False
feature_1077,0.13917130819267892,False
feature_4179,0.13912065942804683,False
feature_0102,0.13911547534038224,False
feature_3667,0.13853018916852208,False
feature_3589,0.13805926296903762,False
feature_6225,0.13789212343596782,False
feature_5695,0.13752159578881232,False
feature_4465,0.13733988884370102,False
feature_1753,0.13708142866115997,False
feature_3360,0.13681925770480152,False
feature_0883,0.1366095202503127,False
feature_1503,0.13595463109670933,False
feature_3593,0.13588828990477533,False
feature_5528,0.13573213328764916,False
feature_3989,0.1355293722006634,False
feature_4742,0.13549976887829646,False
feature_4114,0.1354131640860562,False
feature_2388,0.1349829316350281,False
feature_5908,0.13464559708267,False
feature_3462,0.13462240713211812,False
feature_0386,0.13433117408560488,False
feature_6279,0.1343134791206685,False
feature_3176,0.13430417517671062,False
feature_2758,0.13401801298401217,False
feature_4286,0.13394455752280546,False
feature_4130,0.13383570734851616,False
feature_1301,0.13367829102047263,False
feature_0308,0.13364538073347437,False
feature_4725,0.1333147845009592,False
feature_2360,0.13306104623096165,False
feature_4314,0.1329308834925494,False
feature_0295,0.1329145642384892,False
feature_0265,0.13234026105965588,False
feature_1167,0.1322632691411871,False
feature_0702,0.13218363257494875,False
feature_5322,0.13203319244384912,False
feature_0712,0.13198320997267995,False
feature_1680,0.13196440233072587,False
feature_4567,0.1316927146877516,False
feature_3706,0.13142778373917247,False
feature_3090,0.13138936658619485,False
feature_2386,0.13130981942629885,False
feature_5214,0.13127850533909388,False
feature_4976,0.13112748884620065,False
feature_3806,0.13097750515802586,False
feature_4058,0.1305935159229315,False
feature_5289,0.13012692148197702,False
feature_0039,0.13012550109752427,False
feature_5348,0.13009090439841964,False
feature_1336,0.12996738195889576,False
feature_6410,0.1298424741674665,False
feature_4129,0.12897642705650422,False
feature_3386,0.12886917373906318,False
feature_1561,0.12843705031187275,False
feature_5725,0.12838565295989632,False
feature_6087,0.12830333820525736,False
feature_1315,0.1277486540580793,False
feature_1135,0.12749277914249088,False
feature_3730,0.12740277213322476,False
feature_1313,0.12727990974179587,False
feature_6389,0.1264234070402075,False
feature_1950,0.12632134817641388,False
feature_0167,0.12597393342375132,False
feature_4844,0.12591948864294167,False
feature_0579,0.1253181099443286,False
feature_1015,0.12504707293445436,False
feature_3472,0.12493636612610812,False
feature_4370,0.12474157189586221,False
feature_2900,0.12437301901342575,False
feature_2813,0.12436659062593898,False
feature_3909,0.12407086686606533,False
feature_6205,0.1240669274825061,False
feature_3629,0.12388494833370448,False
feature_5401,0.1231100329602551,False
feature_0118,0.12307566790151955,False
feature_6126,0.12269622404055121,False
feature_3521,0.12258526525232435,False
feature_1093,0.12243066611066286,False
feature_4335,0.12169984188086051,False
feature_4133,0.12151206277997857,False
feature_2261,0.12127043301627786,False
feature_5539,0.12048272894165898,False
feature_5422,0.11989320578527776,False
feature_1489,0.11980365136479935,False
feature_2957,0.1197290517129229,False
feature_3851,0.11960510808641175,False
feature_4113,0.11926681178389821,False
feature_5418,0.11900957288213215,False
feature_3640,0.11895957203018356,False
feature_5993,0.11895169345786462,False
feature_6281,0.11863739327581153,False
feature_2989,0.1185558650486552,False
feature_4757,0.1184649825536081,False
feature_0677,0.1182412437661042,False
feature_6182,0.11791180430396025,False
feature_3110,0.11785402290955713,False
feature_3272,0.11770094846594167,False
feature_4897,0.11762858469192748,False
feature_1260,0.11754296955521504,False
feature_2291,0.11687226051952522,False
feature_5143,0.11639792682311459,False
feature_4859,0.11616923975894891,False
feature_4581,0.11598662955998143,False
feature_0008,0.11594871172357955,False
feature_0999,0.11590618911971637,False
feature_3840,0.1158381296817492,False
feature_3591,0.11581629854852923,False
feature_4174,0.11565784076697919,False
feature_4933,0.11414674031346025,False
feature_0836,0.11393367753534342,False
feature_0946,0.11392160466654432,False
feature_5150,0.11350377866127062,False
feature_4702,0.11300178418818214,False
feature_0421,0.11272253263796671,False
feature_3719,0.11265260240218479,False
feature_1849,0.11256547541326851,False
feature_3300,0.1122840930342034,False
feature_2543,0.11212297394120281,False
feature_2286,0.11206320002488457,False
feature_4901,0.11204593264332231,False
feature_3798,0.11204297916630283,False
feature_6295,0.11195114696102056,False
feature_4572,0.11191869689534367,False
feature_0569,0.11187729891346714,False
feature_5497,0.11180949092464369,False
feature_3604,0.11171875455217539,False
feature_6518,0.11171465940753057,False
feature_3824,0.11158284515809343,False
feature_2177,0.11136208201574102,False
feature_1208,0.11095193195885464,False
feature_3736,0.11077715485771031,False
feature_3799,0.11053419770955682,False
feature_6149,0.11014128387567694,False
feature_2920,0.11013186935510222,False
feature_5117,0.11007769102596915,False
feature_2341,0.10955026365174184,False
feature_1223,0.10952368381201028,False
feature_6286,0.10899543593530263,False
feature_2328,0.10864718444930874,False
feature_3146,0.10852154443646421,False
feature_4781,0.10830449335783697,False
feature_4456,0.10775563408575842,False
feature_1558,0.10762258772597712,False
feature_6305,0.10758944465325256,False
feature_1668,0.10744703574965703,False
feature_1419,0.10722451618914047,False
feature_1484,0.10700023972760243,False
feature_0995,0.10685235793384178,False
feature_4612,0.10684949301456763,False
feature_1912,0.10662711372296238,False
feature_2028,0.1061102161787464,False
feature_3412,0.10574247422783735,False
feature_5145,0.10508325755986037,False
feature_5617,0.10488221331500702,False
feature_2978,0.10470630616505411,False
feature_6042,0.10462126404541403,False
feature_2082,0.1043357457405943,False
feature_3389,0.10433276606961417,False
feature_0604,0.10380063158810052,False
feature_1927,0.10375582732344962,False
feature_2632,0.10374904078429611,False
feature_2045,0.10238049864940238,False
feature_3182,0.10234354054989839,False
feature_3393,0.10213459215153826,False
feature_5451,0.1019904015536256,False
feature_5389,0.10179345094817653,False
feature_0843,0.10160065056162072,False
feature_2021,0.10127669946317475,False
feature_2923,0.10108954712690668,False
feature_3437,0.1009436604980922,False
feature_0678,0.10077698628755127,False
feature_0353,0.100691681222028,False
feature_6519,0.100687537545252,False
feature_1619,0.09962475715021137,False
feature_0774,0.09874654170181317,False
feature_6041,0.09857925842683075,False
feature_5587,0.09833483922463773,False
feature_2551,0.09826815398158498,False
feature_2127,0.0976414280209615,False
feature_4249,0.09736782761525764,False
feature_0738,0.09710323323368074,False
feature_5579,0.09706667089550781,False
feature_0968,0.0967299717302396,False
feature_4546,0.0964379061869586,False
feature_2245,0.09632470899384987,False
feature_6411,0.0962965431431407,False
feature_2724,0.09621734258966053,False
feature_1412,0.09614434096138431,False
feature_1629,0.09613269146543665,False
feature_0497,0.09602502725264273,False
feature_2747,0.09581395739972172,False
feature_0236,0.09558886418198724,False
feature_6313,0.09544731885859357,False
feature_1611,0.09541777139390421,False
feature_3319,0.09483181001046267,False
feature_2158,0.0944264991169326,False
feature_4347,0.09392027023058998,False
feature_5839,0.09377585696195204,False
feature_5828,0.09339196224240778,False
feature_2631,0.09338471203704235,False
feature_4973,0.0927653694861604,False
feature_2601,0.09272920293174158,False
feature_0860,0.09269577941071115,False
feature_0074,0.09266395667459112,False
feature_2361,0.09235095060061235,False
feature_6136,0.09204247459780632,False
feature_2381,0.09188396242171636,False
feature_5296,0.09187496373742732,False
feature_4965,0.09186478534915285,False
feature_6463,0.0917962594982958,False
feature_4296,0.09168522560145342,False
feature_2677,0.09132832724456752,False
feature_3014,0.09129540493975849,False
feature_0254,0.09119863991883954,False
feature_1528,0.0911904914983197,False
feature_2077,0.09116817288598061,False
feature_0756,0.09100828653929065,False
feature_6352,0.09098908098011584,False
feature_0334,0.0901897767077577,False
feature_4285,0.09015316799012112,False
feature_6033,0.08943287757526072,False
feature_5009,0.08923377012779315,False
feature_0793,0.08920019644226927,False
feature_1700,0.08912927709844082,False
feature_2635,0.08869080678954368,False
feature_6227,0.0885541586599791,False
feature_4636,0.08849330358250443,False
feature_4752,0.08808994006834625,False
feature_6307,0.08778128770453876,False
feature_3081,0.08750658515063285,False
feature_2805,0.0872194328436481,False
feature_6169,0.08717858537530904,False
feature_4292,0.08666541391919437,False
feature_1557,0.08665672578217977,False
feature_6231,0.0865309665317339,False
feature_1641,0.08652101946710057,False
feature_1514,0.0863537629592737,False
feature_1833,0.08631010082668429,False
feature_1575,0.08602303994757751,False
feature_2851,0.0859011187965508,False
feature_0303,0.08582282007159532,False
feature_1615,0.08576720283068799,False
feature_0369,0.08569515838015873,False
feature_6163,0.08560304090465592,False
feature_4899,0.08557776414834023,False
feature_3500,0.08484472782364734,False
feature_3740,0.08390337700079856,False
feature_5373,0.08386186749554077,False
feature_6570,0.08376862672631612,False
feature_3864,0.0837277684051558,False
feature_0228,0.08342136027347057,False
feature_3695,0.08325287196593721,False
feature_6521,0.08311490247598613,False
feature_1881,0.0827226640132677,False
feature_0138,0.08267110273067547,False
feature_5464,0.08220562666457255,False
feature_2211,0.08181944358512808,False
feature_2741,0.08172211764826456,False
feature_3849,0.08164344719598411,False
feature_0454,0.08142324489834196,False
feature_5244,0.08111564087322258,False
feature_4750,0.081078854573659,False
feature_5593,0.08105313738331275,False
feature_1005,0.08101229510008402,False
feature_2593,0.08099539588895559,False
feature_3028,0.08078082706442903,False
feature_0666,0.0807262999955387,False
feature_5231,0.08062381800346625,False
feature_0660,0.08055765102529415,False
feature_3923,0.08050278872345817,False
feature_3871,0.08048272328182399,False
feature_1451,0.08033233059611296,False
feature_0057,0.08019439858412662,False
feature_5219,0.07971238420028148,False
feature_5742,0.07960950153834308,False
feature_5316,0.0792704881330975,False
feature_6585,0.07876410268110455,False
feature_5703,0.07876280609866262,False
feature_0268,0.07873829875096765,False
feature_0919,0.07859132704843386,False
feature_1836,0.07841383990172301,False
feature_4045,0.0782663004310198,False
feature_6527,0.07804812200660957,False
feature_5893,0.0779806678267811,False
feature_5016,0.07774356331636399,False
feature_2459,0.0773180566079191,False
feature_4085,0.07728466406190901,False
feature_5484,0.07669116356064452,False
feature_6454,0.07667658059658895,False
feature_2449,0.07656650414315727,False
feature_0815,0.07635543753351108,False
feature_1436,0.076194387315373,False
feature_0617,0.07578683211022685,False
feature_1294,0.07574787037373765,False
feature_5483,0.07563183567766293,False
feature_0189,0.07539081004335767,False
feature_3456,0.07537415189834991,False
feature_0869,0.07510689590012959,False
feature_1809,0.07466809621737883,False
feature_2655,0.07462908754198712,False
feature_6381,0.07419353251342793,False
feature_4548,0.07414686888500663,False
feature_0383,0.07409673292123432,False
feature_3124,0.07409309177699899,False
feature_4200,0.0740785155646954,False
feature_1957,0.07406821107901307,False
feature_2568,0.07403640239256888,False
feature_2721,0.07396613776206269,False
feature_5278,0.07341385561789984,False
feature_0878,0.07337660067892358,False
feature_4887,0.07285760197473765,False
feature_6009,0.0727803357677889,False
feature_2782,0.07275950218603107,False
feature_3528,0.07275309014773165,False
feature_2906,0.07214259607444315,False
feature_4066,0.07196152281598783,False
feature_3536,0.07186177005948602,False
feature_3326,0.07166955738246912,False
feature_3306,0.07163672017698497,False
feature_2331,0.07143309130355593,False
feature_4254,0.07090478103230573,False
feature_0641,0.0707605512022111,False
feature_0762,0.07035911183391003,False
feature_3265,0.07032481808856135,False
feature_2941,0.07024698118274349,False
feature_2699,0.07018070337048239,False
feature_5402,0.07008177392254432,False
feature_0183,0.06981746870321304,False
feature_5119,0.06947699208233567,False
feature_2131,0.06932159744769972,False
feature_5716,0.0691516078739973,False
feature_3561,0.06908703371298602,False
feature_4553,0.06901891166321263,False
feature_3045,0.06891912659837443,False
feature_0776,0.06883810884826623,False
feature_1741,0.06873607861496508,False
feature_4746,0.06831052854928032,False
feature_0068,0.06828841874503182,False
feature_1117,0.06793309829780361,False
feature_0322,0.06754726382429607,False
feature_2417,0.06745622875242106,False
feature_0937,0.0672716318362552,False
feature_2798,0.06681495477406017,False
feature_2465,0.06677742931095242,False
feature_1270,0.06675077173677889,False
feature_5564,0.06633056262818161,False
feature_2000,0.06628074235651578,False
feature_5290,0.06605786664420822,False
feature_5672,0.06601849173256566,False
feature_0234,0.06590968963271503,False
feature_0028,0.06584189651816837,False
feature_5674,0.06581637540755517,False
feature_2648,0.06575641828702877,False
feature_5137,0.06560815889967538,False
feature_2022,0.06557155237313775,False
feature_0186,0.065446633227287,False
feature_3185,0.0653489495969721,False
feature_4714,0.06529542203881941,False
feature_4496,0.06521459018894687,False
feature_5947,0.06518447139123691,False
feature_5602,0.06484192272792326,False
feature_4280,0.06471589462177044,False
feature_1196,0.06435371965643095,False
feature_0572,0.06433034514220874,False
feature_2201,0.06429824526695978,False
feature_6332,0.06396434916937607,False
feature_5492,0.06349103158139337,False
feature_0871,0.06345405300518125,False
feature_1650,0.0632382978995922,False
feature_0292,0.06318835569951473,False
feature_3255,0.06314457257949302,False
feature_0135,0.06304726954170725,False
feature_5172,0.0629771841429182,False
feature_6404,0.06259127964119314,False
feature_4163,0.062584743819917,False
feature_2728,0.06250907347485787,False
feature_5378,0.06234173683375211,False
feature_5690,0.06213139501255419,False
feature_3847,0.06212517142879903,False
feature_2963,0.06179284233558854,False
feature_5028,0.06177858253519306,False
feature_1534,0.0617564722060048,False
feature_3088,0.06146891067418859,False
feature_4982,0.06125668653205491,False
feature_4153,0.06114122068005749,False
feature_5953,0.06103628812725404,False
feature_1213,0.06059624086496191,False
feature_2792,0.060336697892254564,False
feature_4576,0.06021765077493545,False
feature_1962,0.06019196715680381,False
feature_2302,0.060032711506121175,False
feature_5941,0.05989336347187782,False
feature_4910,0.05985709162563667,False
feature_5046,0.05977352144792177,False
feature_0918,0.05964541220758443,False
feature_1087,0.0595457356438956,False
feature_2442,0.059413103647297696,False
feature_6188,0.05901045748724055,False
feature_5869,0.05888685117122703,False
feature_5405,0.05885682158839414,False
feature_3426,0.058566654393828355,False
feature_4653,0.05844724536321309,False
feature_4939,0.05837890122523048,False
feature_0485,0.058356799527454976,False
feature_5667,0.05832065826391166,False
feature_2901,0.05816898037920453,False
feature_3585,0.057881986365974684,False
feature_1532,0.057846398868923746,False
feature_5390,0.05747632909003278,False
feature_3304,0.0574175446839113,False
feature_5766,0.057328698051166756,False
feature_2159,0.05724680855592421,False
feature_3363,0.0572094765804095,False
feature_1462,0.05716983813816096,False
feature_5448,0.05707534015960323,False
feature_0139,0.05701433520790089,False
feature_6343,0.05695608739699905,False
feature_3177,0.056240464436085755,False
feature_4664,0.05622528870226997,False
feature_6424,0.056093096815620094,False
feature_5006,0.055984838942919356,False
feature_5694,0.05597725648462763,False
feature_4228,0.05580528541651639,False
feature_3985,0.05516258970278002,False
feature_3569,0.05500463357556681,False
feature_5421,0.05484572320486819,False
feature_3931,0.05472205854564051,False
feature_3612,0.05453462369385154,False
feature_0564,0.0543204781248155,False
feature_3691,0.054228917863321964,False
feature_0483,0.054083647414018686,False
feature_3636,0.05347148521151505,False
feature_2472,0.05329599356348317,False
feature_5407,0.053041049031150825,False
feature_5904,0.05297308320126587,False
feature_1866,0.05297294224920207,False
feature_2921,0.052928563641445076,False
feature_3337,0.05285591272587672,False
feature_4525,0.05280930146887425,False
feature_3458,0.05266897868320725,False
feature_0370,0.052359770243480035,False
feature_4304,0.05230799856903181,False
feature_1392,0.05228857576698333,False
feature_0882,0.0522610039098836,False
feature_4834,0.05223903221894708,False
feature_3152,0.05205625710959879,False
feature_2079,0.05204665869249748,False
feature_4978,0.0519587620258373,False
feature_6491,0.051852969703672376,False
feature_2002,0.051736003556949406,False
feature_3201,0.05091382788851725,False
feature_6303,0.05085323093159145,False
feature_0625,0.05069290046429819,False
feature_1945,0.05061233191392694,False
feature_2138,0.0505303535521036,False
feature_0834,0.05036176441207353,False
feature_0390,0.050318970231587073,False
feature_4150,0.05021761335603907,False
feature_5832,0.050214186753163456,False
feature_3424,0.050116833388620115,False
feature_5721,0.050068337397657786,False
feature_6167,0.04970211914394492,False
feature_6509,0.049632478591226,False
feature_0101,0.049443090880619794,False
feature_6061,0.04912404948263363,False
feature_6435,0.049110371998948,False
feature_0394,0.04906739778971807,False
feature_2059,0.048854918069014895,False
feature_1973,0.04856136064139715,False
feature_3878,0.048447443347984925,False
feature_1637,0.048351663669729456,False
feature_6563,0.04830269289255308,False
feature_0771,0.048065700732649166,False
feature_4172,0.047986237598263336,False
feature_4472,0.04788678494237997,False
feature_1964,0.047618515886831685,False
feature_5476,0.04745210845904805,False
feature_2210,0.047150849834331474,False
feature_1138,0.047046908260603384,False
feature_3125,0.04703486245141802,False
feature_5288,0.04684287971883768,False
feature_2347,0.04663274145617813,False
feature_4105,0.04647480163407169,False
feature_3863,0.046461345516463304,False
feature_4724,0.046391511547536075,False
feature_1246,0.0461127324482302,False
feature_0939,0.046022091773944285,False
feature_3993,0.045610883422917636,False
feature_1774,0.045410832798164914,False
feature_4839,0.04534329949262358,False
feature_3523,0.04528519543853972,False
feature_0562,0.04526793863505451,False
feature_2535,0.045247721685351454,False
feature_1831,0.044432637888804465,False
feature_6402,0.04439339774546852,False
feature_3003,0.04414650743255016,False
feature_6186,0.04413838776954002,False
feature_0801,0.044069645169057176,False
feature_5582,0.04402949586677157,False
feature_4099,0.04391576408049868,False
feature_2674,0.04389166038438067,False
feature_3383,0.04388685818559909,False
feature_2095,0.043866682379995955,False
feature_5842,0.043855857333360206,False
feature_6195,0.043794644310912394,False
feature_2944,0.04366315491064446,False
feature_6401,0.043618389463605134,False
feature_6310,0.04349555243347335,False
feature_5747,0.04334215762845342,False
feature_6148,0.04323997924362396,False
feature_5197,0.04305915009479092,False
feature_5862,0.042966875525285865,False
feature_5618,0.042834611081365534,False
feature_0312,0.042178634690687576,False
feature_3712,0.0420800477925443,False
feature_4164,0.04203950553542533,False
feature_2229,0.041682862924925575,False
feature_6468,0.041659633426055574,False
feature_6400,0.041516356879458316,False
feature_4918,0.041497318367780825,False
feature_1630,0.041446758170666564,False
feature_0899,0.04123916603889589,False
feature_3924,0.0411719606547954,False
feature_4613,0.04086174490015667,False
feature_1434,0.04085945743673529,False
feature_1148,0.04080662805068256,False
feature_4880,0.04078199078974129,False
feature_6063,0.040781541987565756,False
feature_0441,0.04064038576963132,False
feature_5240,0.0405601317489676,False
feature_2080,0.04014489731602584,False
feature_0769,0.040136351889960016,False
feature_1450,0.04001065560271301,False
feature_2803,0.03989364884642279,False
feature_1645,0.039816691958397814,False
feature_0581,0.03981525518614474,False
feature_6146,0.039724638716817605,False
feature_2602,0.03963570631690314,False
feature_5115,0.03957463984755091,False
feature_1825,0.039201418545917834,False
feature_5573,0.03911770978423027,False
feature_3222,0.03904195191831358,False
feature_1146,0.03885326188239217,False
feature_6142,0.0388081316027464,False
feature_4454,0.03875585021560343,False
feature_4083,0.03860083415559594,False
feature_5490,0.03835950161033064,False
feature_3943,0.03822610431405467,False
feature_2244,0.03815579629541132,False
feature_4871,0.038102790143065286,False
feature_0605,0.0380631221210802,False
feature_1241,0.03787466917146452,False
feature_3627,0.03778447554424739,False
feature_1046,0.03758780008797786,False
feature_5023,0.03756452608879896,False
feature_2349,0.037528136476235076,False
feature_2861,0.03731602197127919,False
feature_6568,0.03727373307674484,False
feature_3672,0.03712286502989019,False
feature_5456,0.037041560858546235,False
feature_2573,0.036922003789057634,False
feature_5708,0.03672736473586394,False
feature_1391,0.03661411478260966,False
feature_1056,0.036363794297312756,False
feature_3022,0.0363211926860502,False
feature_6191,0.036255706267615095,False
feature_2712,0.03610721025590453,False
feature_5608,0.035871514920874266,False
feature_1883,0.03584792038542047,False
feature_0636,0.03573174534208339,False
feature_6482,0.03555053312631207,False
feature_5988,0.03544981430483931,False
feature_3413,0.03513558290805706,False
feature_3460,0.03500350965763459,False
feature_1277,0.03475386296705755,False
feature_3781,0.034653114777903254,False
feature_3093,0.03461568847685016,False
feature_4384,0.034543573622734115,False
feature_1083,0.03449745929636801,False
feature_2977,0.03446103526568519,False
feature_2591,0.034451794418104746,False
feature_4476,0.03438866320614497,False
feature_0170,0.03430282731891406,False
feature_3511,0.03428767548006693,False
feature_6160,0.03420404763454944,False
feature_2366,0.034063624934571324,False
feature_6539,0.03371000987251322,False
feature_3505,0.033625835606548124,False
feature_1853,0.03359663760965465,False
feature_5978,0.033417234245479224,False
feature_0681,0.033365065260067085,False
feature_2478,0.0332868428146256,False
feature_4236,0.03302574918657233,False
feature_4516,0.03278620245941567,False
feature_4459,0.0327115841637316,False
feature_2195,0.032596653552446786,False
feature_1590,0.032011466926099186,False
feature_2528,0.03199792450820061,False
feature_5283,0.03186709594839386,False
feature_4038,0.03176501153684598,False
feature_2537,0.03164813280306788,False
feature_5205,0.031593144627367946,False
feature_0555,0.03155788488192578,False
feature_1581,0.03143104697754308,False
feature_4710,0.031296810174842475,False
feature_3748,0.03094974211536308,False
feature_0489,0.03071914079794971,False
feature_4849,0.0305254251201688,False
feature_2940,0.03042379882081932,False
feature_0810,0.030295615298206065,False
feature_4223,0.030060719110226432,False
feature_3218,0.030046220565190646,False
feature_2797,0.029810304648787183,False
feature_3325,0.029808215104768707,False
feature_3661,0.029696267613909234,False
feature_2606,0.029485315986135872,False
feature_0824,0.02948117622494626,False
feature_4510,0.02937649062183558,False
feature_0422,0.029355758261207895,False
feature_5248,0.029274759336796765,False
feature_2702,0.029241451856035546,False
feature_1538,0.029170885657616753,False
feature_3391,0.02901529452920469,False
feature_5110,0.028894611138231725,False
feature_2163,0.02862062422321802,False
feature_3254,0.028390716512640718,False
feature_2826,0.028220820911004005,False
feature_3415,0.028091963217742363,False
feature_3210,0.028008843951648408,False
feature_6456,0.027535188505417252,False
feature_0714,0.027414468546954323,False
feature_6268,0.02721134968235725,False
feature_1258,0.02720158449844597,False
feature_0510,0.027173153518189885,False
feature_3370,0.02712136120858665,False
feature_4905,0.027021082431011208,False
feature_6210,0.02697709017074174,False
feature_2362,0.026877501396657337,False
feature_5731,0.026827694524939754,False
feature_3894,0.026790127664384183,False
feature_3142,0.02666385681081254,False
feature_1556,0.02665831082122481,False
feature_2200,0.026588660787755576,False
feature_2585,0.02643422766997039,False
feature_4354,0.026289397493940048,False
feature_2660,0.025942591060277406,False
feature_4657,0.025789429242881235,False
feature_0474,0.025750203613437658,False
feature_6578,0.025559813171922744,False
feature_5522,0.025098181683427343,False
feature_4948,0.02493960242201992,False
feature_2504,0.02459214951655425,False
feature_1682,0.024420744718439923,False
feature_2051,0.02428422361375896,False
feature_2545,0.0241338928801323,False
feature_1689,0.024060086132717578,False
feature_4994,0.023968690572576504,False
feature_1677,0.023843908340278882,False
feature_3915,0.023829556461564386,False
feature_0833,0.02375700737439428,False
feature_4084,0.023635659566812184,False
feature_4911,0.02359834376492552,False
feature_0193,0.02355507351459329,False
feature_6359,0.023539786841830702,False
feature_3600,0.023508679495829594,False
feature_0031,0.02331937861501104,False
feature_2084,0.02329108552267733,False
feature_2145,0.023233069693084422,False
feature_2438,0.023165129495719996,False
feature_2576,0.02301819235728767,False
feature_2531,0.022912986234744928,False
feature_5768,0.022893209975558312,False
feature_5019,0.02267905531291554,False
feature_0161,0.022573776962699906,False
feature_1544,0.022454345054117177,False
feature_3174,0.022372516133222137,False
feature_4643,0.022213120161459564,False
feature_0501,0.02218849088558276,False
feature_2307,0.022119364462037654,False
feature_2661,0.022113743537942376,False
feature_1189,0.021922689800162806,False
feature_4095,0.02190054330655156,False
feature_2726,0.021564546960407938,False
feature_4890,0.021426754374000215,False
feature_1725,0.021420327008890745,False
feature_1665,0.021274367850241456,False
feature_5686,0.02126197483528872,False
feature_1396,0.02126075044006075,False
feature_2149,0.02115366254991871,False
feature_6218,0.021124899936920342,False
feature_3017,0.021120767238489293,False
feature_0122,0.021053669474286444,False
feature_6346,0.020922187567723,False
feature_3074,0.020904125481673048,False
feature_4473,0.020747693251348037,False
feature_3478,0.020520821375875988,False
feature_2898,0.020359031265172252,False
feature_2046,0.020335249946391572,False
feature_3270,0.02032068083731846,False
feature_2883,0.020300282658678594,False
feature_0628,0.020195880374799254,False
feature_1970,0.020082408021792245,False
feature_1468,0.019672773756702025,False
feature_0541,0.019429269734324545,False
feature_1406,0.019385465210685564,False
feature_5567,0.01936922711186751,False
feature_3668,0.019265700972125693,False
feature_2665,0.019231793659563783,False
feature_3105,0.019166945893599827,False
feature_6460,0.019085844963562172,False
feature_4532,0.01905923350421594,False
feature_3754,0.019026691242180552,False
feature_5980,0.018769574983560716,False
feature_5333,0.01869091186578069,False
feature_3782,0.0186454491874863,False
feature_6052,0.01853013611629425,False
feature_1170,0.018495868872920228,False
feature_5496,0.018409476374749156,False
feature_2795,0.01840789939900904,False
feature_4248,0.018298027410021317,False
feature_0196,0.018264180004744522,False
feature_5132,0.018200178616142898,False
feature_0226,0.018157502427213347,False
feature_5954,0.01801133411683836,False
feature_1998,0.018007399960859663,False
feature_5847,0.018001303586821577,False
feature_5519,0.017980157882333522,False
feature_2895,0.01791681205634564,False
feature_2250,0.017914132954766945,False
feature_0506,0.017254673922900414,False
feature_0235,0.017231694565175374,False
feature_4416,0.01718077174787645,False
feature_4851,0.01704502666580076,False
feature_5158,0.016975072637893593,False
feature_0015,0.01697497909019042,False
feature_5527,0.016971254690345015,False
feature_4761,0.016923217726987124,False
feature_0747,0.01680267760050583,False
feature_1381,0.016755500821711053,False
feature_0924,0.01675151171027147,False
feature_0411,0.016538476744739777,False
feature_6189,0.016513904800272056,False
feature_5769,0.016458766297061618,False
feature_0091,0.016369579904693843,False
feature_5734,0.016283359869055023,False
feature_5514,0.015801682292585616,False
feature_5646,0.015696994765631134,False
feature_0442,0.015276355546587227,False
feature_5045,0.015275570879401918,False
feature_5815,0.01523333786511973,False
feature_2654,0.01518108631646506,False
feature_5341,0.01510693508886209,False
feature_4807,0.015090841098562758,False
feature_3928,0.014962429289686866,False
feature_0974,0.01472778627983712,False
feature_4412,0.0146806246307642,False
feature_2443,0.014495285938338666,False
feature_4052,0.014216314275667602,False
feature_6326,0.014147936331404598,False
feature_4216,0.014130635763755332,False
feature_4014,0.014120631405288419,False
feature_0379,0.014042153780904785,False
feature_1455,0.014017865684999997,False
feature_2175,0.01395932345459871,False
feature_5535,0.01381274550576333,False
feature_0350,0.013698749475334197,False
feature_1972,0.013657150546093913,False
feature_4181,0.013537907585600976,False
feature_4087,0.013519363979542764,False
feature_5860,0.013491795402403223,False
feature_6511,0.013392810274403918,False
feature_3305,0.013356713337663856,False
feature_2552,0.013352359525192531,False
feature_3796,0.013253944315402087,False
feature_0725,0.013228100935612736,False
feature_5491,0.013153020575131253,False
feature_1099,0.013058574005386675,False
feature_4810,0.013045422846702253,False
feature_3052,0.012838678715988544,False
feature_1267,0.012817243050630686,False
feature_2800,0.012614804457022344,False
feature_3098,0.012595003368196555,False
feature_1257,0.012533613184088806,False
feature_3194,0.012507327622631332,False
feature_0123,0.012497497675643043,False
feature_0104,0.012460927458697082,False
feature_5791,0.012458100653062108,False
feature_4514,0.01235555487812182,False
feature_6248,0.01230590780475658,False
feature_0316,0.012304975282715024,False
feature_4073,0.012233149632364123,False
feature_5108,0.012133949859685036,False
feature_4109,0.012063929114404742,False
feature_4337,0.012016350217422906,False
feature_2486,0.011947539258733477,False
feature_4470,0.01191122208141752,False
feature_2318,0.011729906371109178,False
feature_2922,0.011702926422240374,False
feature_1463,0.011639956390499437,False
feature_1105,0.011609244736805642,False
feature_4180,0.01138900778475436,False
feature_2188,0.011321419751956203,False
feature_4408,0.011219369519542822,False
feature_2842,0.010926570651571873,False
feature_4560,0.010922490111481423,False
feature_6083,0.010721647477333958,False
feature_6339,0.010644556944570036,False
feature_3192,0.01057659969424837,False
feature_3486,0.01047094181491113,False
feature_4193,0.010462460442953195,False
feature_1916,0.010445633272772684,False
feature_1781,0.01043701102738786,False
feature_0792,0.01040741252476464,False
feature_1307,0.010366593419216615,False
feature_6312,0.010294377494168271,False
feature_3659,0.010243252611825073,False
feature_2679,0.0101977210988543,False
feature_4861,0.010184181890357838,False
feature_0945,0.010105012822279517,False
feature_2499,0.009870868035104775,False
feature_3186,0.009862471566156977,False
feature_0085,0.009722414364279546,False
feature_1771,0.009677823331390686,False
feature_1676,0.00957489024577555,False
feature_5038,0.009473304502652807,False
feature_3494,0.009419194848821054,False
feature_2562,0.009391489612258318,False
feature_5977,0.009388568370958859,False
feature_2240,0.009383045962314217,False
feature_1547,0.009131038196583844,False
feature_1107,0.008951485695938637,False
feature_5983,0.008889297251153769,False
feature_2160,0.008878884034181895,False
feature_1031,0.00871591852515705,False
feature_5488,0.008630905784599772,False
feature_3050,0.008628402780411873,False
feature_5050,0.008599541018333637,False
feature_4723,0.008594218369413894,False
feature_3558,0.00858231205928853,False
feature_5517,0.008563099205576402,False
feature_3357,0.008519005152857202,False
feature_4593,0.008432072771527651,False
feature_2495,0.0083893517436151,False
feature_5037,0.00823499984045965,False
feature_0550,0.008180391256946981,False
feature_6382,0.008081787898235198,False
feature_5583,0.007987421297366067,False
feature_6499,0.00798249634019123,False
feature_5942,0.00796250268100023,False
feature_3237,0.007853427712477516,False
feature_2707,0.007774584820582969,False
feature_3963,0.007760056395303501,False
feature_1470,0.0077537973164384455,False
feature_3616,0.0077167713628544824,False
feature_6034,0.00764531148100987,False
feature_4266,0.007580492438132432,False
feature_0989,0.007510793149897417,False
feature_3703,0.007484404500986899,False
feature_5276,0.007437011216561761,False
feature_4784,0.00740176779618686,False
feature_2508,0.00739051260462556,False
feature_2688,0.007359045782355526,False
feature_0929,0.007333925427115695,False
feature_5663,0.007310740395502031,False
feature_2657,0.007261549099671264,False
feature_3757,0.007250906685228392,False
feature_4549,0.007222397284112395,False
feature_3938,0.00717443858464025,False
feature_3428,0.007104723344595391,False
feature_0178,0.007005245709829,False
feature_5774,0.00685602357366837,False
feature_0127,0.006819829006445946,False
feature_2058,0.006794261543496194,False
feature_5636,0.00677706057936941,False
feature_2710,0.006745397274697037,False
feature_2732,0.006712073623634155,False
feature_5853,0.006603690024953334,False
feature_4247,0.006588741501372138,False
feature_3465,0.006548405933407191,False
feature_5424,0.006491756167053076,False
feature_3310,0.006484877843993212,False
feature_5799,0.006463183336872956,False
feature_5641,0.006395924882085594,False
feature_6461,0.006390966275751036,False
feature_5133,0.0063877029767865695,False
feature_0469,0.006329335283531553,False
feature_2595,0.006317637846495237,False
feature_4434,0.006197031864105783,False
feature_4016,0.0061327361334590665,False
feature_2973,0.006035599505400464,False
feature_1161,0.005980113127031415,False
feature_4789,0.005900289234242122,False
feature_6441,0.005757836866967091,False
feature_0343,0.005677406667199726,False
feature_3280,0.005591985667895374,False
feature_4417,0.0055874115935141576,False
feature_3516,0.00555527217931574,False
feature_5338,0.005528262021492752,False
feature_1169,0.005486777966555291,False
feature_4996,0.0053629939306620395,False
feature_4369,0.0053625331247664845,False
feature_6081,0.005315060384479981,False
feature_0735,0.0052151122682174665,False
feature_6299,0.005113150874397126,False
feature_5057,0.0050779407607770685,False
feature_3592,0.005061541515800015,False
feature_2104,0.00486855609996569,False
feature_1091,0.004844787051754237,False
feature_4050,0.004837796296224515,False
feature_0609,0.0047960768470031445,False
feature_4908,0.004746122711929903,False
feature_4331,0.00466771422069052,False
feature_2982,0.004590491365025979,False
feature_5264,0.0045707168700129565,False
feature_1696,0.004340074831302441,False
feature_4511,0.004259179882413373,False
feature_5822,0.004231349077185199,False
feature_5064,0.004214161461234582,False
feature_5353,0.00419083110951253,False
feature_3236,0.004039981983078819,False
feature_4131,0.003958331428377659,False
feature_5604,0.003934920296626628,False
feature_1405,0.0038454020893405904,False
feature_4278,0.003810875285408479,False
feature_1402,0.003806947220993536,False
feature_2807,0.003741799002160955,False
feature_2284,0.0037241134208193826,False
feature_6080,0.0037233496260441956,False
feature_5951,0.003700333467050965,False
feature_6556,0.0036911309376721746,False
feature_0246,0.003634200116570427,False
feature_6082,0.0036191359605916764,False
feature_5235,0.003477733497086826,False
feature_1173,0.0033323077919764016,False
feature_6388,0.0032866849115917073,False
feature_3034,0.0032534466678517055,False
feature_3687,0.003246838038118572,False
feature_0450,0.003217292621051896,False
feature_6209,0.0031897209994585494,False
feature_1750,0.0031790392148273072,False
feature_2783,0.0031670742804944937,False
feature_2846,0.0031317735901424826,False
feature_1136,0.0031112603221341946,False
feature_1686,0.0030895809398493205,False
feature_4206,0.0030799959805172007,False
feature_1614,0.00304063346258548,False
feature_3716,0.0030386031827341112,False
feature_0391,0.002983916135083047,False
feature_6387,0.0029779912378870657,False
feature_1863,0.002974343445189703,False
feature_1352,0.0029044377827235754,False
feature_0151,0.0029014860382011367,False
feature_4601,0.0028917839644946822,False
feature_5794,0.002873465317742652,False
feature_2215,0.0028326865871511424,False
feature_3295,0.0028024485070248352,False
feature_5211,0.0027941432179636127,False
feature_2764,0.002740526286345618,False
feature_0059,0.0027170359753750477,False
feature_1097,0.0026996295790425325,False
feature_6263,0.002657787969477065,False
feature_3217,0.002602085532697055,False
feature_3450,0.002540989625206921,False
feature_3352,0.0025346106394106447,False
feature_5501,0.002477662575881619,False
feature_4644,0.002422491811775181,False
feature_0638,0.0023940590518343927,False
feature_0267,0.0023873601268289144,False
feature_0841,0.0023543446579696843,False
feature_6323,0.0022738439226467734,False
feature_5997,0.002241146410063609,False
feature_5630,0.0021943018372128343,False
feature_1181,0.0021340590588056155,False
feature_3826,0.0021303005245135033,False
feature_5865,0.0021292563555359526,False
feature_0571,0.0021081959422113374,False
feature_1524,0.0020197103342732407,False
feature_6050,0.002013550484974198,False
feature_6458,0.001973513972499128,False
feature_4491,0.0019701431250974464,False
feature_4817,0.0018751008827155463,False
feature_5950,0.0018374750292126294,False
feature_5223,0.0018257385790219675,False
feature_2739,0.001814056721188771,False
feature_2574,0.001801844746275163,False
feature_5876,0.0017487577900325206,False
feature_1820,0.0017386457792931752,False
feature_3821,0.0017339154638851154,False
feature_4136,0.0017125131789963214,False
feature_6168,0.0017057163099916868,False
feature_4156,0.0016939220896175981,False
feature_5250,0.0016805428776301226,False
feature_3141,0.001676930914526213,False
feature_3603,0.0016548077357569386,False
feature_5075,0.001612963664799216,False
feature_3473,0.0015936322537342224,False
feature_1254,0.0015621382591314327,False
feature_4898,0.0015581340178581358,False
feature_3417,0.0015152781741376669,False
feature_2015,0.0014805238374608078,False
feature_6213,0.0014578414205770698,False
feature_0356,0.001427954837349008,False
feature_5585,0.0014096957319068707,False
feature_4570,0.001370029621127079,False
feature_1859,0.0013592655879013091,False
feature_3190,0.0013503837470002001,False
feature_1441,0.0013503119085473676,False
feature_6296,0.0013421157597493202,False
feature_4701,0.001330636054693315,False
feature_1679,0.0013117635044843784,False
feature_5399,0.0012952266593060232,False
feature_1126,0.0012492997971538873,False
feature_3215,0.00120007478014113,False
feature_0804,0.0011473885247024389,False
feature_1282,0.00114256920296437,False
feature_6376,0.0011390975830846877,False
feature_0060,0.0011176073426569797,False
feature_0222,0.0010919319014684303,False
feature_3956,0.0010462656379457197,False
feature_4353,0.001043296700452631,False
feature_0045,0.001023415354497732,False
feature_5319,0.0010189186159088753,False
feature_3009,0.0010171955980897867,False
feature_6000,0.0009950549733012347,False
feature_6053,0.000988849991097624,False
feature_3018,0.000970830546628706,False
feature_4239,0.0009444993777315024,False
feature_1235,0.0008982697709665506,False
feature_2729,0.0008918273530355083,False
feature_3749,0.0008832551982320845,False
feature_5843,0.0008593517992108727,False
feature_3547,0.000827820016333002,False
feature_5711,0.0008015240889867595,False
feature_1006,0.0007994972124056725,False
feature_5560,0.0007994945780679654,False
feature_5472,0.000777528333039128,False
feature_4608,0.0007682828125219992,False
feature_2619,0.0007512466094557151,False
feature_1430,0.0006814693684551498,False
feature_4689,0.0006757908737616367,False
feature_4048,0.0006557088437805651,False
feature_3474,0.0006457174076868389,False
feature_2814,0.0005989358442856288,False
feature_5732,0.0005752382701352962,False
feature_2694,0.0005598192053963373,False
feature_1095,0.0005385788033158274,False
feature_2384,0.0005372379954666382,False
feature_5729,0.000527525464874916,False
feature_3662,0.0004992125657527995,False
feature_5572,0.0004977420703592117,False
feature_2804,0.00048151026772935604,False
feature_2523,0.00042647794006476326,False
feature_0904,0.0004117786434797472,False
feature_2719,0.0004106482825942072,False
feature_1351,0.0003947633272366052,False
feature_2168,0.0003898700860880969,False
feature_1872,0.0003827465512103014,False
feature_0790,0.00037989398756808315,False
feature_4820,0.00035367527577188977,False
feature_2344,0.00034882121084779596,False
feature_0764,0.0003189680215542433,False
feature_1878,0.0003047832414244986,False
feature_4561,0.00027925417351715745,False
feature_4538,0.00026942480480941723,False
feature_2785,0.0002647976707547292,False
feature_5905,0.0002379168221222532,False
feature_3108,0.00023782288835591991,False
feature_1569,0.0002373479608989802,False
feature_2380,0.0002348937063665673,False
feature_3595,0.00023392533310364125,False
feature_5871,0.00021678837669182472,False
feature_1937,0.0002127695513845894,False
feature_3206,0.00021054116410956094,False
feature_4889,0.00016426444508644574,False
feature_3903,0.0001384671068794145,False
feature_4957,0.0001299614085080104,False
feature_5210,0.00012668391531831598,False
feature_4379,0.00012518687849485572,False
feature_0897,0.00011625694246659615,False
feature_6107,9.204188117496094e-05,False
feature_4494,8.797706244973936e-05,False
feature_6367,8.542771560360665e-05,False
feature_3274,8.423565532781282e-05,False
feature_1903,7.144824129788988e-05,False
feature_0653,6.459614387924415e-05,False
feature_6541,6.29217124871774e-05,False
feature_0482,6.017610606299875e-05,False
feature_1530,5.3406130907383596e-05,False
feature_4358,4.7290336383062026e-05,False
feature_6536,4.15149421115215e-05,False
feature_1361,3.647641855446446e-05,False
feature_2422,2.5086898237127907e-05,False
feature_3094,1.971673500784449e-05,False
feature_6026,1.6172326315531962e-05,False
feature_5129,1.5857748785228054e-05,False
feature_4033,1.2769447449141042e-05,False
feature_1214,1.1190831657416509e-05,False
feature_0590,9.385300159669903e-06,False
feature_0864,1.3417375737084544e-06,False
feature_4537,4.719049505677555e-07,False
feature_0418,4.2204757608447544e-07,False
feature_4275,2.0978032530657958e-07,False
feature_0610,4.253550912286709e-08,False
feature_3649,6.634391410365325e-09,False
feature_0467,6.492974893139145e-11,False
